régionCNC,N° auto,nom,région administrative,adresse,code INSEE,commune,population de la commune,DEP,N°UU,unité urbaine,population unité urbaine,situation géographique,écrans,fauteuils,semaines d'activité,séances,entrées 2024,entrées 2023,évolution entrées,tranche d'entrées,propriétaire,AE,catégorie Art et Essai,label Art et Essai,genre,multiplexe,zone de la commune,nombre de films programmés,nombre de films inédits,nombre de films en semaine 1,PdM en entrées des films français,PdM en entrées des films américains,PdM en entrées des films européens,PdM en entrées des autres films,films Art et Essai,part des séances de films Art et Essai,PdM en entrées des films Art et Essai,latitude,longitude
1,31,UGC NORMANDIE,ILE-DE-FRANCE,116 AVENUE DES CHAMPS ELYSEES,75108,Paris 8e Arrondissement,36218,75,00851,Paris,10947378,01-Paris,4,1533,25,2537,82854,166625,-50.3,De 80 à 100 000 entrées,UGC,NON,NON,,FIXE,NON,C,127,39,30,18.5,42.0,27.9,11.6,58,32.6,34.4,48.872265,2.300938
1,35,BALZAC,ILE-DE-FRANCE,1 RUE BALZAC,75108,Paris 8e Arrondissement,36218,75,00851,Paris,10947378,01-Paris,3,589,50,4807,94257,101748,-7.4,De 80 à 100 000 entrées,,OUI,A,RD,FIXE,NON,C,222,94,64,57.9,16.6,15.5,10.0,188,96.7,93.2,48.872431,2.299525
1,55,ELYSEES LINCOLN,ILE-DE-FRANCE,14 RUE LINCOLN,75108,Paris 8e Arrondissement,36218,75,00851,Paris,10947378,01-Paris,3,448,50,4333,37693,40325,-6.5,De 30 à 40 000 entrées,,OUI,A,RDJP,FIXE,NON,C,186,99,73,67.5,9.7,12.8,9.9,124,91.7,85.0,48.870512,2.303157
1,204, UGC OPERA,ILE-DE-FRANCE,32 BD DES ITALIENS,75109,Paris 9e Arrondissement,60784,75,00851,Paris,10947378,01-Paris,4,722,53,6193,140291,122918,14.1,De 100 à 150 000 entrées,UGC,NON,NON,,FIXE,NON,C,113,64,61,53.5,25.3,19.1,2.2,68,47.7,43.4,48.871332,2.335302
1,301,MAX LINDER,ILE-DE-FRANCE,24 BD POISSONNIERE,75109,Paris 9e Arrondissement,60784,75,00851,Paris,10947378,01-Paris,1,591,53,1557,100666,94613,6.4,De 100 à 150 000 entrées,,OUI,A,PR,FIXE,NON,C,225,32,17,17.4,45.2,24.8,12.6,146,69.5,54.4,48.871363,2.344886
1,311,GRAND REX,ILE-DE-FRANCE,5 BD POISSONNIERE,75102,Paris 2e Arrondissement,21277,75,00851,Paris,10947378,01-Paris,7,4274,53,9693,645954,691125,-6.5,De 450 à 700 000 entrées,,NON,NON,,FIXE,NON,C,298,119,108,14.3,66.7,14.0,5.0,73,6.6,4.9,48.86872,2.347608
1,321,PATHE OPERA,ILE-DE-FRANCE,32 RUE LOUIS LEGRAND,75102,Paris 2e Arrondissement,21277,75,00851,Paris,10947378,01-Paris,6,1126,28,4489,139275,271989,-48.8,De 100 à 150 000 entrées,CINEMAS PATHE,NON,NON,,FIXE,NON,C,91,63,54,28.0,41.2,27.1,3.7,48,45.6,35.4,48.870632,2.334338
1,451,UGC MONTPARNASSE,ILE-DE-FRANCE,83 BD DU MONTPARNASSE,75106,Paris 6e Arrondissement,40452,75,00851,Paris,10947378,01-Paris,7,1490,53,11314,324787,316547,2.6,De 300 à 450 000 entrées,UGC,NON,NON,,FIXE,NON,C,181,112,102,43.2,35.8,19.5,1.5,79,28.5,28.4,48.84351,2.325646
1,481,PATHE PARNASSE,ILE-DE-FRANCE,3 RUE D'ODESSA,75114,Paris 14e Arrondissement,134926,75,00851,Paris,10947378,01-Paris,15,1559,53,29341,410796,472926,-13.1,De 300 à 450 000 entrées,CINEMAS PATHE,NON,NON,,FIXE,OUI,C,299,220,171,31.8,45.0,19.4,3.8,102,21.0,16.9,48.843074,2.324424
1,483,ENTREPOT,ILE-DE-FRANCE,7 ET 9 RUE FRANCIS DE PRESSENSE,75114,Paris 14e Arrondissement,134926,75,00851,Paris,10947378,01-Paris,3,268,53,4860,59173,54129,9.3,De 50 à 80 000 entrées,,OUI,A,RDJPPR,FIXE,NON,C,365,171,16,55.2,9.8,19.9,15.1,298,92.4,88.6,48.83393,2.31652
1,531,MK2 BEAUBOURG,ILE-DE-FRANCE,50 RUE RAMBUTEAU,75103,Paris 3e Arrondissement,33651,75,00851,Paris,10947378,01-Paris,6,557,53,12616,281328,279236,0.7,De 200 à 300 000 entrées,MK2,OUI,A,RDPR,FIXE,NON,C,295,117,95,54.5,15.6,16.3,13.7,211,96.8,94.4,48.861555,2.352217
1,612,UGC Ciné Cité MAILLOT,ILE-DE-FRANCE,PALAIS CONGRES PL PORTE MAILLOT,75117,Paris 17e Arrondissement,167765,75,00851,Paris,10947378,01-Paris,12,1142,53,22102,363659,294283,23.6,De 300 à 450 000 entrées,UGC,NON,NON,,FIXE,OUI,C,346,209,199,57.0,24.0,16.5,2.5,214,49.6,42.8,48.878512,2.282965
1,721,MK2 ODEON COTE SAINT-MICHEL,ILE-DE-FRANCE,7 RUE HAUTEFEUILLE,75106,Paris 6e Arrondissement,40452,75,00851,Paris,10947378,01-Paris,4,510,53,7260,142591,125492,13.6,De 100 à 150 000 entrées,MK2,OUI,A,RD,FIXE,NON,C,177,117,45,66.0,9.9,19.8,4.3,133,83.8,84.1,48.852188,2.342788
1,731,MK2 ODEON COTE SAINT-GERMAIN,ILE-DE-FRANCE,113 BD ST GERMAIN,75106,Paris 6e Arrondissement,40452,75,00851,Paris,10947378,01-Paris,5,678,53,9085,233647,223641,4.5,De 200 à 300 000 entrées,MK2,NON,NON,,FIXE,NON,C,121,112,108,50.5,29.3,18.0,2.2,85,64.9,61.8,48.852437,2.338266
1,733,STUDIO GALANDE,ILE-DE-FRANCE,42 RUE GALANDE,75105,Paris 5e Arrondissement,58050,75,00851,Paris,10947378,01-Paris,1,97,52,767,12197,13428,-9.2,De 10 à 20 000 entrées,,OUI,A,,FIXE,NON,C,248,97,6,29.9,8.3,56.2,5.6,179,77.2,86.4,48.851619,2.347076
1,741,LES 3 LUXEMBOURG,ILE-DE-FRANCE,67 69 RUE MONSIEUR LE PRINCE,75106,Paris 6e Arrondissement,40452,75,00851,Paris,10947378,01-Paris,3,334,53,5183,78041,72112,8.2,De 50 à 80 000 entrées,,OUI,A,RDJPPR,FIXE,NON,C,300,96,25,54.9,14.5,22.4,8.3,270,95.2,93.5,48.84824,2.340797
1,751,SAINT ANDRE DES ARTS,ILE-DE-FRANCE,30 RUE ST ANDRE DES ARTS,75106,Paris 6e Arrondissement,40452,75,00851,Paris,10947378,01-Paris,3,510,53,5343,65391,56190,16.4,De 50 à 80 000 entrées,,OUI,A,RDPR,FIXE,NON,C,429,136,68,59.7,16.6,15.4,8.3,314,84.2,72.9,48.853361,2.34211
1,801,MK2 PARNASSE,ILE-DE-FRANCE,11 RUE JULES CHAPLAIN,75106,Paris 6e Arrondissement,40452,75,00851,Paris,10947378,01-Paris,3,250,53,5240,61809,56586,9.2,De 50 à 80 000 entrées,MK2,OUI,A,RDJPPR,FIXE,NON,C,133,110,2,54.6,14.0,17.4,14.0,119,88.1,86.8,48.842813,2.330525
1,802,UGC ROTONDE,ILE-DE-FRANCE,103 BD DU MONTPARNASSE,75106,Paris 6e Arrondissement,40452,75,00851,Paris,10947378,01-Paris,3,467,53,4251,77114,73328,5.2,De 50 à 80 000 entrées,UGC,NON,NON,,FIXE,NON,C,110,64,56,67.3,4.0,26.0,2.7,87,72.3,61.6,48.842318,2.328975
1,814,LUCERNAIRE FORUM,ILE-DE-FRANCE,53 RUE NOTRE DAME DES CHAMPS,75106,Paris 6e Arrondissement,40452,75,00851,Paris,10947378,01-Paris,3,148,42,4146,36395,42230,-13.8,De 30 à 40 000 entrées,,OUI,A,RDJPPR,FIXE,NON,C,240,157,14,57.9,15.3,16.2,10.7,227,95.3,91.7,48.844244,2.330407
1,821,PARNASSIEN,ILE-DE-FRANCE,98 BD DU MONTPARNASSE,75114,Paris 14e Arrondissement,134926,75,00851,Paris,10947378,01-Paris,7,842,53,13901,313447,289903,8.1,De 300 à 450 000 entrées,,OUI,A,RDJP,FIXE,NON,C,291,140,125,62.7,11.1,15.5,10.7,247,99.3,99.0,48.842443,2.327625
1,883, CHRISTINE CINEMA CLUB,ILE-DE-FRANCE,4 RUE CHRISTINE,75106,Paris 6e Arrondissement,40452,75,00851,Paris,10947378,01-Paris,2,234,53,3157,78920,74413,6.1,De 50 à 80 000 entrées,,OUI,A,PR,FIXE,NON,C,337,13,3,9.7,58.1,20.5,11.7,286,89.0,91.2,48.854455,2.340132
1,1031,PUBLICIS ELYSEES,ILE-DE-FRANCE,133 AV DES CHAMPS ELYSEES,75108,Paris 8e Arrondissement,36218,75,00851,Paris,10947378,01-Paris,2,609,47,2133,50174,43444,15.5,De 50 à 80 000 entrées,,NON,NON,,FIXE,NON,C,125,53,20,30.5,29.3,23.8,16.4,50,47.8,45.8,48.872794,2.296984
1,1392,L'ARCHIPEL,ILE-DE-FRANCE,17 BD DE STRASBOURG,75110,Paris 10e Arrondissement,83873,75,00851,Paris,10947378,01-Paris,2,204,53,3510,42388,38286,10.7,De 40 à 50 000 entrées,,OUI,A,RDJPPR,FIXE,NON,C,353,106,3,60.7,11.6,16.9,10.8,299,95.3,92.8,48.870455,2.35466
1,1393,LE BRADY,ILE-DE-FRANCE,39 BOULEVARD DE STRASBOURG,75110,Paris 10e Arrondissement,83873,75,00851,Paris,10947378,01-Paris,2,139,53,4680,73463,63952,14.9,De 50 à 80 000 entrées,,OUI,A,RDJPPR,FIXE,NON,C,408,116,4,51.3,18.1,12.5,18.1,314,92.0,89.3,48.871771,2.355398
1,1681,UGC Ciné Cité LES HALLES,ILE-DE-FRANCE,101 RUE BERGER,75101,Paris 1er Arrondissement,16149,75,00851,Paris,10947378,01-Paris,27,3896,53,60470,"2,678,644","2,446,406",9.5,De 2 à 3 millions d'entrées,UGC,NON,NON,,FIXE,OUI,C,609,414,414,38.7,35.1,18.5,7.6,362,53.4,47.6,48.861424,2.345829
1,1791,LUMINOR HOTEL DE VILLE,ILE-DE-FRANCE,20 RUE DU TEMPLE,75104,Paris 4e Arrondissement,29326,75,00851,Paris,10947378,01-Paris,2,238,53,4038,86421,82737,4.5,De 80 à 100 000 entrées,,OUI,A,RDJPPR,FIXE,NON,C,375,154,46,54.3,11.6,21.8,12.2,300,92.0,87.3,48.858689,2.353591
1,2251,MAJESTIC PASSY,ILE-DE-FRANCE,18 - 20 RUE DE PASSY,75116,Paris 16e Arrondissement,165118,75,00851,Paris,10947378,01-Paris,3,617,50,5608,129372,128276,0.9,De 100 à 150 000 entrées,,NON,NON,,FIXE,NON,C,181,77,51,62.7,13.7,19.0,4.6,103,51.7,48.2,48.858204,2.282104
1,2543,MAC MAHON,ILE-DE-FRANCE,5/7 AV MAC MAHON,75117,Paris 17e Arrondissement,167765,75,00851,Paris,10947378,01-Paris,1,137,48,874,22624,15041,50.4,De 20 à 30 000 entrées,,NON,NON,,FIXE,NON,C,308,1,0,86.5,3.4,8.0,2.1,191,67.2,67.3,48.875715,2.294655
1,2982,CAUMARTIN,ILE-DE-FRANCE,101 RUE ST LAZARE,75109,Paris 9e Arrondissement,60784,75,00851,Paris,10947378,01-Paris,5,501,53,9294,218582,195150,12.0,De 200 à 300 000 entrées,,OUI,A,,FIXE,NON,C,207,115,96,64.6,6.1,20.9,8.4,168,85.4,82.7,48.87561,2.32791
1,3211,LE CINEMA DES CINEASTES,ILE-DE-FRANCE,7 AVENUE DE CLICHY,75117,Paris 17e Arrondissement,167765,75,00851,Paris,10947378,01-Paris,3,476,53,5460,143128,139330,2.7,De 100 à 150 000 entrées,,OUI,A,RDJP,FIXE,NON,C,188,78,65,63.9,11.2,18.3,6.7,175,99.4,98.0,48.884303,2.326888
1,3222,PATHE WEPLER,ILE-DE-FRANCE,132 -140 BOULEVARD DE CLICHY,75118,Paris 18e Arrondissement,191911,75,00851,Paris,10947378,01-Paris,11,1757,53,20725,686449,686468,0.0,De 450 à 700 000 entrées,CINEMAS PATHE,NON,NON,,FIXE,OUI,C,312,224,157,42.8,35.9,18.5,2.8,170,40.5,34.8,48.883938,2.328034
1,3741,STUDIO 28,ILE-DE-FRANCE,10 RUE THOLOZE,75118,Paris 18e Arrondissement,191911,75,00851,Paris,10947378,01-Paris,1,172,48,1321,45340,43360,4.6,De 40 à 50 000 entrées,,OUI,A,,FIXE,NON,C,174,129,0,60.1,10.1,16.9,12.9,137,82.6,86.4,48.886142,2.335342
1,4731,MK2 QUAI DE SEINE,ILE-DE-FRANCE,14 QUAI DE LA SEINE,75119,Paris 19e Arrondissement,184156,75,00851,Paris,10947378,01-Paris,6,991,53,11459,373778,367034,1.8,De 300 à 450 000 entrées,MK2,OUI,A,JP,FIXE,NON,C,274,169,118,64.2,12.6,15.6,7.5,218,88.3,87.6,48.885073,2.371493
1,5691,MK2 GAMBETTA,ILE-DE-FRANCE,6 RUE BELGRAND,75120,Paris 20e Arrondissement,193044,75,00851,Paris,10947378,01-Paris,6,944,53,11963,353066,337087,4.7,De 300 à 450 000 entrées,MK2,NON,NON,,FIXE,NON,C,248,125,99,46.0,31.1,16.5,6.3,154,62.8,64.7,48.864763,2.399555
1,5841,MK2 BASTILLE COTE FAUBOURG SAINT-ANTOINE,ILE-DE-FRANCE,5 RUE DU FAUBOURG ST ANTOINE,75111,Paris 11e Arrondissement,145124,75,00851,Paris,10947378,01-Paris,3,423,53,5667,167951,159923,5.0,De 150 à 200 000 entrées,MK2,OUI,A,RDPR,FIXE,NON,C,85,71,56,62.5,13.7,13.0,10.8,81,99.2,99.4,48.853157,2.370719
1,5852,MAJESTIC BASTILLE,ILE-DE-FRANCE,4 BD RICHARD LENOIR,75111,Paris 11e Arrondissement,145124,75,00851,Paris,10947378,01-Paris,2,356,50,3932,96331,100184,-3.8,De 80 à 100 000 entrées,,OUI,A,RDJP,FIXE,NON,C,191,72,48,51.8,11.2,30.4,6.5,150,93.9,93.4,48.860238,2.37214
1,5861,MK2 BASTILLE COTE BEAUMARCHAIS,ILE-DE-FRANCE,3 BD R LENOIR 4/6 BD BEAUMARCHAI,75111,Paris 11e Arrondissement,145124,75,00851,Paris,10947378,01-Paris,4,469,53,7582,224000,216266,3.6,De 200 à 300 000 entrées,MK2,OUI,A,,FIXE,NON,C,121,96,57,57.0,22.9,9.9,10.1,108,83.4,77.2,48.854674,2.369381
1,6212,MK2 NATION,ILE-DE-FRANCE,133 BOULEVARD DIDEROT,75112,Paris 12e Arrondissement,141275,75,00851,Paris,10947378,01-Paris,8,554,53,13177,363320,363351,0.0,De 300 à 450 000 entrées,MK2,NON,NON,,FIXE,OUI,C,176,109,83,55.1,22.8,20.5,1.6,114,48.7,48.3,48.848213,2.39311
1,6531,UGC LYON BASTILLE,ILE-DE-FRANCE,12 RUE DE LYON,75112,Paris 12e Arrondissement,141275,75,00851,Paris,10947378,01-Paris,7,1273,53,12053,203564,225475,-9.7,De 200 à 300 000 entrées,UGC,NON,NON,,FIXE,NON,C,188,122,118,50.3,37.8,11.1,0.8,62,15.5,14.4,48.847502,2.371855
1,6611,UGC Ciné Cité BERCY,ILE-DE-FRANCE,2 COUR SAINT-EMILION,75112,Paris 12e Arrondissement,141275,75,00851,Paris,10947378,01-Paris,18,4480,53,37946,901108,946736,-4.8,De 700 000 à 1 million d'entrées,UGC,NON,NON,,FIXE,OUI,C,557,289,284,36.9,41.3,17.2,4.6,265,35.8,28.1,48.833595,2.38604
1,7231,CHAPLIN SAINT LAMBERT,ILE-DE-FRANCE,6 RUE PECLET,75115,Paris 15e Arrondissement,231186,75,00851,Paris,10947378,01-Paris,3,363,50,5354,72375,79584,-9.1,De 50 à 80 000 entrées,,OUI,A,RDJPPR,FIXE,NON,C,398,227,5,60.3,15.7,14.5,9.6,323,79.9,79.8,48.843204,2.298558
1,7394,GAUMONT CONVENTION,ILE-DE-FRANCE,27 RUE ALAIN CHARTIER,75115,Paris 15e Arrondissement,231186,75,00851,Paris,10947378,01-Paris,9,1263,53,18478,437856,438051,0.0,De 300 à 450 000 entrées,CINEMAS PATHE,NON,NON,,FIXE,OUI,C,278,217,185,60.5,17.1,16.1,6.3,194,67.7,60.4,48.837759,2.296259
1,7491,GAUMONT AQUABOULEVARD,ILE-DE-FRANCE,8/16 RUE DU COLONEL PIERRE AVIA,75115,Paris 15e Arrondissement,231186,75,00851,Paris,10947378,01-Paris,14,2450,53,27294,362416,426794,-15.1,De 300 à 450 000 entrées,CINEMAS PATHE,NON,NON,,FIXE,OUI,C,417,288,235,29.5,48.8,16.4,5.4,144,17.5,11.1,48.830408,2.276322
1,7711,PATHE MONTPARNOS,ILE-DE-FRANCE,16 18 RUE D ODESSA,75114,Paris 14e Arrondissement,134926,75,00851,Paris,10947378,01-Paris,4,390,53,8950,112929,113457,-0.5,De 100 à 150 000 entrées,CINEMAS PATHE,NON,NON,,FIXE,NON,C,133,119,95,85.6,5.5,2.4,6.5,94,78.7,79.2,48.841914,2.324596
1,8132,PATHE ALESIA,ILE-DE-FRANCE,73 AVENUE DU GENERAL LECLERC,75114,Paris 14e Arrondissement,134926,75,00851,Paris,10947378,01-Paris,8,1384,53,16145,407089,414029,-1.7,De 300 à 450 000 entrées,CINEMAS PATHE,NON,NON,,FIXE,OUI,C,272,189,128,39.4,39.0,18.9,2.7,143,34.3,28.8,48.828166,2.327463
1,8161, CHAPLIN DENFERT,ILE-DE-FRANCE,24 PLACE DENFERT ROCHEREAU,75114,Paris 14e Arrondissement,134926,75,00851,Paris,10947378,01-Paris,1,133,50,1859,30555,31742,-3.7,De 30 à 40 000 entrées,,OUI,A,JP,FIXE,NON,C,265,118,4,61.8,12.4,14.8,11.0,233,85.2,87.9,48.833879,2.330976
1,8291,L ARLEQUIN PANORAMA,ILE-DE-FRANCE,76 RUE DE RENNES,75106,Paris 6e Arrondissement,40452,75,00851,Paris,10947378,01-Paris,3,591,50,5351,122566,136923,-10.5,De 100 à 150 000 entrées,,OUI,A,RDPR,FIXE,NON,C,317,120,62,49.1,13.8,19.8,17.4,203,96.0,88.6,48.851278,2.330648
1,8331,UGC DANTON,ILE-DE-FRANCE,99 BD ST GERMAIN,75106,Paris 6e Arrondissement,40452,75,00851,Paris,10947378,01-Paris,4,612,53,8067,178693,172415,3.6,De 150 à 200 000 entrées,UGC,NON,NON,,FIXE,NON,C,117,106,56,53.7,21.2,22.2,2.9,77,63.1,61.9,48.852138,2.338995
1,8341,NOUVEL ODEON,ILE-DE-FRANCE,6 RUE DE L ECOLE DE MEDECINE,75106,Paris 6e Arrondissement,40452,75,00851,Paris,10947378,01-Paris,1,119,53,1513,36567,34788,5.1,De 30 à 40 000 entrées,,OUI,A,RDJPPR,FIXE,NON,C,202,54,0,48.0,18.5,13.0,20.5,182,96.3,93.4,48.850764,2.341747
1,8353,UGC ODEON,ILE-DE-FRANCE,124 BD ST GERMAIN,75106,Paris 6e Arrondissement,40452,75,00851,Paris,10947378,01-Paris,5,641,53,10352,211150,203845,3.6,De 200 à 300 000 entrées,UGC,NON,NON,,FIXE,NON,C,178,127,87,55.9,20.6,16.8,6.7,120,62.4,62.4,48.852353,2.339834
1,8361,ESPACE SAINT MICHEL,ILE-DE-FRANCE,7 PLACE ST MICHEL,75105,Paris 5e Arrondissement,58050,75,00851,Paris,10947378,01-Paris,2,210,49,3920,49974,41832,19.5,De 40 à 50 000 entrées,,OUI,A,RD,FIXE,NON,C,162,84,81,58.0,1.5,26.3,14.2,123,88.0,84.1,48.853093,2.344228
1,8374,ECOLES CINEMA CLUB,ILE-DE-FRANCE,23 RUE DES ECOLES,75105,Paris 5e Arrondissement,58050,75,00851,Paris,10947378,01-Paris,2,200,53,3449,68621,63464,8.1,De 50 à 80 000 entrées,,OUI,A,PR,FIXE,NON,C,371,4,4,23.2,54.0,11.2,11.6,307,89.2,90.5,48.848384,2.348973
1,8391,LE CINEMA DU PANTHEON,ILE-DE-FRANCE,13 RUE VICTOR COUSIN,75105,Paris 5e Arrondissement,58050,75,00851,Paris,10947378,01-Paris,1,200,53,1535,21278,19285,10.3,De 20 à 30 000 entrées,,OUI,A,,FIXE,NON,C,63,19,5,87.2,7.4,5.0,0.4,58,99.7,98.3,48.847502,2.342301
1,8422,LE CHAMPO,ILE-DE-FRANCE,51 RUE DES ECOLES,75105,Paris 5e Arrondissement,58050,75,00851,Paris,10947378,01-Paris,2,240,53,3926,98994,105089,-5.8,De 80 à 100 000 entrées,,OUI,A,PR,FIXE,NON,C,247,11,4,44.5,14.5,25.2,15.8,218,92.0,94.6,48.849983,2.343211
1,8425,QUARTIER LATIN I - FILMOTHEQUE,ILE-DE-FRANCE,9 RUE CHAMPOLLION,75105,Paris 5e Arrondissement,58050,75,00851,Paris,10947378,01-Paris,2,164,53,3677,120173,120465,-0.2,De 100 à 150 000 entrées,,OUI,A,PR,FIXE,NON,C,615,7,3,26.3,37.3,7.8,28.5,543,91.7,93.9,48.849504,2.342788
1,8451,STUDIO DES URSULINES,ILE-DE-FRANCE,10 RUE DES URSULINES,75105,Paris 5e Arrondissement,58050,75,00851,Paris,10947378,01-Paris,1,121,50,1115,35217,32462,8.5,De 30 à 40 000 entrées,,OUI,A,JPPR,FIXE,NON,C,182,24,8,51.1,16.1,24.2,8.7,143,90.6,85.6,48.842733,2.342044
1,8513,REFLET MEDICIS 2,ILE-DE-FRANCE,7 RUE CHAMPOLLION,75105,Paris 5e Arrondissement,58050,75,00851,Paris,10947378,01-Paris,3,339,50,3555,69940,94748,-26.2,De 50 à 80 000 entrées,,OUI,A,RDPR,FIXE,NON,C,262,53,29,40.1,14.1,25.7,20.0,197,95.3,95.0,48.849591,2.342836
1,8514,EPEE DE BOIS,ILE-DE-FRANCE,100 RUE MOUFFETARD,75105,Paris 5e Arrondissement,58050,75,00851,Paris,10947378,01-Paris,2,140,53,3220,41215,42312,-2.6,De 40 à 50 000 entrées,,OUI,A,JPPR,FIXE,NON,C,369,111,4,55.6,12.0,15.7,16.7,279,89.5,87.0,48.841535,2.34958
1,8531,LE GRAND ACTION,ILE-DE-FRANCE,5 RUE DES ECOLES,75105,Paris 5e Arrondissement,58050,75,00851,Paris,10947378,01-Paris,3,363,53,4828,82737,81187,1.9,De 80 à 100 000 entrées,,OUI,A,RDPR,FIXE,NON,C,322,45,35,26.6,43.9,15.3,14.2,221,90.7,85.9,48.847537,2.352122
1,8621,Pathé Les Fauvettes,ILE-DE-FRANCE,58 AVENUE DES GOBELINS,75113,Paris 13e Arrondissement,179013,75,00851,Paris,10947378,01-Paris,5,645,53,9087,134938,136705,-1.3,De 100 à 150 000 entrées,CINEMAS PATHE,NON,NON,,FIXE,NON,C,417,108,59,40.0,39.7,13.4,6.9,252,48.3,39.8,48.833574,2.353775
1,8632,UGC  GOBELINS,ILE-DE-FRANCE,66 BIS AV DES GOBELINS,75113,Paris 13e Arrondissement,179013,75,00851,Paris,10947378,01-Paris,11,1169,53,22992,433352,417249,3.9,De 300 à 450 000 entrées,UGC,NON,NON,,FIXE,OUI,C,372,209,193,52.5,24.0,19.1,4.4,258,62.7,58.7,48.832888,2.354241
1,8661,ESCURIAL,ILE-DE-FRANCE,11 BD PORT ROYAL,75113,Paris 13e Arrondissement,179013,75,00851,Paris,10947378,01-Paris,2,329,50,3384,75169,87036,-13.6,De 50 à 80 000 entrées,,OUI,A,RDJP,FIXE,NON,C,169,81,46,64.5,16.7,8.6,10.2,142,98.7,97.1,48.836817,2.349632
1,9008,LE JEU DE PAUME,ILE-DE-FRANCE,1 PLACE DE LA CONCORDE,75101,Paris 1er Arrondissement,16149,75,00851,Paris,10947378,01-Paris,1,89,7,82,874,,#VALEUR !,Moins de 2000 entrées,,NON,NON,,FIXE,NON,C,23,12,1,42.8,5.2,46.5,5.5,13,34.6,28.5,48.865987,2.3232
1,9350,ELYSEES BIARRITZ,ILE-DE-FRANCE,22 RUE QUENTIN BAUCHART,75108,Paris 8e Arrondissement,36218,75,00851,Paris,10947378,01-Paris,1,245,1,1,240,608,-60.5,Moins de 2000 entrées,,NON,NON,,FIXE,NON,C,1,1,0,100.0,0.0,0.0,0.0,0,0.0,0.0,48.870569,2.301955
1,9352,CINEMA KATARA,ILE-DE-FRANCE,24 avenue Hoche,75108,Paris 8e Arrondissement,36218,75,00851,Paris,10947378,01-Paris,1,99,14,17,367,455,-19.3,Moins de 2000 entrées,,NON,NON,,FIXE,NON,C,17,0,0,26.4,67.0,6.5,0.0,6,35.3,40.1,48.876222,2.300419
1,9400,PATHE PALACE,ILE-DE-FRANCE,2 BOULEVARD DES CAPUCINES,75109,Paris 9e Arrondissement,60784,75,00851,Paris,10947378,01-Paris,7,882,26,6111,97747,,#VALEUR !,De 80 à 100 000 entrées,CINEMAS PATHE,NON,NON,,FIXE,NON,C,98,68,49,35.8,35.7,27.7,0.8,31,24.6,20.7,48.871082,2.333801
1,9452,LE LOUXOR,ILE-DE-FRANCE,170 BOULEVARD DE MAGENTA,75110,Paris 10e Arrondissement,83873,75,00851,Paris,10947378,01-Paris,3,556,53,6017,225494,229838,-1.9,De 200 à 300 000 entrées,,OUI,A,RDJPPR,FIXE,NON,C,351,100,47,52.3,20.0,19.7,8.0,300,96.8,94.5,48.883487,2.349853
1,9600,MK2 BIBLIOTHEQUE,ILE-DE-FRANCE,128 A 162 AVENUE DE FRANCE,75113,Paris 13e Arrondissement,179013,75,00851,Paris,10947378,01-Paris,16,2952,53,31352,822136,892985,-7.9,De 700 000 à 1 million d'entrées,MK2,NON,NON,,FIXE,OUI,C,463,309,286,31.7,43.2,17.5,7.6,244,39.9,34.5,48.833718,2.373922
1,9616,MK2 A&E,ILE-DE-FRANCE,15/43 QUAI FRANCOIS MAURIAC,75113,Paris 13e Arrondissement,179013,75,00851,Paris,10947378,01-Paris,4,520,53,8130,134817,121856,10.6,De 100 à 150 000 entrées,MK2,NON,NON,,FIXE,NON,C,228,156,39,45.2,19.4,14.1,21.3,163,76.0,76.2,48.832993,2.378615
1,9700,PATHE BEAUGRENELLE,ILE-DE-FRANCE,7 RUE LINOIS,75115,Paris 15e Arrondissement,231186,75,00851,Paris,10947378,01-Paris,10,1581,53,19484,658520,680855,-3.3,De 450 à 700 000 entrées,CINEMAS PATHE,NON,NON,,FIXE,OUI,C,301,205,144,36.2,42.8,18.9,2.1,134,26.6,23.2,48.848895,2.282585
1,9802,CLUB DE L ETOILE,ILE-DE-FRANCE,14 RUE TROYON,75117,Paris 17e Arrondissement,167765,75,00851,Paris,10947378,01-Paris,1,161,42,183,7975,5061,57.6,De 5 à 10 000 entrées,,NON,NON,,FIXE,NON,C,124,19,6,44.2,22.5,17.3,16.1,56,38.1,49.2,48.876113,2.295345
1,9803,LES 7 BATIGNOLLES CINEMOVIDA,ILE-DE-FRANCE,ALLEE COLETTE HEILBRONNER,75117,Paris 17e Arrondissement,167765,75,00851,Paris,10947378,01-Paris,7,1151,53,12802,220720,203332,8.6,De 200 à 300 000 entrées,,NON,NON,,FIXE,NON,C,234,157,126,48.2,32.3,16.0,3.5,135,46.0,35.9,48.893315,2.311503
1,9900,MK2 QUAI DE LOIRE,ILE-DE-FRANCE,5/19 QUAI DE LA LOIRE,75119,Paris 19e Arrondissement,184156,75,00851,Paris,10947378,01-Paris,6,1092,53,10780,409329,387322,5.7,De 300 à 450 000 entrées,MK2,NON,NON,,FIXE,NON,C,227,151,87,37.7,41.0,18.0,3.2,144,51.1,51.7,48.885067,2.374123
1,9906,UGC Ciné Cité PARIS 19,ILE-DE-FRANCE,166 BOULEVARD MAC DONALD,75119,Paris 19e Arrondissement,184156,75,00851,Paris,10947378,01-Paris,14,2790,53,24107,322529,331626,-2.7,De 300 à 450 000 entrées,UGC,NON,NON,,FIXE,OUI,C,465,265,252,38.4,41.4,15.6,4.5,230,36.1,30.2,48.898991,2.376757
1,9920,PATHE,ILE-DE-FRANCE,30 AVENUE CORENTIN CARIOU,75119,Paris 19e Arrondissement,184156,75,00851,Paris,10947378,01-Paris,16,2901,53,24768,405549,451823,-10.2,De 300 à 450 000 entrées,CINEMAS PATHE,NON,NON,,FIXE,OUI,C,467,294,236,19.4,55.9,14.0,10.7,141,17.6,9.9,48.897016,2.385181
1,9936,PATHE LA GEODE,ILE-DE-FRANCE,26 AVENUE CORENTIN CARIOU,75119,Paris 19e Arrondissement,184156,75,00851,Paris,10947378,01-Paris,1,294,2,103,10625,,#VALEUR !,De 10 à 20 000 entrées,CINEMAS PATHE,NON,NON,,FIXE,NON,C,1,1,1,0.0,100.0,0.0,0.0,0,0.0,0.0,48.896117,2.384348
1,9950,CGR PARIS LILAS,ILE-DE-FRANCE,PLACE DU MAQUIS DU VERCORS,75120,Paris 20e Arrondissement,193044,75,00851,Paris,10947378,01-Paris,7,1394,53,12477,206350,227642,-9.4,De 200 à 300 000 entrées,CGR,NON,NON,,FIXE,NON,C,233,112,103,26.9,55.1,15.2,2.8,49,4.8,6.9,48.852605,2.406733
3,10184,REX,HAUTS DE FRANCE,26 PLACE CLEMENCEAU,80001,Abbeville,23318,80,80401,Abbeville,26214,05-Unités urbaines de 20 000 à 100 000 hbts,3,456,50,3322,38786,35063,10.6,De 30 à 40 000 entrées,,OUI,D,RDJPPR,FIXE,NON,C,420,229,69,71.5,9.9,14.5,4.1,301,88.8,81.9,50.108677,1.834667
3,10192,CGR ABBEVILLE LA SUCRERIE,HAUTS DE FRANCE,2 RUE DE MENCHECOURT,80001,Abbeville,23318,80,80401,Abbeville,26214,05-Unités urbaines de 20 000 à 100 000 hbts,8,1209,53,13702,234197,231315,1.2,De 200 à 300 000 entrées,CGR,NON,NON,,FIXE,OUI,C,202,141,133,47.5,37.7,13.7,1.1,22,4.2,2.0,50.115049,1.824393
2,10552,SALLE CHARLES CHAPLIN,ILE-DE-FRANCE,ESPACE CULTUREL ALAIN POHER 7 AVENUE AUGUSTE DURU,94001,Ablon-sur-Seine,5938,94,00851,Paris,10947378,02-Petite Couronne,1,209,45,146,3192,3852,-17.1,De 2 à 5 000 entrées,,NON,NON,,FIXE,NON,B,117,97,1,45.8,29.3,15.2,9.7,74,63.4,50.2,48.724181,2.420302
2,10992,PANDORA,ILE-DE-FRANCE,6 ALLEE SIMONE SIGNORET,78005,Achères,21812,78,00851,Paris,10947378,03-Grande couronne,3,257,50,4519,71397,71491,-0.1,De 50 à 80 000 entrées,,OUI,C,RDJPPR,FIXE,NON,B,243,174,75,66.0,11.7,16.2,6.1,199,82.5,77.9,48.960956,2.067774
3,11101,LE FOYER,BRETAGNE,RUE NDU STADE,35001,Acigné,7029,35,35213,Acigné,7029,06-autres communes et unités urbaines,2,268,47,897,30976,29746,4.1,De 30 à 40 000 entrées,,OUI,E,,FIXE,NON,I,283,218,18,63.7,19.4,14.6,2.2,169,51.2,39.8,48.135609,-1.537695
7,11527,TRAVELLING,OCCITANIE,RUE BRESCOU,34003,Agde,29589,34,34401,Agde,29589,05-Unités urbaines de 20 000 à 100 000 hbts,4,757,52,5597,128094,119841,6.9,De 100 à 150 000 entrées,,OUI,D,JPPR,FIXE,NON,I,278,191,108,51.1,34.0,13.9,1.0,160,29.8,19.9,43.31185,3.473009
4,11592,CGR AGEN,NOUVELLE AQUITAINE,PLACE DU PIN,47001,Agen,33046,47,47501,Agen,82191,05-Unités urbaines de 20 000 à 100 000 hbts,10,1595,53,17740,250041,251952,-0.8,De 200 à 300 000 entrées,CGR,NON,NON,,FIXE,OUI,C,321,240,215,41.3,42.2,14.9,1.5,121,20.6,7.2,44.204567,0.624721
3,11854,CINEMA DE L'ESPACE,NORMANDIE,AVENUE ROOSEVELT,50003,Agon-Coutainville,2933,50,50204,Agon-Coutainville,7893,06-autres communes et unités urbaines,1,79,53,562,10180,8456,20.4,De 10 à 20 000 entrées,,OUI,E,,FIXE,NON,C,288,226,0,71.8,13.2,12.0,3.0,180,55.0,49.1,49.048659,-1.595352
3,12102,L'AIGLON,NORMANDIE,PLACE DE VERDUN,61214,L' Aigle,8144,61,61301,L'Aigle,11260,06-autres communes et unités urbaines,3,523,53,3701,84931,48372,75.6,De 80 à 100 000 entrées,,OUI,E,JP,FIXE,NON,C,292,209,70,53.0,33.6,11.9,1.5,174,18.0,12.0,48.763262,0.622075
6,12401,STUDIO,AUVERGNE / RHONE-ALPES,VALMOREL,73024,Les Avanchers-Valmorel,790,73,00000,Zone rurale,14183345,06-autres communes et unités urbaines,2,345,28,713,8109,8169,-0.7,De 5 à 10 000 entrées,,NON,NON,,FIXE,NON,R,134,111,37,58.3,30.4,11.0,0.2,54,28.7,11.9,45.46071,6.441929
7,12454,CINEMA MUNICIPAL MARCEL PAGNOL,OCCITANIE,9 RUE VICTOR HUGO,30003,Aigues-Mortes,8742,30,30212,Aigues-Mortes,8742,06-autres communes et unités urbaines,1,168,53,1139,14943,13783,8.4,De 10 à 20 000 entrées,,OUI,E,JP,FIXE,NON,I,270,216,23,49.5,33.8,11.4,5.3,145,29.4,25.5,43.566091,4.189267
4,12562,THEOPHILE DE VIAU,NOUVELLE AQUITAINE,PLACE DE LA MAIRIE,47004,Aiguillon,4368,47,47105,Aiguillon,4652,06-autres communes et unités urbaines,1,254,52,664,10714,11528,-7.1,De 10 à 20 000 entrées,,OUI,E,JPPR,FIXE,NON,C,264,209,5,66.8,17.0,12.6,3.6,164,55.1,54.5,44.299994,0.336667
3,12612,CINEMA MODERNE,CENTRE-VAL DE LOIRE,CHEMIN DU CINEMA,36001,Aigurande,1412,36,00000,Zone rurale,14183345,06-autres communes et unités urbaines,1,286,48,646,10474,9684,8.2,De 10 à 20 000 entrées,,OUI,E,,FIXE,NON,R,150,127,1,72.1,16.8,9.4,1.7,69,41.6,28.5,46.431926,1.830697
6,12833,LA SALLE DE SPECTACLE ET LE CINEMA,AUVERGNE / RHONE-ALPES,493 AVENUE DE LA GARE,73006,Aime-la-Plagne,4537,73,73108,Aime-la-Plagne,4537,06-autres communes et unités urbaines,1,150,30,84,2625,2408,9.0,De 2 à 5 000 entrées,,NON,NON,,FIXE,NON,C,73,59,2,68.0,18.7,13.2,0.0,35,47.4,46.5,45.555539,6.651442
4,13151,GALAXIE,NOUVELLE AQUITAINE,16 AV DES PYRENEES,40001,Aire-sur-l'Adour,6753,40,00260,Aire-sur-l'Adour,8159,06-autres communes et unités urbaines,2,444,49,996,18715,18651,0.3,De 10 à 20 000 entrées,,OUI,E,JP,FIXE,NON,C,182,158,69,48.2,38.2,13.0,0.6,84,24.9,15.2,43.699953,-0.265292
5,13161,ESPACE CULTUREL AREA,HAUTS DE FRANCE,6 PLACE DU CHATEAU,62014,Aire-sur-la-Lys,9869,62,00752,Béthune,360499,04-Unités urbaines de 100 000 hbts ou plus,1,268,25,117,8835,8790,0.5,De 5 à 10 000 entrées,,NON,NON,,FIXE,NON,B,63,27,0,55.4,20.2,23.0,1.4,36,50.0,42.6,50.639733,2.390569
7,13405,RENOIR,PROVENCE-ALPES-COTE D'AZUR,24 COURS MIRABEAU,13001,Aix-en-Provence,150358,13,00759,Marseille-Aix-en-Provence,1635844,04-Unités urbaines de 100 000 hbts ou plus,3,431,53,4391,123190,131143,-6.1,De 100 à 150 000 entrées,CINEMAS PATHE,OUI,C,RD,FIXE,NON,B,149,108,95,60.4,18.2,10.1,11.3,143,98.0,97.9,43.526562,5.448932
7,13413,CEZANNE,PROVENCE-ALPES-COTE D'AZUR,1 RUE MARCEL GUILLAUME,13001,Aix-en-Provence,150358,13,00759,Marseille-Aix-en-Provence,1635844,04-Unités urbaines de 100 000 hbts ou plus,9,1539,53,13526,444491,440781,0.8,De 300 à 450 000 entrées,CINEMAS PATHE,NON,NON,,FIXE,OUI,B,285,171,164,47.8,34.6,14.9,2.7,84,17.3,15.9,43.525387,5.446893
7,13423,LE MAZARIN,PROVENCE-ALPES-COTE D'AZUR,3TER RUE MAZARINE - 6 RUE LAROQU,13001,Aix-en-Provence,150358,13,00759,Marseille-Aix-en-Provence,1635844,04-Unités urbaines de 100 000 hbts ou plus,3,438,53,4501,121917,119776,1.8,De 100 à 150 000 entrées,CINEMAS PATHE,OUI,C,RDJPPR,FIXE,NON,B,216,156,116,60.2,2.7,30.1,7.1,208,99.7,99.7,43.526103,5.448686
7,13454,ARMAND LUNEL,PROVENCE-ALPES-COTE D'AZUR,RUE DES ALLUMETTES,13001,Aix-en-Provence,150358,13,00759,Marseille-Aix-en-Provence,1635844,04-Unités urbaines de 100 000 hbts ou plus,1,165,46,585,10230,16791,-39.1,De 10 à 20 000 entrées,,OUI,C,JPPR,FIXE,NON,B,146,10,5,20.7,40.9,12.7,25.6,127,94.5,92.1,43.524462,5.439812
6,13513,VICTORIA,AUVERGNE / RHONE-ALPES,36 AV VICTORIA,73008,Aix-les-Bains,31642,73,73601,Chambéry,202124,04-Unités urbaines de 100 000 hbts ou plus,5,870,53,5744,55459,48593,14.1,De 50 à 80 000 entrées,,OUI,C,PR,FIXE,NON,B,311,233,168,72.7,6.8,15.7,4.8,264,89.6,86.8,45.68994,5.909791
4,13622,ESPACE CULTUREL VILLENEUVE,PAYS DE LA LOIRE,ROUTE DE CHALLANS,85003,Aizenay,10270,85,85214,Aizenay,10270,06-autres communes et unités urbaines,2,240,53,1455,27521,25708,7.1,De 20 à 30 000 entrées,,OUI,E,JP,FIXE,NON,I,327,272,10,62.0,23.1,12.6,2.3,184,45.8,31.8,46.744249,-1.6164029999999912
7,13683,ESPACE CULTUREL MUNICIPAL,CORSE,BOULEVARD PASCAL ROSSINI,2A004,Ajaccio,73483,2A,2A501,Ajaccio,85645,05-Unités urbaines de 20 000 à 100 000 hbts,1,319,2,30,1509,1766,-14.6,Moins de 2000 entrées,,NON,NON,,FIXE,NON,I,16,7,0,33.5,0.0,36.4,30.0,13,83.3,74.8,41.915976,8.731036
7,13684,AUDITORIUM PASCAL PAOLI,CORSE,QUAI L HERMINIER BP 253,2A004,Ajaccio,73483,2A,2A501,Ajaccio,85645,05-Unités urbaines de 20 000 à 100 000 hbts,1,432,1,5,485,1061,-54.3,Moins de 2000 entrées,,NON,NON,,FIXE,NON,I,3,1,0,72.2,0.0,27.8,0.0,3,100.0,100.0,41.921426,8.739468
7,13685,ESPACE DIAMANT,CORSE,BOULEVARD PASCAL ROSSIMI,2A004,Ajaccio,73483,2A,2A501,Ajaccio,85645,05-Unités urbaines de 20 000 à 100 000 hbts,1,295,8,13,998,1301,-23.3,Moins de 2000 entrées,,NON,NON,,FIXE,NON,I,5,0,0,68.4,0.0,0.0,31.6,5,100.0,100.0,41.915976,8.731036
7,13686,L ELLIPSE,CORSE,BD LOUIS CAMPI,2A004,Ajaccio,73483,2A,2A501,Ajaccio,85645,05-Unités urbaines de 20 000 à 100 000 hbts,6,1147,53,8907,250457,265277,-5.6,De 200 à 300 000 entrées,,OUI,D,RDJPPR,FIXE,NON,I,421,280,192,42.9,38.1,16.4,2.6,216,29.0,19.5,41.943558,8.753935
7,13692,PALAIS DES CONGRES,CORSE,QUAI L HERMINIER,2A004,Ajaccio,73483,2A,2A501,Ajaccio,85645,05-Unités urbaines de 20 000 à 100 000 hbts,1,432,2,6,398,192,107.3,Moins de 2000 entrées,,NON,NON,,FIXE,NON,I,6,3,0,5.5,0.0,94.5,0.0,4,66.7,30.7,41.921426,8.739468
7,13693,LAETITIA,CORSE,24 COURS NAPOLEON,2A004,Ajaccio,73483,2A,2A501,Ajaccio,85645,05-Unités urbaines de 20 000 à 100 000 hbts,3,284,53,4438,57516,53913,6.7,De 50 à 80 000 entrées,,OUI,D,RDJPPR,FIXE,NON,I,365,254,166,63.1,17.2,15.9,3.8,264,63.7,54.8,41.920833,8.737221
3,14033,LE Casino,HAUTS DE FRANCE,29 RUE DE BOULAN,80016,Albert,9983,80,80210,Albert,9983,06-autres communes et unités urbaines,2,360,51,1643,43346,36373,19.2,De 40 à 50 000 entrées,,NON,NON,,FIXE,NON,I,153,106,53,50.9,34.7,13.2,1.2,48,13.1,9.3,50.004652,2.648257
6,14071,LE DOME GAMBETTA,AUVERGNE / RHONE-ALPES,12 RUE GAMBETTA,73011,Albertville,20414,73,73401,Albertville,41649,05-Unités urbaines de 20 000 à 100 000 hbts,1,247,51,1022,26408,28821,-8.4,De 20 à 30 000 entrées,,NON,NON,,FIXE,NON,C,94,81,42,39.3,47.9,11.5,1.3,3,1.5,1.2,45.677069,6.392496
6,14073,LE DOME,AUVERGNE / RHONE-ALPES,135 PLACE DE L EUROPE,73011,Albertville,20414,73,73401,Albertville,41649,05-Unités urbaines de 20 000 à 100 000 hbts,2,365,50,2553,49346,47566,3.7,De 40 à 50 000 entrées,,OUI,D,JP,FIXE,NON,C,271,180,66,70.9,9.9,14.1,5.1,212,77.7,64.7,45.676502,6.391967
4,14102,CGR ALBI LAPEROUSE,OCCITANIE,60 RUE SERE DE RIVIERES,81004,Albi,50783,81,81502,Albi,75461,05-Unités urbaines de 20 000 à 100 000 hbts,3,467,50,4236,43670,41793,4.5,De 40 à 50 000 entrées,CGR,OUI,D,RDJPPR,FIXE,NON,C,261,160,126,64.1,9.0,18.7,8.1,237,97.1,96.1,43.92676,2.149209
4,14114,CINEMA SALLE ARCE,OCCITANIE,P. DE L'AMITIE ENTRE LES PEUPLES,81004,Albi,50783,81,81502,Albi,75461,05-Unités urbaines de 20 000 à 100 000 hbts,1,142,49,848,23606,21684,8.9,De 20 à 30 000 entrées,,OUI,D,JPPR,FIXE,NON,C,258,130,5,65.4,7.3,13.5,13.9,224,89.2,90.4,43.923796,2.144604
6,14222,CASSE MASSION,AUVERGNE / RHONE-ALPES,LA RUA,73013,Albiez-Montrond,374,73,00000,Zone rurale,14183345,06-autres communes et unités urbaines,1,214,33,215,3748,3478,7.8,De 2 à 5 000 entrées,,NON,NON,,FIXE,NON,R,107,83,21,66.6,20.0,12.0,1.5,41,30.0,30.6,45.217522,6.343043
3,14445,PLANET'CINE,NORMANDIE,194 RUE DE BRETAGNE,61001,Alençon,26464,61,00464,Alençon,42492,05-Unités urbaines de 20 000 à 100 000 hbts,7,1199,53,9705,208403,206383,1.0,De 200 à 300 000 entrées,,OUI,D,JP,FIXE,NON,C,341,242,163,51.4,33.3,13.6,1.7,165,21.1,13.7,48.433552,0.063775
7,14533,CINEPLANET,OCCITANIE,BOULEVARD VAUBAN,30007,Alès,43492,30,30501,Alès,101194,04-Unités urbaines de 100 000 hbts ou plus,8,1309,53,13056,254844,255246,-0.2,De 200 à 300 000 entrées,,OUI,D,JPPR,FIXE,OUI,C,493,315,253,45.9,36.7,14.7,2.7,288,31.0,19.2,44.125939,4.077527
2,14693,! POC ! SCENE ARTISTIQUE ALFORTVILLE,ILE-DE-FRANCE,82 RUE MARCEL BOURDARIAS,94002,Alfortville,45317,94,00851,Paris,10947378,02-Petite Couronne,1,410,36,112,14628,11572,26.4,De 10 à 20 000 entrées,,NON,NON,,FIXE,NON,B,99,84,0,59.5,20.5,14.8,5.2,57,55.9,40.7,48.807586,2.422346
6,15374,BEL' DONNE,AUVERGNE / RHONE-ALPES,PLACE DE VERDUN,38006,Allevard,4106,38,00358,Allevard,14888,06-autres communes et unités urbaines,2,241,53,1326,33434,33699,-0.8,De 30 à 40 000 entrées,,OUI,E,JP,FIXE,NON,C,189,150,45,59.3,27.8,11.3,1.6,99,32.1,23.4,45.394059,6.075331
3,15682,SALLE POLYVALENTE,PAYS DE LA LOIRE,SALLE POLYVALENTE,72003,Allonnes,11207,72,72701,Le Mans,221529,04-Unités urbaines de 100 000 hbts ou plus,1,,49,816,32951,27347,20.5,De 30 à 40 000 entrées,,NON,NON,,ITINERANT,NON,B,152,96,2,76.9,10.9,8.3,3.9,74,26.1,30.0,47.983405,0.148339
7,15741,CINEMA DE L AIGUILLE,PROVENCE-ALPES-COTE D'AZUR,RESIDENCE DE L AIGUILLE,04006,Allos,845,04,00000,Zone rurale,14183345,06-autres communes et unités urbaines,1,187,35,361,7469,8143,-8.3,De 5 à 10 000 entrées,,NON,NON,,FIXE,NON,R,155,126,35,49.5,34.4,14.6,1.5,55,26.0,16.9,44.283294,6.539965
6,15792,LE MOTTARET,AUVERGNE / RHONE-ALPES,STATION DE MERIBEL,73015,Les Allues,1877,73,00000,Zone rurale,14183345,06-autres communes et unités urbaines,1,172,28,339,4154,3747,10.9,De 2 à 5 000 entrées,,NON,NON,,FIXE,NON,R,64,49,0,56.3,34.5,8.8,0.4,24,27.4,15.8,45.404713,6.578019
8,16081,PALACE LUMIERE,GRAND EST,"2, BOULEVARD CLÉMENCEAU",68004,Altkirch,5787,68,68205,Altkirch,9108,06-autres communes et unités urbaines,4,566,53,4705,80489,85344,-5.7,De 80 à 100 000 entrées,,OUI,E,JPPR,FIXE,NON,C,315,211,81,42.2,39.2,16.9,1.6,174,18.8,12.1,47.62383,7.236058
6,16573,LA FACADE 1,AUVERGNE / RHONE-ALPES,RUE BLAISE PASCAL,63003,Ambert,6877,63,63204,Ambert,7773,06-autres communes et unités urbaines,2,307,52,876,22202,20480,8.4,De 20 à 30 000 entrées,,OUI,E,,FIXE,NON,C,141,109,2,61.3,22.9,13.3,2.5,69,34.2,21.6,45.547184,3.745498
3,16803,CINEA,CENTRE-VAL DE LOIRE,3 PLACE ST DENIS,37003,Amboise,12936,37,37701,Tours,371410,04-Unités urbaines de 100 000 hbts ou plus,2,354,51,1763,38692,34893,10.9,De 30 à 40 000 entrées,,NON,NON,,FIXE,NON,B,114,72,38,53.2,29.9,16.6,0.3,45,16.5,20.7,47.41057,0.980035
7,17082,Casino AMELIE LES BAINS,OCCITANIE,4 AVENUE DU DOCTEUR BOUIX,66003,Amélie-les-Bains-Palalda,3632,66,66203,Amélie-les-Bains-Palalda,6455,06-autres communes et unités urbaines,1,196,42,256,3802,1947,95.3,De 2 à 5 000 entrées,,NON,NON,,FIXE,NON,C,94,93,0,62.6,19.9,16.2,1.3,26,24.7,22.5,42.472951,2.670403
3,17303,CINEMA ORSON WELLES,HAUTS DE FRANCE,2 PLACE LEON GONTIER,80021,Amiens,136808,80,80601,Amiens,167863,04-Unités urbaines de 100 000 hbts ou plus,1,175,49,1155,21434,21311,0.6,De 20 à 30 000 entrées,,OUI,B,RDPR,FIXE,NON,C,209,107,28,64.8,10.8,16.7,7.7,199,98.7,99.4,49.89407,2.292451
3,17325,CINE SAINT LEU,HAUTS DE FRANCE,5-9 RUE DE LA PLUMETTE,80021,Amiens,136808,80,80601,Amiens,167863,04-Unités urbaines de 100 000 hbts ou plus,1,250,53,1508,58633,52097,12.5,De 50 à 80 000 entrées,,OUI,B,RDJPPR,FIXE,NON,C,179,87,32,62.4,13.4,16.2,8.0,174,99.6,99.2,49.896685,2.302146
3,17326,PATHE AMIENS,HAUTS DE FRANCE,5 BOULEVARD DE BELFORT,80021,Amiens,136808,80,80601,Amiens,167863,04-Unités urbaines de 100 000 hbts ou plus,12,2461,53,19767,623832,652944,-4.5,De 450 à 700 000 entrées,CINEMAS PATHE,NON,NON,,FIXE,OUI,C,410,289,231,39.9,42.2,15.9,2.1,176,22.9,13.4,49.889445,2.304933
8,17545,Kinepolis AMNEVILLE,GRAND EST,RUE DE L'EUROPE,57019,Amnéville,10739,57,57701,Metz,294959,04-Unités urbaines de 100 000 hbts ou plus,12,2568,53,18190,251125,254592,-1.4,De 200 à 300 000 entrées,Kinepolis,NON,NON,,FIXE,OUI,B,305,192,186,32.3,49.4,16.5,1.8,45,8.7,4.4,49.244796,6.132187
3,17803,EDEN 3,PAYS DE LA LOIRE,90 RUE ANDREE ET MARCE BRAUD,44003,Ancenis,11479,44,44302,Ancenis-Saint-Géréon,11479,06-autres communes et unités urbaines,3,549,53,2985,159979,129827,23.2,De 150 à 200 000 entrées,,OUI,E,RDJPPR,FIXE,NON,C,457,301,40,54.6,31.4,11.6,2.4,294,40.5,22.5,47.364116,-1.178442
6,17961,CINEMA DE LA VIOUZE,AUVERGNE / RHONE-ALPES,AVENUE DE LA GARE,63004,Les Ancizes-Comps,1736,63,63116,Saint-Georges-de-Mons,3698,06-autres communes et unités urbaines,1,347,51,691,15507,11784,31.6,De 10 à 20 000 entrées,,OUI,E,JP,FIXE,NON,B,198,160,0,50.8,31.8,14.7,2.8,93,34.6,20.7,45.928236,2.829038
3,18291,PALACE,NORMANDIE,19 R SELLENICK / AV REPUBLIQUE,27016,Les Andelys,8193,27,27207,Les Andelys,8427,06-autres communes et unités urbaines,3,407,53,3579,80192,75488,6.2,De 80 à 100 000 entrées,,OUI,E,JP,FIXE,NON,C,287,196,63,46.0,38.6,13.7,1.7,168,17.4,10.7,49.246748,1.416469
3,18701,NORMANDIE,CENTRE-VAL DE LOIRE,6 RUE DESIRE ROUSSEL,28007,Anet,2793,28,00355,Ézy-sur-Eure,12710,06-autres communes et unités urbaines,1,250,47,223,9160,8189,11.9,De 5 à 10 000 entrées,,NON,NON,,FIXE,NON,C,114,84,0,64.4,18.8,14.6,2.2,47,38.1,35.1,48.857505,1.439036
3,18861,LES 400 COUPS,PAYS DE LA LOIRE,12 RUE CLAVEAU,49007,Angers,159103,49,49701,Angers,251150,04-Unités urbaines de 100 000 hbts ou plus,7,811,53,12133,334507,318669,5.0,De 300 à 450 000 entrées,,OUI,A,RDJPPR,FIXE,NON,C,519,279,231,64.3,16.2,13.9,5.6,434,82.2,77.5,47.472132,-0.553522
3,18866,PATHE ANGERS,PAYS DE LA LOIRE,AVENUE DES DROITS DE L'HOMME,49007,Angers,159103,49,49701,Angers,251150,04-Unités urbaines de 100 000 hbts ou plus,12,2522,53,19203,558357,602724,-7.4,De 450 à 700 000 entrées,CINEMAS PATHE,NON,NON,,FIXE,OUI,C,466,255,195,40.9,42.1,15.0,2.1,182,18.9,10.7,47.478647,-0.549339
7,19242,LE CASTEILL,OCCITANIE,PLACE DU CASTELL,66004,Les Angles,554,66,00000,Zone rurale,14183345,06-autres communes et unités urbaines,1,197,30,235,8234,6160,33.7,De 5 à 10 000 entrées,,NON,NON,,FIXE,NON,R,96,70,1,63.2,25.6,9.4,1.9,37,24.6,13.1,42.577018,2.075079
4,19325,MONCINE,NOUVELLE AQUITAINE,AVENUE DES BARTHES,64024,Anglet,41388,64,00751,Bayonne (partie française),267184,04-Unités urbaines de 100 000 hbts ou plus,7,1095,53,12977,289244,264465,9.4,De 200 à 300 000 entrées,,NON,NON,,FIXE,NON,C,165,127,122,41.6,41.0,16.1,1.4,35,10.6,6.9,43.483711,-1.508634
4,19464,CITE INTERN DE LA BANDE DESSINEE ET DE L'IMAGE,NOUVELLE AQUITAINE,121 ROUTE DE BORDEAUX,16015,Angoulême,43079,16,16601,Angoulême,113368,04-Unités urbaines de 100 000 hbts ou plus,2,294,53,2837,47701,45091,5.8,De 40 à 50 000 entrées,,OUI,C,RDJPPR,FIXE,NON,C,232,124,88,60.2,15.7,14.7,9.4,213,98.8,95.6,45.653155,0.150537
4,19491,MEGA CGR,NOUVELLE AQUITAINE,30 RUE SAINT- ROCH,16015,Angoulême,43079,16,16601,Angoulême,113368,04-Unités urbaines de 100 000 hbts ou plus,11,1876,53,18348,205708,209856,-2.0,De 200 à 300 000 entrées,CGR,NON,NON,,FIXE,OUI,C,426,283,266,42.7,38.5,15.2,3.5,176,26.1,18.0,45.650367,0.164018
4,19507,CGR EPERON ANGOULEME,NOUVELLE AQUITAINE,30 RUE SAINT-ROCH,16015,Angoulême,43079,16,16601,Angoulême,113368,04-Unités urbaines de 100 000 hbts ou plus,1,172,53,1349,17586,20452,-14.0,De 10 à 20 000 entrées,CGR,NON,NON,,FIXE,NON,C,56,35,35,9.3,66.6,20.3,3.8,4,5.1,4.3,45.650091,0.162338
5,19702,IDEAL CINEMA,HAUTS DE FRANCE,10 RUE EMILE VAMBROUK,59008,Aniche,10025,59,59701,Valenciennes (partie française),336069,04-Unités urbaines de 100 000 hbts ou plus,1,206,53,539,13088,13864,-5.6,De 10 à 20 000 entrées,,NON,NON,,FIXE,NON,B,162,91,1,44.6,36.9,13.6,4.9,60,26.6,27.7,50.33114,3.252155
6,19901,PATHE ANNECY,AUVERGNE / RHONE-ALPES,"AV. DE BROGNY - ZAC ""COURIER""",74010,Annecy,134942,74,74601,Annecy,187946,04-Unités urbaines de 100 000 hbts ou plus,10,1839,53,16223,416775,460830,-9.6,De 300 à 450 000 entrées,CINEMAS PATHE,NON,NON,,FIXE,OUI,C,357,195,177,44.0,38.9,15.4,1.7,101,16.6,11.0,45.912917,6.125425
6,19941,NEMOURS,AUVERGNE / RHONE-ALPES,22 RUE STE CLAIRE,74010,Annecy,134942,74,74601,Annecy,187946,04-Unités urbaines de 100 000 hbts ou plus,4,448,50,5468,110871,108424,2.3,De 100 à 150 000 entrées,,OUI,A,RD,FIXE,NON,C,239,166,138,66.3,9.1,17.4,7.2,208,94.3,93.1,45.898226,6.123792
6,19945,CINEMA MJC NOVEL,AUVERGNE / RHONE-ALPES,PLACE ANNAPURNA,74010,Annecy,134942,74,74601,Annecy,187946,04-Unités urbaines de 100 000 hbts ou plus,1,174,46,574,22741,23370,-2.7,De 20 à 30 000 entrées,,OUI,A,JPPR,FIXE,NON,C,160,72,1,50.4,16.9,20.1,12.5,115,77.6,69.1,45.917017,6.134075
6,19951,ESPACE 300,AUVERGNE / RHONE-ALPES,1 RUE JEAN JAURES,74010,Annecy,134942,74,74601,Annecy,187946,04-Unités urbaines de 100 000 hbts ou plus,1,288,2,2,475,276,72.1,Moins de 2000 entrées,,NON,NON,,FIXE,NON,C,2,1,0,0.0,0.0,48.4,51.6,1,50.0,48.4,45.902197,6.128472
6,19983,CINE ACTUEL MJC,AUVERGNE / RHONE-ALPES,3 RUE DU 8 MAI,74012,Annemasse,37859,74,00653,Genève (SUI)-Annemasse (partie française),197599,04-Unités urbaines de 100 000 hbts ou plus,1,111,48,985,23591,22981,2.7,De 20 à 30 000 entrées,,OUI,C,JPPR,FIXE,NON,C,177,104,0,52.1,24.5,10.0,13.5,160,92.5,88.9,46.191752,6.231982
6,20203,NACELLES,AUVERGNE / RHONE-ALPES,BD DE L EUROPE,07010,Annonay,16962,07,07401,Annonay,28073,05-Unités urbaines de 20 000 à 100 000 hbts,4,525,43,3531,78293,88141,-11.2,De 50 à 80 000 entrées,,OUI,D,JP,FIXE,NON,C,255,179,63,56.9,26.1,13.3,3.8,160,25.1,29.7,45.242757,4.670325
6,20311,SALLE DE CINEMA,BOURGOGNE / FRANCHE-COMTE,LE BOURG,71009,Anost,727,71,00000,Zone rurale,14183345,06-autres communes et unités urbaines,1,103,51,169,3210,3050,5.2,De 2 à 5 000 entrées,,OUI,E,,FIXE,NON,R,94,65,0,70.1,15.8,10.2,3.8,71,77.1,70.3,47.068237,4.09482
7,20672,Casino,PROVENCE-ALPES-COTE D'AZUR,6 ET 8 BD DU 24 AOUT,06004,Antibes,75779,06,06701,Nice,966577,04-Unités urbaines de 100 000 hbts ou plus,3,456,53,4118,74802,107162,-30.2,De 50 à 80 000 entrées,,OUI,C,,FIXE,NON,B,204,134,87,51.3,27.1,18.9,2.8,142,63.0,55.8,43.57983,7.122516
7,20685,CINEPLANET ANTIBES,PROVENCE-ALPES-COTE D'AZUR,11 RUE LACAN,06004,Antibes,75779,06,06701,Nice,966577,04-Unités urbaines de 100 000 hbts ou plus,8,768,48,11541,133170,,#VALEUR !,De 100 à 150 000 entrées,,NON,NON,,FIXE,OUI,B,240,194,179,38.7,43.3,15.9,2.1,55,10.6,5.3,43.5820513,7.1238663
2,20931,LE SELECT,ILE-DE-FRANCE,10 AV DIVISION LECLERC,92002,Antony,63639,92,00851,Paris,10947378,02-Petite Couronne,4,665,49,5986,188097,192803,-2.4,De 150 à 200 000 entrées,,OUI,C,RDJPPR,FIXE,NON,B,394,279,174,64.6,13.4,16.8,5.3,312,76.4,63.8,48.753029,2.304782
7,21532,LE CESAR,PROVENCE-ALPES-COTE D'AZUR,RUE SCUDERY,84003,Apt,11116,84,84303,Apt,15178,06-autres communes et unités urbaines,3,432,53,4590,60292,57348,5.1,De 50 à 80 000 entrées,,OUI,E,RDJP,FIXE,NON,C,268,197,103,53.7,28.3,15.1,3.0,177,42.1,36.1,43.875034,5.396362
6,21573,CINE CARROZ,AUVERGNE / RHONE-ALPES,PLACE CENTRALE,74014,Arâches-la-Frasse,1865,74,00000,Zone rurale,14183345,06-autres communes et unités urbaines,1,240,17,145,3496,4864,-28.1,De 2 à 5 000 entrées,,NON,NON,,FIXE,NON,R,85,62,19,63.2,20.0,13.9,2.9,35,36.8,31.2,46.015937,6.640629
4,22051,GRAND ECRAN,NOUVELLE AQUITAINE,9 BIS AVENUE GAMBETTA,33009,Arcachon,11391,33,33501,La Teste-de-Buch-Arcachon,69504,05-Unités urbaines de 20 000 à 100 000 hbts,3,519,53,3544,58688,58949,-0.4,De 50 à 80 000 entrées,GRAND ECRAN,OUI,D,,FIXE,NON,B,228,141,84,69.2,13.6,15.8,1.4,141,46.8,37.5,44.660258,-1.168378
6,22231,PATHE,AUVERGNE / RHONE-ALPES,46 AVENUE MARIE CURIE,74016,Archamps,2657,74,00653,Genève (SUI)-Annemasse (partie française),197599,04-Unités urbaines de 100 000 hbts ou plus,12,2648,53,19678,500902,510972,-2.0,De 450 à 700 000 entrées,CINEMAS PATHE,NON,NON,,FIXE,OUI,B,404,264,209,35.3,45.8,16.9,2.0,145,18.8,10.0,46.1393558,6.124697400000059
2,22634,JEAN VILAR,ILE-DE-FRANCE,1 RUE PAUL SIGNAC,94003,Arcueil,21962,94,00851,Paris,10947378,02-Petite Couronne,2,328,48,2073,23277,24156,-3.6,De 20 à 30 000 entrées,,OUI,C,RDJPPR,FIXE,NON,B,356,255,5,60.3,16.2,14.3,9.3,289,84.2,80.1,48.801352,2.330702
2,22636,MEGARAMA,ILE-DE-FRANCE,8 AVENUE SALVADOR ALLENDE,94003,Arcueil,21962,94,00851,Paris,10947378,02-Petite Couronne,6,781,53,9830,137730,156444,-12.0,De 100 à 150 000 entrées,MEGARAMA,NON,NON,,FIXE,NON,B,173,134,129,25.6,56.4,14.5,3.4,21,9.0,5.1,48.810228,2.328168
7,23102,LE JAURES,OCCITANIE,RUE JEAN JAURES,66008,Argelès-sur-Mer,10844,66,66501,Saint-Cyprien,63915,05-Unités urbaines de 20 000 à 100 000 hbts,1,234,53,860,19986,20432,-2.2,De 10 à 20 000 entrées,,OUI,D,,FIXE,NON,C,302,244,34,65.1,16.4,14.8,3.6,182,45.0,45.9,42.547269,3.023455
4,23131,Casino,OCCITANIE,2 PLACE DESPOURRINS,65025,Argelès-Gazost,3069,65,65203,Argelès-Gazost,7092,06-autres communes et unités urbaines,1,288,53,737,15543,12008,29.4,De 10 à 20 000 entrées,,OUI,E,,FIXE,NON,C,260,194,43,59.7,25.6,12.0,2.6,167,34.0,38.7,43.005826,-0.095968
3,23241,NORMANDY,NORMANDIE,13 RUE MEHEUDIN,61006,Argentan,13765,61,61302,Argentan,14841,06-autres communes et unités urbaines,3,534,52,2448,49262,47740,3.2,De 40 à 50 000 entrées,,OUI,E,JP,FIXE,NON,C,158,124,70,55.4,31.7,11.7,1.2,64,15.9,14.9,48.745411,-0.019397
4,23262,LE TURENNE,NOUVELLE AQUITAINE,AVENUE  POINCARE,19010,Argentat-sur-Dordogne,3000,19,19104,Argentat-sur-Dordogne,3000,06-autres communes et unités urbaines,1,187,51,371,9641,8165,18.1,De 5 à 10 000 entrées,,NON,NON,,FIXE,NON,I,152,129,0,67.9,19.7,10.1,2.2,86,47.5,41.9,45.091845,1.943901
2,23301,JEAN GABIN,ILE-DE-FRANCE,12-14 BOULEVARD LEON FEIX,95018,Argenteuil,109058,95,00851,Paris,10947378,03-Grande couronne,1,128,47,704,4330,8761,-50.6,De 2 à 5 000 entrées,,OUI,C,JP,FIXE,NON,B,119,104,10,54.9,15.8,20.0,9.3,95,81.0,77.2,48.946909,2.249331
2,23323,LE FIGUIER BLANC,ILE-DE-FRANCE,3TER RUE GREGOIRE COLLAS,95018,Argenteuil,109058,95,00851,Paris,10947378,03-Grande couronne,3,826,51,2642,31680,40877,-22.5,De 30 à 40 000 entrées,,OUI,C,JPPR,FIXE,NON,B,217,173,36,43.1,35.0,18.3,3.6,136,50.0,41.1,48.943679,2.24855
7,23392,L EAU VIVE,PROVENCE-ALPES-COTE D'AZUR,AVENUE CHARLES DE GAULLE,05006,L' Argentière-la-Bessée,2324,05,05101,L'Argentière-la-Bessée,2324,06-autres communes et unités urbaines,1,159,51,662,10780,10505,2.6,De 10 à 20 000 entrées,,OUI,E,PR,FIXE,NON,I,278,231,6,65.7,16.7,13.3,4.3,143,47.5,51.1,44.792274,6.558372
4,23491,LE COMMYNES,NOUVELLE AQUITAINE,RUE DE LA FRERIE,79013,Argentonnay,3283,79,00000,Zone rurale,14183345,06-autres communes et unités urbaines,1,223,40,221,2924,2339,25.0,De 2 à 5 000 entrées,,OUI,E,,FIXE,NON,R,100,76,0,71.9,15.2,4.8,8.0,35,27.4,40.2,46.983737,-0.446514
3,23513,EDEN PALACE,CENTRE-VAL DE LOIRE,8 RUE BARBES,36006,Argenton-sur-Creuse,5077,36,36203,Argenton-sur-Creuse,8498,06-autres communes et unités urbaines,1,187,53,682,23772,23570,0.9,De 20 à 30 000 entrées,,OUI,E,JPPR,FIXE,NON,C,192,147,0,64.5,20.7,13.5,1.3,114,47.6,39.8,46.588805,1.51986
3,23541,CIN EVASION,BRETAGNE,6 RUE AMBROISE PARE,35006,Argentré-du-Plessis,4662,35,35126,Argentré-du-Plessis,4662,06-autres communes et unités urbaines,1,158,49,468,9099,9676,-6.0,De 5 à 10 000 entrées,,OUI,E,,FIXE,NON,I,194,154,0,60.4,24.7,11.6,3.3,103,45.2,29.6,48.058076,-1.148927
3,23561,L'ARGENTIS,CENTRE-VAL DE LOIRE,PLACE NICOLAS LEBLANC,18011,Argent-sur-Sauldre,2108,18,00000,Zone rurale,14183345,06-autres communes et unités urbaines,1,126,51,391,6617,6154,7.5,De 5 à 10 000 entrées,,NON,NON,,FIXE,NON,I,151,118,5,63.4,23.3,10.1,3.3,61,25.4,21.4,47.558659,2.446881
7,23933,FEMINA,PROVENCE-ALPES-COTE D'AZUR,8 BD EMILE ZOLA,13004,Arles,51691,13,00552,Arles,54491,05-Unités urbaines de 20 000 à 100 000 hbts,3,483,52,3622,62329,53323,16.9,De 50 à 80 000 entrées,,NON,NON,,FIXE,NON,C,141,110,73,36.4,48.7,13.6,1.3,33,7.7,5.4,43.674097,4.627703
7,23951,ACTES SUD LE MEJAN,PROVENCE-ALPES-COTE D'AZUR,23 QUAI MARX DORMOY,13004,Arles,51691,13,00552,Arles,54491,05-Unités urbaines de 20 000 à 100 000 hbts,3,231,53,4335,52094,52517,-0.8,De 50 à 80 000 entrées,,OUI,D,RDJPPR,FIXE,NON,C,250,162,97,59.7,14.6,17.6,8.1,219,87.5,86.4,43.678479,4.624726
5,24246,CINEMA LES LUMIERES,HAUTS DE FRANCE,RUE DE LA GARE,59017,Armentières,25588,59,59501,Armentières (partie française),80740,05-Unités urbaines de 20 000 à 100 000 hbts,5,720,53,8598,140320,140928,-0.4,De 100 à 150 000 entrées,,NON,NON,,FIXE,NON,C,288,177,125,44.2,38.0,16.1,1.7,126,16.3,16.5,50.686113,2.894624
5,25032,MEGARAMA ARRAS,HAUTS DE FRANCE,48 GRAND' PLACE,62041,Arras,43133,62,62502,Arras,90336,05-Unités urbaines de 20 000 à 100 000 hbts,6,679,53,10410,221791,222376,-0.3,De 200 à 300 000 entrées,MEGARAMA,OUI,D,JPPR,FIXE,NON,C,402,224,171,46.1,35.6,17.1,1.3,220,28.3,21.6,50.29185,2.780997
5,25038,LE Casino,HAUTS DE FRANCE,3 RUE EMILE LEGRELLE,62041,Arras,43133,62,62502,Arras,90336,05-Unités urbaines de 20 000 à 100 000 hbts,1,,2,55,18723,16842,11.2,De 10 à 20 000 entrées,,NON,NON,,ITINERANT,NON,C,43,14,0,92.9,0.0,5.8,1.3,33,72.2,68.8,50.290037,2.776981
4,25179,MAISON DU VAL D'AZUN,OCCITANIE,1PLACE DU VAL D'AZUN,65032,Arrens-Marsous,707,65,65203,Argelès-Gazost,7092,06-autres communes et unités urbaines,1,75,53,92,1619,1403,15.4,Moins de 2000 entrées,,NON,NON,,FIXE,NON,B,80,66,5,67.7,19.6,10.5,2.1,32,37.9,38.3,42.955828,-0.213947
8,25571,L'UNION,GRAND EST,"3, RUE DU MOULIN",57032,Ars-sur-Moselle,4743,57,57701,Metz,294959,04-Unités urbaines de 100 000 hbts ou plus,1,194,47,243,13469,13879,-3.0,De 10 à 20 000 entrées,,NON,NON,,FIXE,NON,B,93,70,1,76.1,12.3,11.1,0.5,47,41.6,32.4,49.076026,6.07804
3,25722,CIRCUIT 1,CENTRE-VAL DE LOIRE,PLACE DE L'EGLISE,45008,Artenay,1998,45,00000,Zone rurale,14183345,06-autres communes et unités urbaines,1,,46,936,24425,23594,3.5,De 20 à 30 000 entrées,,OUI,E,JPPR,ITINERANT,NON,R,105,55,1,66.3,19.7,10.7,3.3,61,36.5,39.2,48.083036,1.87847
4,26132,SAINT MICHEL,NOUVELLE AQUITAINE,RUE ST MICHEL,64062,Arudy,2300,64,64105,Arudy,4384,06-autres communes et unités urbaines,1,126,53,605,10455,10911,-4.2,De 10 à 20 000 entrées,,OUI,E,JP,FIXE,NON,C,248,209,3,56.8,22.7,15.5,5.0,139,51.3,46.9,43.10327,-0.430803
4,26180,SALLE POLYVALENTE,OCCITANIE,ESPACE VEZINOIS,12011,Arvieu,791,12,00000,Zone rurale,14183345,06-autres communes et unités urbaines,1,,48,343,19393,14084,37.7,De 10 à 20 000 entrées,,OUI,E,JP,ITINERANT,NON,R,140,64,0,77.2,11.0,3.3,8.5,94,57.7,39.2,44.174083,2.607518
3,26402,LA LOCOMOTIVE,BRETAGNE,PLACE DE L'ANCIENNE GARE,56005,Arzon,2305,56,56102,Arzon,2305,06-autres communes et unités urbaines,2,246,53,2484,45346,38310,18.4,De 40 à 50 000 entrées,,OUI,E,RDJP,FIXE,NON,I,215,151,68,78.1,11.1,7.8,3.0,143,57.1,43.5,47.546509,-2.910816
2,26662,L ALCAZAR,ILE-DE-FRANCE,1 RUE DE LA STATION,92004,Asnières-sur-Seine,88672,92,00851,Paris,10947378,02-Petite Couronne,4,646,53,8274,181040,173018,4.6,De 150 à 200 000 entrées,,OUI,C,JPPR,FIXE,NON,B,254,127,105,46.7,32.8,17.7,2.8,166,50.7,38.8,48.906327,2.284046
2,27573,CINEMA VENTURA,ILE-DE-FRANCE,RUE SAMUEL DESBORDES,91027,Athis-Mons,35927,91,00851,Paris,10947378,03-Grande couronne,1,175,48,622,9216,10254,-10.1,De 5 à 10 000 entrées,,OUI,C,JP,FIXE,NON,B,203,167,3,63.0,19.2,14.3,3.5,126,60.0,59.6,48.7102,2.388137
7,27833,PAGNOL,PROVENCE-ALPES-COTE D'AZUR,COURS FOCH,13005,Aubagne,47640,13,00759,Marseille-Aix-en-Provence,1635844,04-Unités urbaines de 100 000 hbts ou plus,4,579,53,6000,82419,85634,-3.8,De 80 à 100 000 entrées,,OUI,C,,FIXE,NON,B,184,141,130,47.8,30.6,18.5,3.0,84,36.3,28.6,43.293397,5.567708
2,28264,STUDIO,ILE-DE-FRANCE,2 RUE EDOUARD POISSON,93001,Aubervilliers,89559,93,00851,Paris,10947378,02-Petite Couronne,1,127,53,1183,33029,31893,3.6,De 30 à 40 000 entrées,,OUI,C,JPPR,FIXE,NON,B,263,186,1,45.0,26.6,14.0,14.4,183,65.0,64.1,48.910534,2.384966
6,28462,PATHE AUBIERE,AUVERGNE / RHONE-ALPES,AVENUE LAVOISIER,63014,Aubière,10756,63,63701,Clermont-Ferrand,278692,04-Unités urbaines de 100 000 hbts ou plus,14,2450,53,23604,438835,471437,-6.9,De 300 à 450 000 entrées,CINEMAS PATHE,NON,NON,,FIXE,OUI,B,387,248,192,39.6,43.1,15.0,2.3,120,11.4,6.0,45.756523,3.143499
4,28661,LE CARFOUR,PAYS DE LA LOIRE,ROUTE DE NESMY,85008,Aubigny-Les Clouzeaux,7146,85,85208,Aubigny-Les Clouzeaux,7146,06-autres communes et unités urbaines,1,238,46,311,8324,7053,18.0,De 5 à 10 000 entrées,,OUI,E,,FIXE,NON,I,173,121,1,70.8,16.3,12.6,0.4,79,41.4,46.3,46.623209,-1.427738
3,28732,ATOMIC,CENTRE-VAL DE LOIRE,23 RUE DU PRIEURE,18015,Aubigny-sur-Nère,5623,18,18201,Aubigny-sur-Nère,5623,06-autres communes et unités urbaines,1,163,52,684,14936,12389,20.6,De 10 à 20 000 entrées,,OUI,E,JPPR,FIXE,NON,I,232,177,0,50.1,31.3,15.5,3.0,118,32.0,24.5,47.488316,2.43949
4,28991,COLBERT,NOUVELLE AQUITAINE,GRANDE RUE,23008,Aubusson,3335,23,23102,Aubusson,3335,06-autres communes et unités urbaines,2,379,53,1694,23315,21651,7.7,De 20 à 30 000 entrées,,OUI,E,RDJPPR,FIXE,NON,I,343,271,4,60.3,22.5,11.8,5.4,222,51.3,40.6,45.956961,2.170097
4,29062,JEAN MARAIS,OCCITANIE,RUE DES ECOLES,31022,Aucamville,9340,31,00758,Toulouse,1062736,04-Unités urbaines de 100 000 hbts ou plus,1,198,51,853,18654,18619,0.2,De 10 à 20 000 entrées,,OUI,C,JP,FIXE,NON,B,277,207,3,57.8,20.6,19.1,2.5,190,62.5,59.5,43.671301,1.43582
4,29123,CINE 32,OCCITANIE,73 AVENUE DE L'YSER,32013,Auch,23624,32,32401,Auch,27138,05-Unités urbaines de 20 000 à 100 000 hbts,7,938,52,8448,208333,176646,17.9,De 200 à 300 000 entrées,,OUI,D,RDJPPR,FIXE,NON,C,484,314,201,52.3,30.3,13.9,3.5,337,55.9,33.4,43.651097,0.594265
5,29144,CINE THEATRE LOUIS ARAGON,HAUTS DE FRANCE,61 BIS RUE JEAN JAURES,62048,Auchel,10263,62,00752,Béthune,360499,04-Unités urbaines de 100 000 hbts ou plus,1,514,51,357,8260,9782,-15.6,De 5 à 10 000 entrées,,NON,NON,,FIXE,NON,B,105,83,1,40.3,35.6,23.6,0.5,28,18.7,19.8,50.506306,2.472945
3,29373,CINE GOYEN,BRETAGNE,13 RUE LOUIS PASTEUR,29003,Audierne,3756,29,29210,Plouhinec-Audierne,7775,06-autres communes et unités urbaines,1,516,22,454,16986,,#VALEUR !,De 10 à 20 000 entrées,,OUI,E,JP,FIXE,NON,B,93,79,4,70.8,20.2,7.9,1.0,65,52.0,41.5,48.022078,-4.5389
8,29563,CINE AUDUN,GRAND EST,31 RUE LECLERC,57038,Audun-le-Tiche,7172,57,00452,Esch-sur-Alzette (LUX)-Villerupt (partie française),21670,05-Unités urbaines de 20 000 à 100 000 hbts,1,134,16,45,2472,419,490.0,De 2 à 5 000 entrées,,NON,NON,,FIXE,NON,C,19,7,1,35.2,17.1,44.0,3.8,14,82.4,84.6,49.470467,5.957243
6,29741,SALLE POLYVALENTE,AUVERGNE / RHONE-ALPES,SALLE POLYVALENTE,63016,Augerolles,899,63,00000,Zone rurale,14183345,06-autres communes et unités urbaines,1,,48,295,10007,10980,-8.9,De 10 à 20 000 entrées,,OUI,E,JP,ITINERANT,NON,R,73,42,0,60.9,14.4,20.5,4.1,51,69.4,75.6,45.71712,3.633074
2,30164,THEATRE ET CINEMA JACQUES PREVERT,ILE-DE-FRANCE,134 RUE ANATOLE FRANCE,93005,Aulnay-sous-Bois,86873,93,00851,Paris,10947378,02-Petite Couronne,2,789,47,1466,37743,29697,27.1,De 30 à 40 000 entrées,,OUI,C,JPPR,FIXE,NON,B,366,276,2,46.5,29.5,15.0,9.0,237,62.7,55.2,48.940586,2.496291
2,30184,UGC Ciné Cité O'PARINOR,ILE-DE-FRANCE,LE HAUT DE GALY,93005,Aulnay-sous-Bois,86873,93,00851,Paris,10947378,02-Petite Couronne,14,2590,53,25681,484819,552348,-12.2,De 450 à 700 000 entrées,UGC,NON,NON,,FIXE,OUI,B,388,195,189,23.5,57.5,15.5,3.5,92,11.8,6.4,48.960325,2.473606
3,30482,CHANTECLER,NORMANDIE,25 BD DES FONTAINES,76035,Aumale,2014,76,00154,Aumale,2431,06-autres communes et unités urbaines,1,181,53,784,17431,15577,11.9,De 10 à 20 000 entrées,,NON,NON,,FIXE,NON,C,100,82,8,73.0,20.7,5.9,0.4,25,12.5,11.5,49.770863,1.753271
3,30761,CINEMA PARADISO THEATRE,NORMANDIE,RUE DE VERDUN,14027,Les Monts d'Aunay,4659,14,14116,Les Monts d'Aunay,4659,06-autres communes et unités urbaines,1,199,52,611,21942,22178,-1.1,De 20 à 30 000 entrées,,OUI,E,JP,FIXE,NON,C,187,139,1,57.6,28.7,10.5,3.1,110,51.4,35.0,49.020149,-0.629742
3,30891,TI HANOK,BRETAGNE,8 RUE DU LEVENANT,56007,Auray,14571,56,56402,Auray,27815,05-Unités urbaines de 20 000 à 100 000 hbts,5,866,53,6878,214080,198277,8.0,De 200 à 300 000 entrées,,OUI,D,JPPR,FIXE,NON,C,415,232,125,56.6,27.4,14.3,1.7,262,40.8,29.9,47.669814,-2.985582
6,31236,CINE CRISTAL,AUVERGNE / RHONE-ALPES,1 PLACE DE LA PAIX,15014,Aurillac,26973,15,15401,Aurillac,34786,05-Unités urbaines de 20 000 à 100 000 hbts,7,1073,53,11368,177790,155376,14.4,De 150 à 200 000 entrées,CINEWEST,OUI,D,JP,FIXE,NON,C,445,305,153,51.3,31.7,13.5,3.4,235,30.4,21.4,44.92393,2.442797
6,31331,LES ECRINS,AUVERGNE / RHONE-ALPES,OFFICE MUNICIPA DE TOURISME,38020,Auris,184,38,00000,Zone rurale,14183345,06-autres communes et unités urbaines,1,97,12,13,907,584,55.3,Moins de 2000 entrées,,NON,NON,,FIXE,NON,R,13,12,2,71.4,22.4,6.2,0.0,0,0.0,0.0,45.037556,6.081406
4,31544,L'OUSTAL,OCCITANIE,PLACE DU 8 MAI 1945,31033,Auterive,10062,31,31213,Auterive,10062,06-autres communes et unités urbaines,1,179,53,1107,20875,21762,-4.1,De 20 à 30 000 entrées,,OUI,E,JPPR,FIXE,NON,I,346,253,6,55.6,22.9,16.8,4.7,203,53.5,47.4,43.350358,1.474329
6,32092,LE CLOS,AUVERGNE / RHONE-ALPES,LE CLOS,38225,Autrans-Méaudre en Vercors,3172,38,00000,Zone rurale,14183345,06-autres communes et unités urbaines,1,160,51,387,5541,9156,-39.5,De 5 à 10 000 entrées,,OUI,E,,FIXE,NON,R,209,195,0,66.1,20.1,11.8,2.0,120,41.6,35.2,45.1750733,5.540751
6,32363,ARLETTY,BOURGOGNE / FRANCHE-COMTE,5 RUE PERNETTE,71014,Autun,14215,71,71302,Autun,14215,06-autres communes et unités urbaines,4,417,51,3233,62970,62885,0.1,De 50 à 80 000 entrées,,OUI,E,RDJPPR,FIXE,NON,I,304,204,45,53.3,31.3,12.4,3.0,172,34.8,25.9,46.95158,4.296621
3,32651,MEGA CGR Casino,BOURGOGNE / FRANCHE-COMTE,1 BOULEVARD DU 11 NOVEMBRE,89024,Auxerre,35244,89,89402,Auxerre,42807,05-Unités urbaines de 20 000 à 100 000 hbts,8,1593,53,13682,265530,263215,0.9,De 200 à 300 000 entrées,CGR,OUI,D,JP,FIXE,OUI,C,377,249,161,46.3,37.1,15.0,1.6,190,26.1,15.8,47.793473,3.56576
6,32771,L'EMPIRE,BOURGOGNE / FRANCHE-COMTE,JARDIN DE L HOTEL DE VILLE,21038,Auxonne,7709,21,21206,Auxonne,7709,06-autres communes et unités urbaines,1,192,52,754,15962,14298,11.6,De 10 à 20 000 entrées,,OUI,E,,FIXE,NON,I,244,181,0,56.0,26.1,14.1,3.8,130,46.4,26.7,47.193943,5.404892
4,32941,STUDIO 7,OCCITANIE,LE CHEMIN DES ECOLIERS,31036,Auzielle,1635,31,31116,Lauzerville,3344,06-autres communes et unités urbaines,1,98,53,1360,39900,38386,3.9,De 30 à 40 000 entrées,,OUI,C,JPPR,FIXE,NON,B,298,194,3,66.3,13.9,15.2,4.7,226,74.2,72.1,43.543431,1.565026
3,33122,VAUBAN,BOURGOGNE / FRANCHE-COMTE,1 RUE DU MARECHAL FOCH,89025,Avallon,6635,89,89203,Avallon,6635,06-autres communes et unités urbaines,2,330,51,2009,41512,37109,11.9,De 40 à 50 000 entrées,,OUI,E,JP,FIXE,NON,I,368,287,20,55.8,24.7,16.3,3.2,221,43.5,35.2,47.490254,3.909327
5,33621,Caméo,HAUTS DE FRANCE,51 RUE DES PRES,59036,Avesnes-sur-Helpe,4295,59,59211,Avesnes-sur-Helpe,7748,06-autres communes et unités urbaines,2,234,51,1862,26272,24763,6.1,De 20 à 30 000 entrées,,OUI,E,JPPR,FIXE,NON,C,325,254,34,50.0,33.9,12.7,3.4,181,32.3,25.1,50.124842,3.926833
7,33751,VOX,PROVENCE-ALPES-COTE D'AZUR,22 PLACE DE L HORLOGE,84007,Avignon,92277,84,00754,Avignon,468293,04-Unités urbaines de 100 000 hbts ou plus,2,379,50,3553,65713,55818,17.7,De 50 à 80 000 entrées,,NON,NON,,FIXE,NON,C,193,95,47,55.0,21.3,22.1,1.7,116,36.7,35.9,43.949433,4.806281
7,33772,UTOPIA REPUBLIQUE,PROVENCE-ALPES-COTE D'AZUR,5 RUE FIGUIERE,84007,Avignon,92277,84,00754,Avignon,468293,04-Unités urbaines de 100 000 hbts ou plus,1,139,48,1093,21018,23584,-10.9,De 20 à 30 000 entrées,,OUI,B,RDPR,FIXE,NON,C,303,219,147,59.6,12.1,20.1,8.3,293,97.7,97.6,43.947217,4.806805
7,33791,UTOPIA MANUTENTION 1,PROVENCE-ALPES-COTE D'AZUR,4 RUE DES ESCALIERS SAINTE ANNE,84007,Avignon,92277,84,00754,Avignon,468293,04-Unités urbaines de 100 000 hbts ou plus,4,456,53,7928,180018,181734,-0.9,De 150 à 200 000 entrées,,OUI,B,RDJPPR,FIXE,NON,C,512,248,195,62.5,10.9,18.3,8.3,461,97.4,96.8,43.951249,4.808538
7,33801,PATHE CAP SUD,PROVENCE-ALPES-COTE D'AZUR,ZONE COMMERCIALE CAP SUD,84007,Avignon,92277,84,00754,Avignon,468293,04-Unités urbaines de 100 000 hbts ou plus,14,2524,53,23456,431908,459633,-6.0,De 300 à 450 000 entrées,CINEMAS PATHE,NON,NON,,FIXE,OUI,C,383,264,215,34.0,48.0,15.6,2.4,125,14.8,7.6,43.929048,4.837198
5,33912,LE FAMILIA,HAUTS DE FRANCE,RUE EDOUARD DEPRET,62065,Avion,17812,62,00756,Douai-Lens,510310,04-Unités urbaines de 100 000 hbts ou plus,1,193,52,467,14268,11253,26.8,De 10 à 20 000 entrées,,NON,NON,,FIXE,NON,B,89,58,1,36.7,33.4,28.3,1.6,33,26.8,30.9,50.408702,2.824662
3,34182,STAR,NORMANDIE,49 RUE DE LA CONSTITUTION,50025,Avranches,10785,50,50302,Avranches,16266,06-autres communes et unités urbaines,3,617,51,2207,71503,69359,3.1,De 50 à 80 000 entrées,,OUI,E,,FIXE,NON,C,148,122,49,54.8,31.0,13.4,0.9,66,22.6,14.6,48.684271,-1.35894
4,34482,Casino,OCCITANIE,ALLEES DU COULOUBRET,09032,Ax-les-Thermes,1350,09,00000,Zone rurale,14183345,06-autres communes et unités urbaines,1,336,52,182,4496,5217,-13.8,De 2 à 5 000 entrées,,OUI,E,,FIXE,NON,R,157,125,0,54.3,21.4,20.1,4.2,92,55.9,40.3,42.72135,1.838852
9,35272,LE CONCORDE,GRAND EST,10 RUE DE L ABBE MUNIER,54039,Baccarat,4221,54,54112,Baccarat,4718,06-autres communes et unités urbaines,1,245,52,132,5490,5440,0.9,De 5 à 10 000 entrées,,NON,NON,,FIXE,NON,C,67,57,0,47.6,28.7,20.1,3.6,11,12.5,25.4,48.447747,6.736992
4,35861,LE MAINTENON,OCCITANIE,RUE ALFRED ROLLAND,65059,Bagnères-de-Bigorre,7318,65,65301,Bagnères-de-Bigorre,13643,06-autres communes et unités urbaines,1,116,53,647,18007,16831,7.0,De 10 à 20 000 entrées,,OUI,E,JP,FIXE,NON,C,248,193,46,66.3,19.1,11.4,3.2,166,45.0,44.6,43.062858,0.15111
4,35872,REX,OCCITANIE,RUE LASSUS NESTIER,31042,Bagnères-de-Luchon,2368,31,31122,Bagnères-de-Luchon,4013,06-autres communes et unités urbaines,2,358,53,2154,36673,32258,13.7,De 30 à 40 000 entrées,,OUI,E,JP,FIXE,NON,C,195,151,39,68.4,17.5,11.7,2.5,112,35.5,26.1,42.788987,0.591188
2,35953,THEATRE VICTOR HUGO,ILE-DE-FRANCE,14 AV VICTOR HUGO,92007,Bagneux,42122,92,00851,Paris,10947378,02-Petite Couronne,1,418,31,120,8057,6950,15.9,De 5 à 10 000 entrées,,NON,NON,,FIXE,NON,B,49,21,0,39.2,39.6,19.2,1.9,30,61.9,54.2,48.804045,2.321692
2,36013,LE CIN'HOCHE,ILE-DE-FRANCE,6 RUE HOCHE,93006,Bagnolet,38571,93,00851,Paris,10947378,02-Petite Couronne,2,288,49,2200,41469,40116,3.4,De 40 à 50 000 entrées,,OUI,C,RDJPPR,FIXE,NON,B,227,154,51,73.4,10.7,9.4,6.5,183,88.8,84.1,48.869237,2.417029
3,36071,Casino DU LAC,NORMANDIE,6 AVENUE ROBERT  COUSIN,61483,Bagnoles de l'Orne Normandie,2767,61,61102,Bagnoles de l'Orne Normandie,3156,06-autres communes et unités urbaines,1,346,53,1219,26563,21119,25.8,De 20 à 30 000 entrées,,OUI,E,,FIXE,NON,C,181,163,5,76.1,14.0,9.3,0.6,67,28.8,17.2,48.557714,-0.418487
7,36122,Casino,OCCITANIE,14 RUE DU Casino,30028,Bagnols-sur-Cèze,18405,30,30401,Bagnols-sur-Cèze,29195,05-Unités urbaines de 20 000 à 100 000 hbts,4,678,48,2872,68366,59126,15.6,De 50 à 80 000 entrées,,NON,NON,,FIXE,NON,C,121,95,60,45.7,38.6,13.4,2.3,41,14.5,14.3,44.16605,4.620681
7,36282,SALLE MUNICIPALE CLAUDE PLAN,OCCITANIE,SALLE MUNICIPALE CLAUDE PLAN,34022,Baillargues,7702,34,34302,Baillargues,11036,06-autres communes et unités urbaines,1,,47,404,22384,21160,5.8,De 20 à 30 000 entrées,,NON,NON,,ITINERANT,NON,C,87,58,0,67.0,21.2,7.2,4.6,30,24.2,16.8,43.662182,4.013467
5,36352,FLANDRIA,HAUTS DE FRANCE,"45, RUE DES VIVIERS",59043,Bailleul,15250,59,59501,Armentières (partie française),80740,05-Unités urbaines de 20 000 à 100 000 hbts,1,145,23,307,9390,18214,-48.4,De 5 à 10 000 entrées,,OUI,D,JP,FIXE,NON,C,81,43,2,61.9,12.0,21.4,4.7,55,63.7,62.6,50.740146,2.736651
3,36602,LE SCENARIO,BRETAGNE,RUE DU CHENE VERT,35012,Bain-de-Bretagne,7583,35,35215,Bain-de-Bretagne,7583,06-autres communes et unités urbaines,2,294,50,878,29748,26712,11.4,De 20 à 30 000 entrées,,OUI,E,JP,FIXE,NON,I,354,239,20,51.3,32.5,13.2,2.9,192,42.8,24.0,47.845691,-1.687075
9,36672,CINE VOGE,GRAND EST,PLACE DE L HOTEL DE VILLE,88029,La Vôge-les-Bains,1712,88,00000,Zone rurale,14183345,06-autres communes et unités urbaines,1,97,51,334,3307,3195,3.5,De 2 à 5 000 entrées,,NON,NON,,FIXE,NON,R,135,113,1,71.7,12.9,14.6,0.8,57,39.9,40.5,48.003606,6.264555
2,37350,CINE TOILE,ILE-DE-FRANCE,2 RUE DES COLOMBES,91045,Ballancourt-sur-Essonne,7812,91,91303,Ballancourt-sur-Essonne,17593,03-Grande couronne,1,189,50,733,7487,7666,-2.3,De 5 à 10 000 entrées,,NON,NON,,FIXE,NON,C,172,151,4,70.8,15.6,10.5,3.1,80,31.8,35.2,48.528643,2.388787
4,38501,CINEMA DE BARAQUEVILLE,OCCITANIE,PLACE RENE CASSIN,12056,Baraqueville,3259,12,12103,Baraqueville,3259,06-autres communes et unités urbaines,1,164,46,450,8965,7404,21.1,De 5 à 10 000 entrées,,OUI,E,,FIXE,NON,I,196,155,1,70.1,10.8,10.7,8.5,104,52.6,51.0,44.277667,2.43172
4,38592,SALLE COMMUNALE,NOUVELLE AQUITAINE,SALLE COMMUNALE,47021,Barbaste,1571,47,47301,Nérac,12276,06-autres communes et unités urbaines,1,,48,69,2768,2317,19.5,De 2 à 5 000 entrées,,NON,NON,,ITINERANT,NON,B,55,38,0,57.1,18.2,20.0,4.6,8,16.7,16.3,44.169886,0.285632
4,38772,LE CLUB,NOUVELLE AQUITAINE,32 BD CHANZY,16028,Barbezieux-Saint-Hilaire,4924,16,16107,Barbezieux-Saint-Hilaire,4924,06-autres communes et unités urbaines,2,239,53,1774,36613,34223,7.0,De 30 à 40 000 entrées,,OUI,E,JP,FIXE,NON,I,269,189,24,57.2,29.3,11.0,2.5,168,41.5,31.7,45.471503,-0.152462
7,38931,L UBAYE,PROVENCE-ALPES-COTE D'AZUR,19 RUE HENRI MERCIER,04019,Barcelonnette,2760,04,04106,Barcelonnette,3373,06-autres communes et unités urbaines,2,260,51,1458,24262,25174,-3.6,De 20 à 30 000 entrées,,OUI,E,JP,FIXE,NON,C,235,177,14,57.0,28.8,12.6,1.6,126,36.2,24.8,44.387012,6.653653
4,39131,LE REFUGE,OCCITANIE,LE REFUGE,65481,Barèges,162,65,00000,Zone rurale,14183345,06-autres communes et unités urbaines,1,136,42,119,2037,1651,23.4,De 2 à 5 000 entrées,,NON,NON,,FIXE,NON,R,87,70,11,72.7,20.6,5.9,0.8,34,31.9,15.3,42.8964384,0.06247450000000754
3,39174,THEATRE MONTDORY,NORMANDIE,RUE DU GENERAL GIRAUD,76057,Barentin,12478,76,76303,Barentin,20466,05-Unités urbaines de 20 000 à 100 000 hbts,1,345,32,84,7913,6735,17.5,De 5 à 10 000 entrées,,NON,NON,,FIXE,NON,C,62,39,0,66.4,22.0,10.8,0.8,27,46.2,39.2,49.544612,0.95126
7,39428,CINEMA JEAN-LOUIS TRINTIGNANT,OCCITANIE,L ESPLANADE,30029,Barjac,1645,30,00000,Zone rurale,14183345,06-autres communes et unités urbaines,1,90,53,344,8397,8798,-4.6,De 5 à 10 000 entrées,,OUI,E,,FIXE,NON,R,250,193,1,65.0,13.4,13.7,8.0,166,63.1,60.2,44.307917,4.346467
7,39442,L ODEON,PROVENCE-ALPES-COTE D'AZUR,RUE BARRI,83012,Barjols,3056,83,83113,Barjols,3056,06-autres communes et unités urbaines,1,131,51,617,7169,6330,13.3,De 5 à 10 000 entrées,,OUI,E,,FIXE,NON,I,226,178,3,59.6,16.1,19.7,4.6,169,71.6,60.2,43.558187,6.006581
9,39487,CINEMA CONFLUENCES BAR LE DUC,GRAND EST,Avenue du 94ème RI,55029,Bar-le-Duc,15135,55,55301,Bar-le-Duc,18383,06-autres communes et unités urbaines,5,763,53,8170,127903,127926,0.0,De 100 à 150 000 entrées,,OUI,E,JP,FIXE,NON,C,299,218,169,49.3,35.0,13.5,2.1,142,26.2,15.8,48.768867,5.168347
3,39662,SELECT,NORMANDIE,AV DE LA REPUBLIQUE,50031,Barneville-Carteret,2268,50,00000,Zone rurale,14183345,06-autres communes et unités urbaines,1,270,48,624,25660,24447,5.0,De 20 à 30 000 entrées,,OUI,E,,FIXE,NON,R,128,120,12,67.5,22.7,9.5,0.2,57,23.4,18.0,49.380918,-1.77881
3,40293,LE VAGABOND,GRAND EST,3 BIS BD DE LA REPUBLIQUE,10033,Bar-sur-Aube,4968,10,10201,Bar-sur-Aube,5210,06-autres communes et unités urbaines,2,439,51,1801,23847,23568,1.2,De 20 à 30 000 entrées,,OUI,E,JP,FIXE,NON,C,315,254,14,60.4,25.5,11.8,2.3,177,37.1,29.1,48.230581,4.709869
3,40708,CINE POLE SUD,PAYS DE LA LOIRE,SCI MAPHI,44009,Basse-Goulaine,9659,44,44701,Nantes,683510,04-Unités urbaines de 100 000 hbts ou plus,10,1850,53,19603,694542,633684,9.6,De 450 à 700 000 entrées,,NON,NON,,FIXE,OUI,B,280,188,179,45.2,39.5,13.5,1.8,51,9.7,5.5,47.215304,-1.465696
7,41134,STUDIO CINEMAS,CORSE,1 RUE DE LA MISERICORDE,2B033,Bastia,48928,2B,2B501,Bastia,72702,05-Unités urbaines de 20 000 à 100 000 hbts,2,344,53,2924,58562,57746,1.4,De 50 à 80 000 entrées,,OUI,D,JPPR,FIXE,NON,C,220,139,76,34.6,39.4,23.8,2.2,131,42.5,36.7,42.695783,9.447861
7,41142,REGENT,CORSE,5  TER RUE CESAR CAMPINCHI,2B033,Bastia,48928,2B,2B501,Bastia,72702,05-Unités urbaines de 20 000 à 100 000 hbts,3,299,53,3813,98371,101398,-3.0,De 80 à 100 000 entrées,,OUI,D,,FIXE,NON,C,234,144,98,53.7,25.4,18.6,2.3,114,27.8,28.3,42.697652,9.448441
3,41781,LE CELTIC,BRETAGNE,1 RUE DE LA LIBERATION,56010,Baud,6427,56,56208,Baud,6427,06-autres communes et unités urbaines,1,255,53,1241,25972,22292,16.5,De 20 à 30 000 entrées,,OUI,E,JP,FIXE,NON,I,172,128,29,59.7,27.6,11.3,1.5,77,20.0,20.7,47.877156,-3.017589
3,42011,STELLA CINE,PAYS DE LA LOIRE,9 RUE DU PRESBYTERE,49018,Baugé-en-Anjou,11978,49,49303,Baugé-en-Anjou,11978,06-autres communes et unités urbaines,1,203,50,211,5967,7344,-18.8,De 5 à 10 000 entrées,,OUI,E,,FIXE,NON,I,174,151,1,71.2,16.5,8.2,4.1,89,47.8,36.7,47.542333,-0.107495
3,42075,GULF STREAM,PAYS DE LA LOIRE,52 AV DU GENERAL DE GAULLE,44055,La Baule-Escoublac,16706,44,44601,Saint-Nazaire,194384,04-Unités urbaines de 100 000 hbts ou plus,5,804,53,8067,120631,113933,5.9,De 100 à 150 000 entrées,,OUI,C,,FIXE,NON,B,251,203,182,62.5,23.4,13.2,0.9,107,28.3,21.6,47.283747,-2.391924
6,42201,STELLA CINEMA,BOURGOGNE / FRANCHE-COMTE,14 RUE DES JUIFS,25047,Baume-les-Dames,5144,25,25201,Baume-les-Dames,5144,06-autres communes et unités urbaines,2,194,52,1127,18249,16620,9.8,De 10 à 20 000 entrées,,NON,NON,,FIXE,NON,I,282,248,0,62.1,22.8,12.5,2.6,143,44.7,37.3,47.353131,6.359659
3,42621,MELIES,NORMANDIE,10/12 RUE GENAS DUHOMME,14047,Bayeux,12966,14,14302,Bayeux,17994,06-autres communes et unités urbaines,3,444,52,2642,81746,71954,13.6,De 80 à 100 000 entrées,,OUI,E,,FIXE,NON,C,167,119,61,52.4,30.3,15.8,1.4,77,23.3,18.8,49.278064,-0.70355
4,42717,L'AUTRE CINEMA,NOUVELLE AQUITAINE,3 QUAI AMIRAL SALA,64102,Bayonne,53296,64,00751,Bayonne (partie française),267184,04-Unités urbaines de 100 000 hbts ou plus,3,400,51,4565,161445,142757,13.1,De 150 à 200 000 entrées,,OUI,C,RDJPPR,FIXE,NON,C,369,213,152,64.6,10.3,17.0,8.1,316,94.7,92.9,43.495508,-1.471382
4,42841,VOG,NOUVELLE AQUITAINE,14 RUE DU PALAIS DE JUSTICE,33036,Bazas,5064,33,33201,Bazas,5403,06-autres communes et unités urbaines,1,154,52,795,16343,16200,0.9,De 10 à 20 000 entrées,,OUI,E,JPPR,FIXE,NON,I,333,217,2,62.3,17.4,16.0,4.3,223,63.2,58.7,44.432356,-0.21416
6,44005,SALLE DE LA CHAUDANNE,AUVERGNE / RHONE-ALPES,RUE DE LA FONDERIE,73034,Beaufort,2106,73,73105,Beaufort,3668,06-autres communes et unités urbaines,1,80,27,191,4594,4297,6.9,De 2 à 5 000 entrées,,NON,NON,,FIXE,NON,C,71,61,22,64.4,23.6,10.9,1.1,23,22.5,16.4,45.717264,6.575641
3,44042,CINEMA DE BEAUFORT EN VALLEE,PAYS DE LA LOIRE,PLACE NOTRE DAME,49021,Beaufort-en-Anjou,7242,49,49205,Beaufort-en-Anjou,7242,06-autres communes et unités urbaines,1,144,44,388,10899,10623,2.6,De 10 à 20 000 entrées,,OUI,E,,FIXE,NON,C,251,221,0,72.4,13.4,12.0,2.2,154,53.8,41.8,47.440442,-0.217892
3,44131,CINEMA LE DUNOIS,CENTRE-VAL DE LOIRE,11 RUE DE LA MAILLE D OR,45028,Beaugency,7571,45,45206,Beaugency,8952,06-autres communes et unités urbaines,1,200,53,749,27427,26634,3.0,De 20 à 30 000 entrées,,OUI,E,JP,FIXE,NON,C,192,157,30,49.2,30.9,17.8,2.1,97,29.5,25.8,47.777284,1.628684
6,44239,COUR DE L'ECOLE,AUVERGNE / RHONE-ALPES,COUR DE L'ECOLE,07028,Beaulieu,534,07,00000,Zone rurale,14183345,06-autres communes et unités urbaines,1,,23,59,5030,5243,-4.1,De 5 à 10 000 entrées,,NON,NON,,ITINERANT,NON,R,43,27,0,27.9,66.2,4.3,1.7,34,57.6,19.7,44.368236,4.268552
7,44502,LE CINEMA DE BEAULIEU,PROVENCE-ALPES-COTE D'AZUR,RUE ALBERT 1ER,06011,Beaulieu-sur-Mer,3788,06,06701,Nice,966577,04-Unités urbaines de 100 000 hbts ou plus,1,120,50,870,21967,18102,21.4,De 20 à 30 000 entrées,,OUI,C,,FIXE,NON,B,292,216,7,54.2,25.0,17.2,3.7,211,69.5,64.8,43.705177,7.329524
4,44892,LES NOUVEAUX BLEUS,OCCITANIE,BOULEVARD DE VERDUN,82013,Beaumont-de-Lomagne,3951,82,82108,Beaumont-de-Lomagne,3951,06-autres communes et unités urbaines,1,212,53,761,11041,9202,20.0,De 10 à 20 000 entrées,,OUI,E,PR,FIXE,NON,I,338,246,1,58.1,25.2,14.3,2.4,196,51.1,34.1,43.880921,0.98659
2,45132,BEAUMONT PALACE,ILE-DE-FRANCE,6 AV ANATOLE FRANCE,95052,Beaumont-sur-Oise,9671,95,00463,Persan-Beaumont-sur-Oise,39344,03-Grande couronne,1,353,50,988,20873,20903,-0.1,De 20 à 30 000 entrées,,OUI,D,JPPR,FIXE,NON,C,260,193,2,58.3,23.2,15.6,2.9,166,60.0,70.5,49.141412,2.283076
6,45266,CGR BEAUNE,BOURGOGNE / FRANCHE-COMTE,13 BIS BOULEVARD MARECHAL JOFFRE,21054,Beaune,20808,21,21401,Beaune,20808,05-Unités urbaines de 20 000 à 100 000 hbts,6,898,53,9826,121572,119002,2.2,De 100 à 150 000 entrées,CGR,OUI,D,JP,FIXE,NON,I,311,207,116,50.4,32.6,14.7,2.3,157,21.8,15.8,47.026717,4.841456
3,45372,CINEMA JEANNE D ARC,PAYS DE LA LOIRE,RUE JEANNE D ARC,49023,Beaupréau-en-Mauges,24167,49,49402,Beaupréau-en-Mauges,24167,05-Unités urbaines de 20 000 à 100 000 hbts,1,160,53,620,21262,17273,23.1,De 20 à 30 000 entrées,,OUI,D,,FIXE,NON,I,277,206,4,67.7,21.2,9.2,1.9,131,36.2,24.1,47.20201,-0.995912
5,45471,THEATRE SAINT MARTIN,HAUTS DE FRANCE,THEATRE SAINT MARTIN,62100,Beaurainville,2099,62,62111,Beaurainville,3376,06-autres communes et unités urbaines,1,,53,688,51260,50912,0.7,De 50 à 80 000 entrées,,OUI,E,JPPR,ITINERANT,NON,C,188,91,3,57.3,20.3,20.0,2.4,107,43.4,48.9,50.427424,1.879935
6,45602,L'ORON,AUVERGNE / RHONE-ALPES,2 AV MICHEL VILLAZ,38034,Beaurepaire,5088,38,38206,Beaurepaire,6063,06-autres communes et unités urbaines,2,349,51,1671,58552,11056,429.6,De 50 à 80 000 entrées,,OUI,E,,FIXE,NON,C,282,216,74,55.5,29.2,11.6,3.8,161,35.2,29.6,45.338891,5.057286
3,45876,AGNES VARDA,HAUTS DE FRANCE,8 AV DE BOURGOGNE,60057,Beauvais,58306,60,60501,Beauvais,62875,05-Unités urbaines de 20 000 à 100 000 hbts,1,205,48,659,9466,14803,-36.1,De 5 à 10 000 entrées,,OUI,D,JPPR,FIXE,NON,C,224,131,2,64.9,10.5,14.5,10.1,173,79.3,83.8,49.437982,2.099627
3,45877,CGR BEAUVAIS,HAUTS DE FRANCE,16 RUE CORRÉUS,60057,Beauvais,58306,60,60501,Beauvais,62875,05-Unités urbaines de 20 000 à 100 000 hbts,12,2108,53,23573,385980,399813,-3.5,De 300 à 450 000 entrées,CGR,OUI,D,JP,FIXE,OUI,C,450,286,260,39.2,44.1,14.9,1.8,206,25.4,9.7,49.426913,2.091861
7,46613,CINEMA JEAN-CLAUDE CARRIERE,OCCITANIE,AVENUE DES JUSTES PARMI LES NATIONS,34028,Bédarieux,5952,34,34304,Bédarieux,13194,06-autres communes et unités urbaines,3,402,53,3429,50323,43974,14.4,De 50 à 80 000 entrées,,OUI,E,RDJPPR,FIXE,NON,C,447,329,161,54.5,30.5,12.4,2.6,256,36.2,26.4,43.611508,3.171558
4,46862,LA LANTERNE,NOUVELLE AQUITAINE,151 BD ALBERT 1ER,33039,Bègles,30890,33,33701,Bordeaux,1008323,04-Unités urbaines de 100 000 hbts ou plus,2,365,50,2669,44950,34819,29.1,De 40 à 50 000 entrées,,OUI,C,JPPR,FIXE,NON,B,385,231,23,55.5,19.6,17.7,7.2,291,74.3,70.8,44.813225,-0.563936
6,47476,Kinepolis BELFORT,BOURGOGNE / FRANCHE-COMTE,1 BOULEVARD RICHELIEU,90010,Belfort,46225,90,00558,Belfort,79491,05-Unités urbaines de 20 000 à 100 000 hbts,14,2973,53,22219,283946,318842,-10.9,De 200 à 300 000 entrées,Kinepolis,OUI,D,RDJPPR,FIXE,OUI,C,619,377,330,39.5,42.1,15.6,2.8,334,33.0,18.0,47.63059,6.861946
4,47645,LUX,NOUVELLE AQUITAINE,3 AVENUE DE LA LIBERTE,87011,Bellac,3744,87,87106,Bellac,4809,06-autres communes et unités urbaines,1,292,50,775,11846,10148,16.7,De 10 à 20 000 entrées,,OUI,E,JPPR,FIXE,NON,C,236,167,1,65.5,17.8,12.3,4.4,128,43.7,36.9,46.122277,1.045319
6,47950,VARIETES,AUVERGNE / RHONE-ALPES,42 RUE DE LA REPUBLIQUE,01033,Bellegarde-sur-Valserine,16770,01,00360,Valserhône,17721,06-autres communes et unités urbaines,2,390,53,1631,42895,37065,15.7,De 40 à 50 000 entrées,,NON,NON,,FIXE,NON,C,223,181,43,43.4,41.8,12.5,2.3,111,25.4,18.4,46.107207,5.825389
6,48241,STUDIO,AUVERGNE / RHONE-ALPES,3 RUE DES POMMIERS,73150,La Plagne Tarentaise,3959,73,00000,Zone rurale,14183345,06-autres communes et unités urbaines,1,247,30,300,3758,3921,-4.2,De 2 à 5 000 entrées,,NON,NON,,FIXE,NON,B,100,81,14,48.2,33.8,16.4,1.6,36,30.5,19.6,45.57230759999999,6.741789599999947
6,48422,LE SINGULIER CINEMA,AUVERGNE / RHONE-ALPES,3 BOULEVARD ROSSELLI,69019,Belleville,13616,69,00451,Belleville-en-Beaujolais,21198,05-Unités urbaines de 20 000 à 100 000 hbts,2,299,53,2794,90092,76456,17.8,De 80 à 100 000 entrées,,OUI,D,RDJPPR,FIXE,NON,C,357,269,54,54.8,32.6,10.7,1.8,237,46.5,26.1,46.10617,4.748173
6,48503,ARLEQUIN,AUVERGNE / RHONE-ALPES,ESPACE BAUDIN,01034,Belley,9550,01,01301,Belley,10716,06-autres communes et unités urbaines,3,434,52,2496,53898,49100,9.8,De 50 à 80 000 entrées,,OUI,E,,FIXE,NON,C,265,199,101,51.9,35.3,11.5,1.2,151,27.7,19.2,45.759249,5.690752
8,49522,REX,GRAND EST,"6, RUE CLEMENCEAU",67028,Benfeld,5914,67,67211,Benfeld,8610,06-autres communes et unités urbaines,1,171,52,1001,17071,17260,-1.1,De 10 à 20 000 entrées,,OUI,E,JP,FIXE,NON,C,257,198,5,46.8,32.8,18.9,1.5,128,34.8,24.1,48.369448,7.595426
3,49632,CINEMARINE,BRETAGNE,AVENUE DE LA PLAGE,29006,Bénodet,3775,29,29402,Fouesnant,26245,05-Unités urbaines de 20 000 à 100 000 hbts,2,326,53,2353,39341,37479,5.0,De 30 à 40 000 entrées,,OUI,D,,FIXE,NON,B,223,204,122,69.1,21.3,8.8,0.8,126,39.6,31.5,47.874121,-4.110036
5,50033,CINOS,HAUTS DE FRANCE,"442, RUE DE L'IMPÉRATRICE",62108,Berck,13778,62,62401,Berck,44883,05-Unités urbaines de 20 000 à 100 000 hbts,3,566,53,4442,137430,131343,4.6,De 100 à 150 000 entrées,,OUI,D,JP,FIXE,NON,C,277,180,85,50.0,35.0,13.3,1.6,145,21.7,11.1,50.408345,1.593105
4,50151,CYRANO,NOUVELLE AQUITAINE,2 PLACE DES CARMES,24037,Bergerac,27101,24,00555,Bergerac,65682,05-Unités urbaines de 20 000 à 100 000 hbts,9,1082,53,11869,151614,144867,4.7,De 150 à 200 000 entrées,GRAND ECRAN,OUI,D,,FIXE,OUI,C,419,273,184,49.2,34.4,14.4,2.0,225,30.0,17.7,44.853174,0.486443
3,50834,CINEMA MULTIREX,NORMANDIE,2 RUE BERNARD GOMBERT,27056,Bernay,9935,27,27301,Bernay,11566,06-autres communes et unités urbaines,4,518,53,5440,137993,127164,8.5,De 100 à 150 000 entrées,,OUI,E,JP,FIXE,NON,C,323,211,91,52.4,33.1,13.3,1.2,188,18.6,11.2,49.083411,0.598278
3,50901,SALLE JEANNE D ARC,PAYS DE LA LOIRE,15 RUE DE LA MER,44012,La Bernerie-en-Retz,3246,44,44306,Pornic,22413,05-Unités urbaines de 20 000 à 100 000 hbts,1,218,52,342,11681,7806,49.6,De 10 à 20 000 entrées,,OUI,E,,FIXE,NON,B,238,181,1,71.8,17.9,7.8,2.5,139,52.2,35.0,47.079739,-2.03865
7,51261,CINE 89,PROVENCE-ALPES-COTE D'AZUR,COURS MIRABEAU,13014,Berre-l'Étang,13903,13,00759,Marseille-Aix-en-Provence,1635844,04-Unités urbaines de 100 000 hbts ou plus,1,196,49,1369,23483,22187,5.8,De 20 à 30 000 entrées,,OUI,C,JP,FIXE,NON,B,300,202,5,62.5,15.3,16.6,5.5,222,68.4,55.8,43.476136,5.167368
6,52141,PLAZZA VICTOR HUGO,BOURGOGNE / FRANCHE-COMTE,6 RUE GAMBETTA,25056,Besançon,121519,25,25601,Besançon,144012,04-Unités urbaines de 100 000 hbts ou plus,3,337,53,4699,81319,66358,22.5,De 80 à 100 000 entrées,,OUI,B,RDJPPR,FIXE,NON,C,237,144,124,69.3,9.8,12.8,8.1,223,96.3,97.9,47.240015,6.025346
6,52162,ESPACE PLANOISE,BOURGOGNE / FRANCHE-COMTE,PLACE DE L' EUROPE,25056,Besançon,121519,25,25601,Besançon,144012,04-Unités urbaines de 100 000 hbts ou plus,1,426,43,345,20713,24003,-13.7,De 20 à 30 000 entrées,,OUI,B,PR,FIXE,NON,C,111,14,1,36.8,27.8,22.2,13.1,97,90.8,89.2,47.21818,5.973484
6,52174,MEGARAMA BEAUX  ARTS,BOURGOGNE / FRANCHE-COMTE,3 RUE GUSTAVE COURBET,25056,Besançon,121519,25,25601,Besançon,144012,04-Unités urbaines de 100 000 hbts ou plus,8,1330,53,12615,213988,217869,-1.8,De 200 à 300 000 entrées,MEGARAMA,NON,NON,,FIXE,OUI,C,276,198,190,43.5,39.4,15.7,1.5,134,36.5,23.9,47.240272,6.023995
6,52532,FOYER RURAL,AUVERGNE / RHONE-ALPES,FOYER RURAL,63038,Besse-et-Saint-Anastaise,1543,63,00000,Zone rurale,14183345,06-autres communes et unités urbaines,1,,51,623,7462,4524,64.9,De 5 à 10 000 entrées,,NON,NON,,ITINERANT,NON,R,165,131,0,67.6,18.2,13.0,1.2,95,38.3,27.7,45.512152,2.93212
7,52619,LE MARILYN,PROVENCE-ALPES-COTE D'AZUR,PLACE NOEL BLACHE,83018,Besse-sur-Issole,3122,83,83308,Gonfaron,15860,06-autres communes et unités urbaines,1,84,52,317,7703,8501,-9.4,De 5 à 10 000 entrées,,NON,NON,,FIXE,NON,C,90,76,1,60.0,23.2,16.4,0.4,18,14.2,10.8,43.349529,6.177013
5,53122,ETOILE BETHUNE,HAUTS DE FRANCE,"379, avenue de Lens",62119,Béthune,25314,62,00752,Béthune,360499,04-Unités urbaines de 100 000 hbts ou plus,9,1464,53,13808,231064,222921,3.7,De 200 à 300 000 entrées,CINEWEST,NON,NON,,FIXE,OUI,C,398,213,152,40.5,42.7,15.8,1.1,148,14.8,8.8,50.521692,2.641202
3,53461,TRISKEL,BRETAGNE,2 RUE DU TREGOR,35024,Betton,12935,35,35701,Rennes,375022,04-Unités urbaines de 100 000 hbts ou plus,1,183,48,391,21934,21161,3.7,De 20 à 30 000 entrées,,OUI,E,,FIXE,NON,C,202,152,1,66.4,17.3,13.3,3.0,124,52.8,50.3,48.183726,-1.649328
2,54292,LA BARBACANE,ILE-DE-FRANCE,PLACE DU 8 MAI 1945,78062,Beynes,7697,78,78205,Beynes,7697,03-Grande couronne,1,292,38,407,9507,7844,21.2,De 5 à 10 000 entrées,,OUI,E,JP,FIXE,NON,C,149,123,0,65.0,10.3,18.8,5.8,71,47.4,43.7,48.855732,1.875104
7,54604,Kinepolis BEZIERS,OCCITANIE,3 CARREFOUR DE L'HOURS,34032,Béziers,79873,34,34502,Béziers,95454,05-Unités urbaines de 20 000 à 100 000 hbts,9,1462,53,14116,195741,265088,-26.2,De 150 à 200 000 entrées,Kinepolis,OUI,D,,FIXE,OUI,C,358,214,203,41.0,41.8,15.4,1.7,123,24.7,17.5,43.342559,3.212618
2,54692,THEATRE PAUL ELUARD,ILE-DE-FRANCE,162 RUE MAURICE BERTEAUX,95063,Bezons,31978,95,00851,Paris,10947378,03-Grande couronne,2,598,53,1616,32101,28374,13.1,De 30 à 40 000 entrées,,OUI,C,JPPR,FIXE,NON,B,298,218,10,41.7,36.7,18.8,2.8,172,46.9,42.1,48.931156,2.207081
4,54891,ROYAL,NOUVELLE AQUITAINE,8 AV DU MARECHAL FOCH,64122,Biarritz,26583,64,00751,Bayonne (partie française),267184,04-Unités urbaines de 100 000 hbts ou plus,3,451,34,3152,60919,81235,-25.0,De 50 à 80 000 entrées,,OUI,C,JPPR,FIXE,NON,C,201,130,94,66.5,21.1,9.1,3.3,150,68.1,60.0,43.481231,-1.559098
4,54931,ROBERT DOISNEAU,OCCITANIE,94 AVENUE DE LA REPUBLIQUE,46029,Biars-sur-Cère,2050,46,46106,Biars-sur-Cère,4522,06-autres communes et unités urbaines,1,186,51,630,20998,18807,11.6,De 20 à 30 000 entrées,,OUI,E,JPPR,FIXE,NON,C,216,165,0,57.9,25.5,12.1,4.4,143,51.1,33.8,44.92068,1.841345
4,55532,CENTRE CULTUREL,NOUVELLE AQUITAINE,RUE PIERRE DE COUBERTIN,33051,Biganos,11186,33,33306,Biganos,20453,05-Unités urbaines de 20 000 à 100 000 hbts,1,298,51,718,10347,8532,21.3,De 10 à 20 000 entrées,,OUI,E,,FIXE,NON,C,178,153,0,61.4,23.2,13.4,1.9,86,30.9,22.0,44.637692,-0.974856
4,56475,LE RENOIR,NOUVELLE AQUITAINE,RUE DU 14 JUILLET,40046,Biscarrosse,14393,40,40302,Biscarrosse,14393,06-autres communes et unités urbaines,4,536,53,6183,102813,96493,6.5,De 100 à 150 000 entrées,,OUI,E,RDJP,FIXE,NON,I,396,274,100,49.4,34.5,13.9,2.2,236,33.6,15.4,44.39654,-1.166475
8,56558,CENTRE CULTUREL CLAUDE VIGEE,GRAND EST,"31, RUE DE VIRE",67046,Bischwiller,12759,67,67501,Haguenau,61305,05-Unités urbaines de 20 000 à 100 000 hbts,1,214,45,177,10038,9064,10.7,De 10 à 20 000 entrées,,NON,NON,,FIXE,NON,B,120,83,0,45.0,24.2,22.7,8.2,92,76.5,72.6,48.766357,7.85143
4,57141,MEGA CGR,OCCITANIE,ALLEE EMILE ZOLA,31069,Blagnac,26600,31,00758,Toulouse,1062736,04-Unités urbaines de 100 000 hbts ou plus,15,2857,53,30332,604930,612202,-1.2,De 450 à 700 000 entrées,CGR,NON,NON,,FIXE,OUI,B,392,260,249,33.3,48.3,15.7,2.7,84,14.2,5.4,43.643857,1.370839
4,57172,REX,OCCITANIE,PLACE DES ARTS,31069,Blagnac,26600,31,00758,Toulouse,1062736,04-Unités urbaines de 100 000 hbts ou plus,1,213,49,868,31919,30727,3.9,De 30 à 40 000 entrées,,OUI,C,JP,FIXE,NON,B,300,211,2,56.4,23.5,14.0,6.1,213,68.2,59.2,43.636005,1.384463
3,57221,CINEMA ST LAURENT,PAYS DE LA LOIRE,9 RUE DU 11 NOVEMBRE,44015,Blain,10261,44,44225,Blain,10261,06-autres communes et unités urbaines,1,285,51,658,22874,21944,4.2,De 20 à 30 000 entrées,,OUI,E,JP,FIXE,NON,I,267,205,10,46.9,31.5,15.8,5.8,116,31.8,24.3,47.476369,-1.763766
9,57303,MAISON DES FETES,GRAND EST,CENTRE CULTUREL ANIMATION,54076,Blainville-sur-l'Eau,3991,54,54203,Blainville-sur-l'Eau,7156,06-autres communes et unités urbaines,1,,50,322,15406,14091,9.3,De 10 à 20 000 entrées,,OUI,E,,ITINERANT,NON,C,133,88,3,54.7,26.5,14.7,4.1,63,34.7,33.8,48.564457,6.411473
9,57451,BON ACCUEIL,GRAND EST,RUE DES CAPUCINS,54077,Blâmont,1065,54,00000,Zone rurale,14183345,06-autres communes et unités urbaines,1,274,50,108,4216,3317,27.1,De 2 à 5 000 entrées,,NON,NON,,FIXE,NON,R,94,77,1,53.2,29.7,14.6,2.6,13,12.7,13.5,48.589226,6.84543
3,57473,STUDIO REPUBLIQUE,CENTRE-VAL DE LOIRE,42 RUE DE LA REPUBLIQUE,36018,Le Blanc,6449,36,36201,Le Blanc,6449,06-autres communes et unités urbaines,2,253,52,1375,27983,26418,5.9,De 20 à 30 000 entrées,,OUI,E,RDJPPR,FIXE,NON,I,215,161,27,62.7,23.3,11.6,2.5,141,54.0,35.2,46.631877,1.067624
2,57582,CINEMA LOUIS DAQUIN,ILE-DE-FRANCE,76 RUE VICTOR HUGO,93007,Le Blanc-Mesnil,58116,93,00851,Paris,10947378,02-Petite Couronne,3,447,53,3260,59575,52158,14.2,De 50 à 80 000 entrées,,OUI,C,JP,FIXE,NON,B,323,210,28,47.2,31.7,14.2,6.9,190,42.2,34.7,48.941761,2.457313
4,57821,COLONNES,NOUVELLE AQUITAINE,RUE DU DOCTEUR CASTERA,33056,Blanquefort,15862,33,33701,Bordeaux,1008323,04-Unités urbaines de 100 000 hbts ou plus,2,339,49,2474,33106,34520,-4.1,De 30 à 40 000 entrées,,OUI,C,JP,FIXE,NON,B,304,205,17,63.4,17.2,14.4,5.0,218,58.4,54.2,44.910625,-0.633757
4,57851,SELECT,NOUVELLE AQUITAINE,GRANDE RUE,16046,Côteaux du Blanzacais,1013,16,00000,Zone rurale,14183345,06-autres communes et unités urbaines,1,114,49,212,3717,2939,26.5,De 2 à 5 000 entrées,,OUI,E,,FIXE,NON,R,172,143,0,58.2,29.2,10.6,2.0,92,52.2,49.8,45.46093,0.034513
6,58121,SALLE DE CINEMA,AUVERGNE / RHONE-ALPES,CENTRE SOCIO-CULTUREL,43165,Rosières,1557,43,00000,Zone rurale,14183345,06-autres communes et unités urbaines,1,,53,896,21566,19570,10.2,De 20 à 30 000 entrées,,OUI,E,JP,ITINERANT,NON,R,118,84,0,77.0,12.8,8.7,1.5,62,45.1,31.2,47.9228694,6.6550746000000345
4,58143,LE ZOETROPE,NOUVELLE AQUITAINE,33 BIS COURS DE LA REPUBLIQUE,33058,Blaye,5014,33,33302,Blaye,11930,06-autres communes et unités urbaines,2,408,53,2510,42622,44342,-3.9,De 40 à 50 000 entrées,,OUI,E,JPPR,FIXE,NON,C,358,262,69,49.0,37.7,11.9,1.4,224,32.8,23.7,45.12999,-0.661334
9,58272,CINE VILAR,GRAND EST,RUE ST EPVRE,54079,Blénod-lès-Pont-à-Mousson,4669,54,54404,Pont-à-Mousson,24101,05-Unités urbaines de 20 000 à 100 000 hbts,1,218,50,1022,7082,5799,22.1,De 5 à 10 000 entrées,,OUI,D,,FIXE,NON,B,234,184,5,67.8,14.7,13.9,3.7,118,42.1,38.6,48.883026,6.051403
3,58735,LES LOBIS,CENTRE-VAL DE LOIRE,12 AVENUE MAUNOURY,41018,Blois,48127,41,41501,Blois,70156,05-Unités urbaines de 20 000 à 100 000 hbts,3,683,50,4217,65070,65228,-0.2,De 50 à 80 000 entrées,,OUI,D,RDJPPR,FIXE,NON,C,301,193,113,66.0,9.1,15.7,9.2,272,97.7,95.2,47.590803,1.335364
3,58773,CAP' CINE,CENTRE-VAL DE LOIRE,RUE DES ONZE ARPENTS,41018,Blois,48127,41,41501,Blois,70156,05-Unités urbaines de 20 000 à 100 000 hbts,11,2148,53,18606,342296,323055,6.0,De 300 à 450 000 entrées,,NON,NON,,FIXE,OUI,C,289,215,211,46.0,38.7,13.4,1.9,54,9.8,5.0,47.612706,1.336917
3,58841,L AMBIANCE,NORMANDIE,3 PLACE GASTON LEJUMEL,14079,Blonville-sur-Mer,1587,14,14402,Dives-sur-Mer,36529,05-Unités urbaines de 20 000 à 100 000 hbts,1,117,26,220,3209,1823,76.0,De 2 à 5 000 entrées,,NON,NON,,FIXE,NON,B,88,74,0,46.1,38.1,15.6,0.2,21,16.8,10.3,49.318522,0.044034
2,59033,AUDITORIUM BOURSE TRAVAIL,ILE-DE-FRANCE,11 RUE DU 8 MAI 1945,93008,Bobigny,55066,93,00851,Paris,10947378,02-Petite Couronne,1,,41,705,15052,11218,34.2,De 10 à 20 000 entrées,,OUI,E,JPPR,ITINERANT,NON,B,170,112,1,43.8,28.6,14.3,13.3,127,71.3,66.7,48.909510,2.436542
6,59211,L ENTRACT,AUVERGNE / RHONE-ALPES,23 RUE ALSACE LORRAINE,42019,Boën-sur-Lignon,3092,42,42202,Boën-sur-Lignon,7813,06-autres communes et unités urbaines,1,183,51,752,13686,11367,20.4,De 10 à 20 000 entrées,,OUI,E,JP,FIXE,NON,C,247,201,1,66.3,19.9,12.0,1.9,132,38.5,31.6,45.7445112,4.006010699999933
3,59351,LOUIS JOUVET,HAUTS DE FRANCE,"6, RUE CURIE",02095,Bohain-en-Vermandois,5778,02,02201,Bohain-en-Vermandois,5778,06-autres communes et unités urbaines,1,142,47,371,7727,7873,-1.9,De 5 à 10 000 entrées,,NON,NON,,FIXE,NON,I,133,108,3,44.3,30.7,22.4,2.6,34,19.0,29.4,49.983958,3.455918
2,59604,JEAN RENOIR,ILE-DE-FRANCE,RUE DU GENERAL LECLERC,92009,Bois-Colombes,29817,92,00851,Paris,10947378,02-Petite Couronne,1,300,48,397,13549,12506,8.3,De 10 à 20 000 entrées,,NON,NON,,FIXE,NON,B,106,73,1,62.9,14.3,19.0,3.8,69,61.6,63.6,48.916548,2.266897
2,59690,LA GRANGE DE LA TREMBLAYE,ILE-DE-FRANCE,RUE DU PARC,78073,Bois-d'Arcy,15184,78,00851,Paris,10947378,03-Grande couronne,1,338,42,630,12003,11721,2.4,De 10 à 20 000 entrées,,NON,NON,,FIXE,NON,B,181,147,0,53.2,19.4,21.4,6.0,86,46.6,45.5,48.800013,2.023763
2,60942,LE FORUM,ILE-DE-FRANCE,PLACE DU FORUM,94004,Boissy-Saint-Léger,17345,94,00851,Paris,10947378,02-Petite Couronne,1,114,45,271,5485,7289,-24.7,De 5 à 10 000 entrées,,NON,NON,,FIXE,NON,B,145,108,0,55.7,23.0,14.9,6.4,73,52.7,68.0,48.754035,2.502015
3,61082,LE XENON,NORMANDIE,60 RUE GUILLET,76114,Bolbec,11684,76,76302,Bolbec,18413,06-autres communes et unités urbaines,2,495,53,2223,22934,21326,7.5,De 20 à 30 000 entrées,,NON,NON,,FIXE,NON,C,98,79,44,42.2,43.7,13.5,0.6,26,7.2,8.5,49.571514,0.475348
7,61132,LE CLAP,PROVENCE-ALPES-COTE D'AZUR,PLACE DE LA MAIRIE,84019,Bollène,14043,84,84302,Bollène,14043,06-autres communes et unités urbaines,1,95,53,1324,20290,21030,-3.5,De 20 à 30 000 entrées,,OUI,E,JPPR,FIXE,NON,I,299,219,7,60.6,22.6,13.8,3.0,186,55.1,37.1,43.974273,7.312365
2,61504,SALLE ANDRE MALRAUX,ILE-DE-FRANCE,25 COURS DE LA REPUBLIQUE,93010,Bondy,53509,93,00851,Paris,10947378,02-Petite Couronne,1,324,49,1323,26348,27258,-3.3,De 20 à 30 000 entrées,,OUI,C,JPPR,FIXE,NON,B,249,142,2,41.8,34.3,11.0,12.9,155,59.8,53.1,48.901598,2.480089
2,62121,Gérard Philipe,ILE-DE-FRANCE,2 RUE PABLO NERUDA,94011,Bonneuil-sur-Marne,18488,94,00851,Paris,10947378,02-Petite Couronne,1,245,14,44,3351,5150,-34.9,De 2 à 5 000 entrées,,NON,NON,,FIXE,NON,B,12,1,0,25.7,6.1,60.9,7.2,6,40.6,28.7,48.774577,2.486664
6,62264,Ciné Château,AUVERGNE / RHONE-ALPES,Ecoquartier du Château des Sires de Faucigny,74042,Bonneville,12902,74,74502,Cluses,93895,05-Unités urbaines de 20 000 à 100 000 hbts,3,632,53,3990,130903,113244,15.6,De 100 à 150 000 entrées,,OUI,D,JP,FIXE,NON,C,258,190,81,45.8,37.7,15.6,0.9,131,20.7,13.4,46.068578,6.412198
4,62802,MEGA CGR LE FRANCAIS,NOUVELLE AQUITAINE,ROND-POINT DE L' INTENDANCE,33063,Bordeaux,263247,33,33701,Bordeaux,1008323,04-Unités urbaines de 100 000 hbts ou plus,12,1789,53,23237,330283,334127,-1.2,De 300 à 450 000 entrées,CGR,NON,NON,,FIXE,OUI,C,302,205,197,37.1,44.2,16.3,2.4,60,12.1,7.5,44.841914,-0.577194
4,62804,UGC Ciné Cité,NOUVELLE AQUITAINE,13-15 RUE GEORGES BONNAC,33063,Bordeaux,263247,33,33701,Bordeaux,1008323,04-Unités urbaines de 100 000 hbts ou plus,18,2731,53,30735,673879,625504,7.7,De 450 à 700 000 entrées,UGC,NON,NON,,FIXE,OUI,C,558,267,254,45.2,32.4,18.2,4.2,320,47.9,45.5,44.8405,-0.582021
4,62871,MEGARAMA,NOUVELLE AQUITAINE,7 QUAI DES QUEYRIES,33063,Bordeaux,263247,33,33701,Bordeaux,1008323,04-Unités urbaines de 100 000 hbts ou plus,17,2878,53,30020,344947,372321,-7.4,De 300 à 450 000 entrées,MEGARAMA,NON,NON,,FIXE,OUI,C,390,262,247,33.2,48.3,14.7,3.9,111,16.3,9.9,44.841593,-0.562257
4,63411,UTOPIA,NOUVELLE AQUITAINE,5 PLACE CAMILLE JULLIAN,33063,Bordeaux,263247,33,33701,Bordeaux,1008323,04-Unités urbaines de 100 000 hbts ou plus,5,553,53,8400,281533,274750,2.5,De 200 à 300 000 entrées,,OUI,A,RDJPPR,FIXE,NON,C,632,245,177,62.4,10.2,16.6,10.7,523,97.1,96.2,44.838942,-0.572524
4,64352,LE 7 EME ART,NOUVELLE AQUITAINE,PLACE MARMONTEL,19028,Bort-les-Orgues,2696,19,19102,Bort-les-Orgues,2696,06-autres communes et unités urbaines,2,358,49,670,10162,7781,30.6,De 10 à 20 000 entrées,,OUI,E,,FIXE,NON,I,168,137,0,64.3,21.7,12.4,1.6,81,35.8,21.4,45.401122,2.498735
3,65861,LE BEAULIEU,PAYS DE LA LOIRE,26 RUE DE BEAULIEU,44020,Bouguenais,20748,44,44701,Nantes,683510,04-Unités urbaines de 100 000 hbts ou plus,1,338,49,618,27575,26655,3.5,De 20 à 30 000 entrées,,OUI,C,JP,FIXE,NON,B,240,174,2,64.7,17.2,10.8,7.2,171,66.0,60.6,47.178021,-1.624832
4,66714,CINE LUMIERE,OCCITANIE,ROUTE DE SAINT GAUDENS,31080,Boulogne-sur-Gesse,1688,31,00000,Zone rurale,14183345,06-autres communes et unités urbaines,1,221,50,308,4734,4583,3.3,De 2 à 5 000 entrées,,OUI,E,,FIXE,NON,R,103,88,0,76.4,14.0,7.4,2.1,49,42.1,43.1,43.290386,0.651246
5,66768,MEGARAMA BOULOGNE-SUR-MER,HAUTS DE FRANCE,BOULEVARD DE L'EUROPE,62160,Boulogne-sur-Mer,40985,62,62501,Boulogne-sur-Mer,84915,05-Unités urbaines de 20 000 à 100 000 hbts,14,1988,53,15782,246132,,#VALEUR !,De 200 à 300 000 entrées,MEGARAMA,NON,NON,,FIXE,OUI,C,394,282,229,42.3,40.4,16.3,1.1,172,22.1,13.8,50.720246,1.599057
2,66835,CINEMA LANDOWSKI,ILE-DE-FRANCE,28 AVENUE ANDRE-MORIZET,92012,Boulogne-Billancourt,122162,92,00851,Paris,10947378,02-Petite Couronne,1,154,48,1654,45651,49279,-7.4,De 40 à 50 000 entrées,,OUI,C,RDJPPR,FIXE,NON,B,172,114,108,69.0,7.5,14.8,8.8,160,97.2,95.7,48.83591,2.239289
2,66923,PATHE BOULOGNE,ILE-DE-FRANCE,26 RUE LE CORBUSIER,92012,Boulogne-Billancourt,122162,92,00851,Paris,10947378,02-Petite Couronne,7,1484,53,11932,418702,410535,2.0,De 300 à 450 000 entrées,CINEMAS PATHE,NON,NON,,FIXE,NON,B,244,168,152,49.2,31.0,17.7,2.0,113,39.7,32.9,48.837649,2.239534
7,67021,MAJESTIC,OCCITANIE,ROUTE NATIONALE,66024,Le Boulou,5370,66,66202,Le Boulou,5370,06-autres communes et unités urbaines,1,330,16,16,912,593,53.8,Moins de 2000 entrées,,NON,NON,,FIXE,NON,I,13,9,0,91.9,3.6,4.5,0.0,3,18.8,12.4,42.524735,2.832419
6,67304,RIO BORVO,BOURGOGNE / FRANCHE-COMTE,RUE DE LA PETITE MURETTE,71047,Bourbon-Lancy,4756,71,71111,Bourbon-Lancy,4756,06-autres communes et unités urbaines,1,152,53,866,17587,16466,6.8,De 10 à 20 000 entrées,,OUI,E,JP,FIXE,NON,I,232,164,9,60.8,26.0,10.1,3.2,119,33.1,25.6,46.618744,3.759124
6,67312,Casino,AUVERGNE / RHONE-ALPES,2 RUE DU PARC,03036,Bourbon-l'Archambault,2635,03,03102,Bourbon-l'Archambault,2635,06-autres communes et unités urbaines,1,124,53,242,4364,3234,34.9,De 2 à 5 000 entrées,,NON,NON,,FIXE,NON,I,81,63,0,72.2,16.9,9.2,1.7,36,29.3,31.3,46.585435,3.054345
3,67324,Casino DE BOURBONNE,GRAND EST,1 PLACE DES BAINS,52060,Bourbonne-les-Bains,2024,52,00000,Zone rurale,14183345,06-autres communes et unités urbaines,1,150,52,799,9424,8003,17.8,De 5 à 10 000 entrées,,NON,NON,,FIXE,NON,I,134,107,1,69.0,21.5,8.8,0.8,40,26.3,22.5,47.950629,5.747761
6,67333,LE ROXY,AUVERGNE / RHONE-ALPES,AV D ANGLETERRE,63047,La Bourboule,1790,63,63105,La Bourboule,2296,06-autres communes et unités urbaines,1,192,51,367,11851,10380,14.2,De 10 à 20 000 entrées,,OUI,E,,FIXE,NON,C,90,73,3,70.0,17.8,11.2,1.0,43,35.4,20.4,45.585925,2.742025
4,67711,CINEMA CLAUDE MILLER,NOUVELLE AQUITAINE,PLACE DE L HOTEL DE VILLE,23030,Bourganeuf,2674,23,23101,Bourganeuf,2674,06-autres communes et unités urbaines,1,410,49,747,12246,11066,10.7,De 10 à 20 000 entrées,,OUI,E,,FIXE,NON,I,178,137,0,65.2,16.7,14.4,3.7,89,38.6,39.2,45.953962,1.755702
6,67734,FOYER,AUVERGNE / RHONE-ALPES,PLACE DES NOYERS,42023,Bourg-Argental,3010,42,42102,Bourg-Argental,3010,06-autres communes et unités urbaines,1,213,52,531,20951,17398,20.4,De 20 à 30 000 entrées,,OUI,E,JP,FIXE,NON,I,234,175,1,69.2,15.9,11.2,3.7,140,51.8,41.1,45.295097,4.558306
6,67903,SALLE POLYVALENTE,AUVERGNE / RHONE-ALPES,PETIT GYMNASE ECOLE,38052,Le Bourg-d'Oisans,3386,38,38115,Le Bourg-d'Oisans,3386,06-autres communes et unités urbaines,1,,15,127,4318,4189,3.1,De 2 à 5 000 entrées,,NON,NON,,ITINERANT,NON,I,58,25,4,53.9,7.8,13.1,25.2,40,70.6,64.1,45.075098,6.013937
6,67904,CINEMA LES ECRINS,AUVERGNE / RHONE-ALPES,RUE GAMBETTA,38052,Le Bourg-d'Oisans,3386,38,38115,Le Bourg-d'Oisans,3386,06-autres communes et unités urbaines,1,106,50,286,6729,6233,8.0,De 5 à 10 000 entrées,,OUI,E,,FIXE,NON,I,146,127,14,69.4,18.2,10.1,2.4,80,41.8,34.5,45.055549,6.028706
6,67981, LA  GRENETTE,AUVERGNE / RHONE-ALPES,COURS DE VERDUN,01053,Bourg-en-Bresse,43363,01,01501,Bourg-en-Bresse,64032,05-Unités urbaines de 20 000 à 100 000 hbts,3,594,49,1910,34299,29104,17.8,De 30 à 40 000 entrées,,OUI,D,,FIXE,NON,C,149,115,35,76.7,7.8,8.6,6.9,139,96.3,97.8,46.206273,5.22595
3,68046,MEGA CGR,CENTRE-VAL DE LOIRE,ZAC DU PRADO,18033,Bourges,66385,18,18501,Bourges,87906,05-Unités urbaines de 20 000 à 100 000 hbts,12,2510,53,23482,368945,380109,-2.9,De 300 à 450 000 entrées,CGR,NON,NON,,FIXE,OUI,C,352,244,232,41.3,42.2,14.4,2.1,83,13.2,6.1,47.082905,2.387262
3,68061,MAISON DE LA CULTURE DE BOURGES,CENTRE-VAL DE LOIRE,PLACE SERAUCOURT,18033,Bourges,66385,18,18501,Bourges,87906,05-Unités urbaines de 20 000 à 100 000 hbts,2,283,49,2877,61377,59012,4.0,De 50 à 80 000 entrées,,OUI,D,RDJPPR,FIXE,NON,C,260,152,66,61.8,11.5,17.9,8.9,242,99.2,98.4,47.077563,2.399947
2,68114,LE CINEMA,ILE-DE-FRANCE,10 AVENUE FRANCIS DE PRESSENSE,93013,Le Bourget,15695,93,00851,Paris,10947378,02-Petite Couronne,1,83,40,526,3950,4968,-20.5,De 2 à 5 000 entrées,,NON,NON,,FIXE,NON,B,163,129,0,38.5,16.6,17.3,27.6,81,50.9,72.3,48.932361,2.424858
2,68212,AUDITORIUM DU CONSERVATOIRE,ILE-DE-FRANCE,11 BD CARNOT,92014,Bourg-la-Reine,21291,92,00851,Paris,10947378,02-Petite Couronne,1,177,14,17,590,1033,-42.9,Moins de 2000 entrées,,NON,NON,,FIXE,NON,B,17,4,0,47.8,23.2,27.1,1.9,11,64.7,68.3,48.778884,2.317531
3,68371,LE TRIANON,PAYS DE LA LOIRE,40 RUE DE LA MAIRIE,53039,Le Bourgneuf-la-Forêt,1765,53,00000,Zone rurale,14183345,06-autres communes et unités urbaines,1,244,48,249,10300,8863,16.2,De 10 à 20 000 entrées,,OUI,E,,FIXE,NON,R,191,155,0,66.2,14.5,10.7,8.6,111,54.3,42.2,48.162712,-0.971524
6,68423,Kinepolis,AUVERGNE / RHONE-ALPES,RUE THEOPHILE DIEDERICHS,38053,Bourgoin-Jallieu,30011,38,38501,Bourgoin-Jallieu,62489,05-Unités urbaines de 20 000 à 100 000 hbts,12,2010,53,19336,426310,434898,-2.0,De 300 à 450 000 entrées,Kinepolis,OUI,D,,FIXE,OUI,C,492,313,241,39.4,43.4,15.1,2.1,216,24.6,9.6,45.590599,5.277321
6,68517,LE COEUR D'OR,AUVERGNE / RHONE-ALPES,RUE SAINT JEAN,73054,Bourg-Saint-Maurice,7561,73,73205,Bourg-Saint-Maurice,9977,06-autres communes et unités urbaines,3,388,53,3662,57003,54432,4.7,De 50 à 80 000 entrées,,OUI,E,JP,FIXE,NON,C,293,220,127,51.7,32.4,13.6,2.3,156,37.3,23.2,45.622605,6.777587
3,68561,FAMILIA,CENTRE-VAL DE LOIRE,MAIL ORYE,37031,Bourgueil,3897,37,37204,Bourgueil,5998,06-autres communes et unités urbaines,1,224,53,400,9308,10218,-8.9,De 5 à 10 000 entrées,,OUI,E,JP,FIXE,NON,C,199,144,2,38.0,45.7,11.3,5.0,141,57.4,47.6,47.28271,0.171969
3,68562,ABBAYE DE BOURGUEIL,CENTRE-VAL DE LOIRE,AVENUE ARTHUR-LE-JOUTEUX,37031,Bourgueil,3897,37,37204,Bourgueil,5998,06-autres communes et unités urbaines,1,380,50,185,4865,3775,28.9,De 2 à 5 000 entrées,,NON,NON,,FIXE,NON,C,70,61,1,73.4,9.2,17.3,0.2,19,24.5,11.4,47.281285,0.171088
5,69231,LE FOYER,HAUTS DE FRANCE,5 RUE DES BERSAULTS,59098,Bousbecque,4845,59,59702,Lille (partie française),1062844,04-Unités urbaines de 100 000 hbts ou plus,1,356,47,257,11752,11098,5.9,De 10 à 20 000 entrées,,OUI,C,,FIXE,NON,B,136,111,0,69.2,15.8,10.5,4.5,87,56.3,40.0,50.770801,3.08126
5,71791,FA MI LA,HAUTS DE FRANCE,"37, RUE ROGER SALENGRO",59107,Bray-Dunes,4521,59,59301,Bray-Dunes,10344,06-autres communes et unités urbaines,1,156,53,643,13962,14613,-4.5,De 10 à 20 000 entrées,,OUI,E,JP,FIXE,NON,I,151,119,1,51.9,27.5,17.4,3.3,58,29.8,27.4,51.070372,2.519444
2,71901,LE RENAISSANCE,ILE-DE-FRANCE,16 RUE DE L EGLISE,77051,Bray-sur-Seine,2355,77,77119,Bray-sur-Seine,3391,03-Grande couronne,1,105,53,378,7188,6960,3.3,De 5 à 10 000 entrées,,OUI,E,JPPR,FIXE,NON,C,180,131,1,52.4,28.3,13.4,5.9,107,54.0,47.3,48.415251,3.237856
3,71942,LA BOBINE,BRETAGNE,30 RUE DE LA PETITE MOTTE,35037,Bréal-sous-Montfort,6589,35,35211,Bréal-sous-Montfort,6589,06-autres communes et unités urbaines,2,298,48,1099,48894,49938,-2.1,De 40 à 50 000 entrées,,OUI,E,JP,FIXE,NON,I,311,245,32,61.4,24.6,11.1,2.9,188,52.5,35.8,48.0505921,-1.8653428000000076
9,72881,SALLE GRAND ECRAN,GRAND EST,"4, RUE DU SOUVENIR",88075,La Bresse,4289,88,88302,La Bresse,10863,06-autres communes et unités urbaines,1,217,53,439,7199,8033,-10.4,De 5 à 10 000 entrées,,OUI,D,,FIXE,NON,C,151,122,0,69.5,13.5,15.1,1.8,72,46.3,40.0,48.004696,6.873744
4,72985,LE FAUTEUIL ROUGE,NOUVELLE AQUITAINE,ZA BOCAPOLE,79049,Bressuire,20846,79,79304,Bressuire,20846,05-Unités urbaines de 20 000 à 100 000 hbts,5,813,53,6837,151508,143487,5.6,De 150 à 200 000 entrées,,OUI,E,JPPR,FIXE,NON,I,358,225,121,58.6,28.7,10.7,2.0,172,21.5,12.3,46.850232,-0.474956
3,73021,CELTIC,BRETAGNE,187 RUE JEAN JAURES,29019,Brest,142110,29,29701,Brest,207101,04-Unités urbaines de 100 000 hbts ou plus,8,892,53,14104,137372,128437,7.0,De 100 à 150 000 entrées,CGR,NON,NON,,FIXE,OUI,C,230,133,122,37.0,44.2,16.6,2.2,33,4.3,3.1,48.398083,-4.473843
3,73083,PATHE LIBERTE,BRETAGNE,10 AVENUE GEORGES CLEMENCEAU,29019,Brest,142110,29,29701,Brest,207101,04-Unités urbaines de 100 000 hbts ou plus,15,2440,53,24902,407177,485463,-16.1,De 300 à 450 000 entrées,CINEMAS PATHE,NON,NON,,FIXE,OUI,C,437,272,217,39.4,43.2,14.4,3.0,160,19.6,11.0,48.39126,-4.488243
3,73099,LES STUDIOS,BRETAGNE,136 RUE JEAN JAURES,29019,Brest,142110,29,29701,Brest,207101,04-Unités urbaines de 100 000 hbts ou plus,7,757,53,12183,157608,163038,-3.3,De 150 à 200 000 entrées,,OUI,A,RDJPPR,FIXE,NON,C,489,292,253,59.7,15.8,20.2,4.3,406,83.3,80.0,48.396163,-4.477034
4,73371,LE FIEF,PAYS DE LA LOIRE,RUE DU FIEF,85035,Bretignolles-sur-Mer,5180,85,85209,Bretignolles-sur-Mer,8083,06-autres communes et unités urbaines,1,290,38,421,7396,5961,24.1,De 5 à 10 000 entrées,,NON,NON,,FIXE,NON,C,153,119,0,72.5,22.6,4.1,0.7,67,34.7,19.7,46.629207,-1.852443
2,73423,JEAN COCTEAU,ILE-DE-FRANCE,3 RUE ANATOLE FRANCE,91103,Brétigny-sur-Orge,27361,91,00851,Paris,10947378,03-Grande couronne,2,368,53,2439,36764,37048,-0.8,De 30 à 40 000 entrées,,OUI,C,JPPR,FIXE,NON,B,325,217,8,58.9,21.4,15.6,4.1,236,63.3,53.4,48.608596,2.303919
3,73582,NORMANDY,NORMANDIE,PLACE DE LA MAIRIE,14100,Bretteville-sur-Laize,1937,14,00000,Zone rurale,14183345,06-autres communes et unités urbaines,1,190,41,97,4357,3946,10.4,De 2 à 5 000 entrées,,NON,NON,,FIXE,NON,R,83,57,0,54.7,25.9,11.4,8.0,29,36.3,39.6,49.044986,-0.326254
7,74322,EDEN STUDIO,PROVENCE-ALPES-COTE D'AZUR,35 RUE PASTEUR,05023,Briançon,11095,05,05301,Briançon,16122,06-autres communes et unités urbaines,1,88,51,912,15863,18250,-13.1,De 10 à 20 000 entrées,,OUI,E,RDJPPR,FIXE,NON,C,178,110,10,71.7,10.9,13.3,4.0,165,97.4,96.6,44.889994,6.634449
7,74339,COSMO CINEMAS,PROVENCE-ALPES-COTE D'AZUR,AVENUE DU GENERAL BARBOT,05023,Briançon,11095,05,05301,Briançon,16122,06-autres communes et unités urbaines,4,476,52,5463,83263,76071,9.5,De 80 à 100 000 entrées,,NON,NON,,FIXE,NON,C,135,107,75,48.5,35.8,14.5,1.2,41,12.7,9.1,44.900658,6.632743
3,74471,LE DONJON,NORMANDIE,PLACE SAINTE ANNE,50082,Bricquebec-en-Cotentin,5936,50,50202,Bricquebec-en-Cotentin,5936,06-autres communes et unités urbaines,1,203,50,355,9408,9177,2.5,De 5 à 10 000 entrées,,OUI,E,,FIXE,NON,I,129,104,1,62.3,22.6,14.7,0.5,47,30.0,19.7,49.471445,-1.631851
6,74553,LE DORON,AUVERGNE / RHONE-ALPES,15 CHEMIN DES BAIGNEURS,73057,Brides-les-Bains,504,73,00000,Zone rurale,14183345,06-autres communes et unités urbaines,2,358,49,1100,18423,17367,6.1,De 10 à 20 000 entrées,,OUI,E,,FIXE,NON,R,230,186,12,77.2,9.7,10.1,3.1,132,55.1,42.7,45.452663,6.567576
2,74662,LES 4 VENTS,ILE-DE-FRANCE,80 RUE DU GENERAL LECLERC,77053,Brie-Comte-Robert,19447,77,77306,Brie-Comte-Robert,19447,03-Grande couronne,1,168,51,985,26011,22614,15.0,De 20 à 30 000 entrées,,OUI,E,JP,FIXE,NON,I,307,238,1,56.3,24.2,13.0,6.4,181,57.3,47.2,48.696652,2.607228
9,74882,CINEMA SAINT PIERREMONT,GRAND EST,"11, rue du Parc",54099,Val de Briey,8269,54,54205,Val de Briey,9862,06-autres communes et unités urbaines,1,272,45,96,2935,2579,13.8,De 2 à 5 000 entrées,,NON,NON,,FIXE,NON,C,48,43,0,59.6,32.1,8.1,0.2,11,19.8,11.2,49.28323945157438,5.897592955738205
7,75021,LA BOITE A IMAGES,PROVENCE-ALPES-COTE D'AZUR,PLACE DU 8 MAI 1945,83023,Brignoles,17964,83,83401,Brignoles,23948,05-Unités urbaines de 20 000 à 100 000 hbts,2,253,44,1860,39876,45815,-13.0,De 30 à 40 000 entrées,,OUI,D,,FIXE,NON,C,135,86,44,49.1,36.3,13.9,0.8,62,19.9,14.2,43.407348,6.063887
7,75033,CINEMA LIBERTE,PROVENCE-ALPES-COTE D'AZUR,COURS DE LA LIBERTE,83023,Brignoles,17964,83,83401,Brignoles,23948,05-Unités urbaines de 20 000 à 100 000 hbts,6,846,8,1156,29692,,#VALEUR !,De 20 à 30 000 entrées,CINEWEST,NON,NON,,FIXE,NON,C,39,37,18,24.0,55.6,20.4,0.0,10,19.0,14.3,43.405759,6.064936
6,75492,PARIS,AUVERGNE / RHONE-ALPES,PLACE DE LA LIBERTE,43040,Brioude,6851,43,43202,Brioude,8413,06-autres communes et unités urbaines,2,427,49,1485,34350,32430,5.9,De 30 à 40 000 entrées,,OUI,E,,FIXE,NON,C,222,164,12,58.5,29.5,10.3,1.7,125,38.2,26.5,45.292071,3.387558
4,75694,MEGA CGR,NOUVELLE AQUITAINE,RTE DE TULLE-ESPACE DES 3 PROVIN,19031,Brive-la-Gaillarde,47175,19,00557,Brive-la-Gaillarde,77325,05-Unités urbaines de 20 000 à 100 000 hbts,9,1504,53,16364,294640,290749,1.3,De 200 à 300 000 entrées,CGR,NON,NON,,FIXE,OUI,C,242,172,164,43.1,41.0,14.2,1.7,37,7.3,3.8,45.165031,1.542022
4,75703,REX 1,NOUVELLE AQUITAINE,3 BD DU GAL KOENIG,19031,Brive-la-Gaillarde,47175,19,00557,Brive-la-Gaillarde,77325,05-Unités urbaines de 20 000 à 100 000 hbts,3,587,53,5463,50999,53330,-4.4,De 50 à 80 000 entrées,,OUI,D,RDJPPR,FIXE,NON,C,280,180,145,71.3,9.4,15.2,4.1,263,98.4,93.8,45.158027,1.529898
6,76073,LES ALIZES,AUVERGNE / RHONE-ALPES,214  AV FRANKLIN ROOSEVELT,69029,Bron,42819,69,00760,Lyon,1714833,04-Unités urbaines de 100 000 hbts ou plus,2,345,53,3365,56295,55770,0.9,De 50 à 80 000 entrées,,OUI,C,JPPR,FIXE,NON,B,302,206,100,60.9,25.2,9.7,4.3,202,55.6,51.1,45.731192,4.914994
5,76821,ETOILES,HAUTS DE FRANCE,RUE DU PERIGORD,62178,Bruay-la-Buissière,22306,62,00752,Béthune,360499,04-Unités urbaines de 100 000 hbts ou plus,4,497,52,4580,52524,49224,6.7,De 50 à 80 000 entrées,,OUI,C,RDJPPR,FIXE,NON,C,345,234,86,59.2,21.7,15.4,3.7,224,69.2,50.6,50.479971,2.545868
5,76825,MEGA CGR,HAUTS DE FRANCE,AVENUE DE LA LIBERATION - RN 41,62178,Bruay-la-Buissière,22306,62,00752,Béthune,360499,04-Unités urbaines de 100 000 hbts ou plus,12,2404,53,20485,262373,284712,-7.8,De 200 à 300 000 entrées,CGR,NON,NON,,FIXE,OUI,C,275,188,184,39.2,43.6,15.2,2.0,44,8.0,3.2,50.49234,2.569387
8,77351,PATHE,GRAND EST,6 RUE DES FRERES LUMIERE,67067,Brumath,10165,67,67301,Brumath,11624,06-autres communes et unités urbaines,14,2753,53,22895,377337,423659,-10.9,De 300 à 450 000 entrées,CINEMAS PATHE,NON,NON,,FIXE,OUI,C,374,244,192,35.9,45.7,16.1,2.3,115,12.2,7.7,48.744007,7.692978
3,77732,CENTRE CULTUREL DU GRAND LOGIS,BRETAGNE,10 AVENUE DU GENERAL DE GAULLE,35047,Bruz,19561,35,35701,Rennes,375022,04-Unités urbaines de 100 000 hbts ou plus,1,322,2,20,2236,2546,-12.2,De 2 à 5 000 entrées,,NON,NON,,FIXE,NON,B,10,1,0,0.0,0.0,100.0,0.0,4,40.0,47.0,48.02352,-1.744768
3,77733,CINEVILLE,BRETAGNE,15 AVENUE DE CEZAMBRE,35047,Bruz,19561,35,35701,Rennes,375022,04-Unités urbaines de 100 000 hbts ou plus,6,991,53,9100,202792,185067,9.6,De 200 à 300 000 entrées,CINEVILLE,NON,NON,,FIXE,NON,B,303,200,98,47.3,37.7,13.9,1.1,188,23.9,13.5,48.028980,-1.753490
6,78505,reg'Art,AUVERGNE / RHONE-ALPES,PLACE DU 19 MARS 1962,26063,Buis-les-Baronnies,2370,26,26102,Buis-les-Baronnies,2370,06-autres communes et unités urbaines,1,151,53,1074,19532,18624,4.9,De 10 à 20 000 entrées,,OUI,E,RDJPPR,FIXE,NON,I,342,274,1,63.3,15.8,15.5,5.4,236,66.9,58.5,44.275689,5.27174
4,78542,LUX LOUIS DELLUC,NOUVELLE AQUITAINE,PLACE DU GENERAL DE GAULLE,24068,Le Buisson-de-Cadouin,1985,24,00000,Zone rurale,14183345,06-autres communes et unités urbaines,2,281,53,1899,37882,37598,0.8,De 30 à 40 000 entrées,,OUI,E,JPPR,FIXE,NON,R,340,228,28,59.5,24.0,13.4,3.1,236,44.4,35.4,44.845348,0.909131
4,80391,MEGA CGR,NOUVELLE AQUITAINE,AVENUE DES FRERES LUMIERE,86041,Buxerolles,10127,86,86601,Poitiers,137075,04-Unités urbaines de 100 000 hbts ou plus,12,2174,53,23301,406805,402329,1.1,De 300 à 450 000 entrées,CGR,NON,NON,,FIXE,OUI,B,284,190,186,41.4,42.0,14.4,2.2,50,11.3,5.6,46.610272,0.367025
3,80572,CENTRE CULTUREL,CENTRE-VAL DE LOIRE,RUE DES PONTS,36031,Buzançais,4579,36,36109,Buzançais,4579,06-autres communes et unités urbaines,1,210,50,360,7344,5325,37.9,De 5 à 10 000 entrées,,OUI,E,JP,FIXE,NON,I,146,109,0,76.1,11.5,10.8,1.6,81,49.6,45.3,46.888094,1.419282
7,80942,CENTRE CULTUREL,OCCITANIE,RUE DU 19 MARS 1962,66028,Cabestany,10580,66,66701,Perpignan,205745,04-Unités urbaines de 100 000 hbts ou plus,1,235,52,385,13890,14322,-3.0,De 10 à 20 000 entrées,,OUI,C,,FIXE,NON,B,215,187,29,61.6,17.0,17.4,4.0,107,46.3,35.3,42.680362,2.934603
3,80981,LE NORMANDIE,NORMANDIE,9 AV PIAT,14117,Cabourg,3541,14,14402,Dives-sur-Mer,36529,05-Unités urbaines de 20 000 à 100 000 hbts,2,238,53,2306,44676,47809,-6.6,De 40 à 50 000 entrées,,OUI,D,JP,FIXE,NON,C,348,253,45,62.1,24.7,11.5,1.6,230,46.6,31.0,49.290634,-0.113862
4,80991,SALLE POLYVALENTE,OCCITANIE,SALLE POLYVALENTE,46040,Cabrerets,233,46,00000,Zone rurale,14183345,06-autres communes et unités urbaines,1,,50,413,12751,11064,15.2,De 10 à 20 000 entrées,,OUI,E,JP,ITINERANT,NON,R,148,66,0,78.2,4.5,8.8,8.6,103,68.3,62.4,44.530413,1.555391
7,81080,SALLE MISTRAL,PROVENCE-ALPES-COTE D'AZUR,SALLE MISTRAL,06026,Cabris,1413,06,06701,Nice,966577,04-Unités urbaines de 100 000 hbts ou plus,1,,49,443,13642,11078,23.1,De 10 à 20 000 entrées,CINEWEST,NON,NON,,ITINERANT,NON,B,128,107,1,62.0,28.7,7.6,1.6,59,28.3,26.6,43.655944,6.87474
2,81101,LA PLEIADE,ILE-DE-FRANCE,12 AVENUE COUSIN DE MERICOURT,94016,Cachan,30492,94,00851,Paris,10947378,02-Petite Couronne,3,802,50,3803,61250,61759,-0.8,De 50 à 80 000 entrées,,OUI,C,JP,FIXE,NON,B,334,235,120,57.9,23.7,15.1,3.3,246,60.5,51.4,48.795796,2.335316
4,81311,SALLE LUX,NOUVELLE AQUITAINE,PLACE DU CHATEAU,33081,Cadillac,2877,33,33202,Cadillac-sur-Garonne,5514,06-autres communes et unités urbaines,2,286,53,2511,38994,37932,2.8,De 30 à 40 000 entrées,,OUI,E,RDJPPR,FIXE,NON,C,218,143,32,61.8,21.2,13.0,4.0,167,64.7,60.0,44.636357,-0.320145
3,81414,SALLE PIERRE DAURE,NORMANDIE,UNIVERSITE DE CAEN,14118,Caen,109401,14,14701,Caen,212405,04-Unités urbaines de 100 000 hbts ou plus,1,768,24,27,9438,6315,49.5,De 5 à 10 000 entrées,,NON,NON,,FIXE,NON,C,24,13,3,54.5,24.2,19.4,1.9,15,60.0,56.6,49.17442,-0.333727
3,81451,CINEMA LUX,NORMANDIE,AV SAINTE THERESE,14118,Caen,109401,14,14701,Caen,212405,04-Unités urbaines de 100 000 hbts ou plus,3,477,53,6568,156687,159186,-1.6,De 150 à 200 000 entrées,,OUI,B,RDJPPR,FIXE,NON,C,400,216,154,54.1,21.9,16.7,7.3,303,85.4,75.1,49.168683,-0.337953
3,81456,PATHE,NORMANDIE,14 ESPLANADE LEOPOLD S.SENGHOR,14118,Caen,109401,14,14701,Caen,212405,04-Unités urbaines de 100 000 hbts ou plus,10,1866,53,17863,553536,603705,-8.3,De 450 à 700 000 entrées,CINEMAS PATHE,NON,NON,,FIXE,OUI,C,362,204,147,37.6,43.0,17.3,2.1,132,19.3,11.3,49.177395,-0.349774
7,81541,ESPACE  CENTRE,PROVENCE-ALPES-COTE D'AZUR,5 AV DE VERDUN,06027,Cagnes-sur-Mer,52575,06,06701,Nice,966577,04-Unités urbaines de 100 000 hbts ou plus,1,290,46,497,16470,15739,4.6,De 10 à 20 000 entrées,,OUI,C,,FIXE,NON,B,212,178,2,72.9,10.1,11.2,5.8,140,60.0,61.8,43.662147,7.148711
7,81545,CGR POLYGONE RIVIERA,PROVENCE-ALPES-COTE D'AZUR,AVENUE DES ALPES,06027,Cagnes-sur-Mer,52575,06,06701,Nice,966577,04-Unités urbaines de 100 000 hbts ou plus,10,1728,53,19583,406534,435009,-6.5,De 300 à 450 000 entrées,CGR,NON,NON,,FIXE,OUI,B,276,187,182,34.4,46.7,16.7,2.2,44,9.8,4.7,43.661565,7.1357
4,81673,LE QUERCY,OCCITANIE,871 RUE EMILE ZOLA,46042,Cahors,21081,46,46401,Cahors,25571,05-Unités urbaines de 20 000 à 100 000 hbts,1,360,28,38,3627,6364,-43.0,De 2 à 5 000 entrées,,NON,NON,,FIXE,NON,C,20,7,0,34.2,26.6,25.5,13.7,16,84.8,87.0,44.447834,1.439163
5,82133,L'ALHAMBRA,HAUTS DE FRANCE,2 RUE JEAN JAURÈS,62193,Calais,68193,62,62503,Calais,93524,05-Unités urbaines de 20 000 à 100 000 hbts,4,498,53,4913,57887,55074,5.1,De 50 à 80 000 entrées,,OUI,B,RDJPPR,FIXE,NON,C,406,223,55,46.8,28.8,20.1,4.3,312,78.3,56.9,50.9517558,1.8543260999999802
3,82392,CINEMA D ARGOAT,BRETAGNE,4 RUE DU CLEUMEUR,22025,Callac,2263,22,00000,Zone rurale,14183345,06-autres communes et unités urbaines,1,148,51,632,9664,9675,-0.1,De 5 à 10 000 entrées,,OUI,E,JPPR,FIXE,NON,R,333,252,0,59.5,18.4,16.0,6.1,226,58.3,49.4,48.404288,-3.427185
6,82603,SALLE MELIES,AUVERGNE / RHONE-ALPES,67 CHEMIN DE VASSIEUX,69034,Caluire-et-Cuire,43929,69,00760,Lyon,1714833,04-Unités urbaines de 100 000 hbts ou plus,1,267,48,714,32873,28590,15.0,De 30 à 40 000 entrées,,OUI,C,,FIXE,NON,B,217,148,1,71.6,11.4,13.5,3.4,154,67.1,61.9,45.797955,4.866922
4,82741,LE TEMPLE,OCCITANIE,RUE DU BARRY,12044,Camarès,1055,12,00000,Zone rurale,14183345,06-autres communes et unités urbaines,1,172,47,149,3288,2408,36.5,De 2 à 5 000 entrées,,NON,NON,,FIXE,NON,R,49,41,0,85.8,5.8,3.0,5.3,17,31.0,26.2,43.824209,2.878911
7,82752,SALLE POLYVALENTE,PROVENCE-ALPES-COTE D'AZUR,SALLE POLYVALENTE,84029,Camaret-sur-Aigues,4636,84,84202,Camaret-sur-Aigues,5361,06-autres communes et unités urbaines,1,,51,351,11885,11358,4.6,De 10 à 20 000 entrées,,OUI,E,JP,ITINERANT,NON,C,138,94,1,70.1,18.1,10.1,1.7,89,57.5,52.7,44.162816,4.889682
3,82762,ROCAMADOUR,BRETAGNE,RUE DU ROZ,29022,Camaret-sur-Mer,2516,29,29106,Camaret-sur-Mer,2516,06-autres communes et unités urbaines,1,200,53,559,14717,15035,-2.1,De 10 à 20 000 entrées,,OUI,E,,FIXE,NON,I,185,155,14,63.7,25.0,9.0,2.3,87,32.7,23.2,48.27416,-4.599116
4,82961,L'AIGLON,NOUVELLE AQUITAINE,RUE ANNE DE NEUBOURG,64160,Cambo-les-Bains,6731,64,00751,Bayonne (partie française),267184,04-Unités urbaines de 100 000 hbts ou plus,1,110,52,940,28694,23707,21.0,De 20 à 30 000 entrées,,OUI,E,JP,FIXE,NON,I,286,223,28,71.2,12.7,13.1,2.9,158,43.9,37.4,43.35874,-1.397218
5,83071,LE PALACE,HAUTS DE FRANCE,17 RUE ML DE LATTRE DE TASSIGNY,59122,Cambrai,32128,59,59403,Cambrai,46637,05-Unités urbaines de 20 000 à 100 000 hbts,5,605,53,8783,183777,175787,4.5,De 150 à 200 000 entrées,,NON,NON,,FIXE,NON,C,265,179,129,41.5,41.2,15.7,1.6,104,13.5,10.0,50.174792,3.236568
3,83601,VICTORIA,PAYS DE LA LOIRE,RUE SAINT VICTOR,44025,Campbon,4016,44,00000,Zone rurale,14183345,06-autres communes et unités urbaines,1,500,52,311,6810,7436,-8.4,De 5 à 10 000 entrées,,OUI,E,JP,FIXE,NON,R,154,124,1,64.9,22.2,12.0,0.9,73,41.7,41.1,47.41167,-1.965724
3,84292,DUGUESCLIN,BRETAGNE,5 IMPASSE ST MEEN,35049,Cancale,5405,35,35202,Cancale,5405,06-autres communes et unités urbaines,1,228,53,342,14568,15769,-7.6,De 10 à 20 000 entrées,,OUI,E,JP,FIXE,NON,I,190,157,2,72.1,11.5,11.8,4.6,125,60.4,56.2,48.676977,-1.85005
3,84382,CINEMA LE BEAULIEU,PAYS DE LA LOIRE,ROUTE D'INGRANDES,49054,Candé,2870,49,49106,Candé,2870,06-autres communes et unités urbaines,1,142,53,386,4874,3818,27.7,De 2 à 5 000 entrées,,NON,NON,,FIXE,NON,I,176,151,0,63.3,21.2,14.7,0.8,71,34.5,20.5,47.551609,-1.038715
4,84441,CENTRE SIMONE SIGNORET,NOUVELLE AQUITAINE,CHEMIN DU CASSIOT,33090,Canéjan,6074,33,33701,Bordeaux,1008323,04-Unités urbaines de 100 000 hbts ou plus,1,383,39,155,7162,6999,2.3,De 5 à 10 000 entrées,,NON,NON,,FIXE,NON,B,96,75,1,75.2,13.4,10.9,0.5,56,54.2,52.5,44.761134,-0.654322
7,84556,Clap Ciné,OCCITANIE,COLLINE DES LOISIRS,66037,Canet-en-Roussillon,12916,66,66301,Canet-en-Roussillon,12916,06-autres communes et unités urbaines,4,501,53,5623,105453,91219,15.6,De 100 à 150 000 entrées,,OUI,E,RDJPPR,FIXE,NON,I,342,252,137,55.0,30.5,13.3,1.2,207,32.5,19.9,42.701936,3.019408
7,84711,OLYMPIA,PROVENCE-ALPES-COTE D'AZUR,5 RUE D ANTIBES,06029,Cannes,73159,06,06701,Nice,966577,04-Unités urbaines de 100 000 hbts ou plus,4,727,53,6562,79975,82512,-3.1,De 50 à 80 000 entrées,,NON,NON,,FIXE,NON,B,190,139,95,41.5,41.5,15.8,1.2,54,12.6,10.9,43.552366,7.016598
7,84712,ARCADES,PROVENCE-ALPES-COTE D'AZUR,77 RUE FELIX FAURE,06029,Cannes,73159,06,06701,Nice,966577,04-Unités urbaines de 100 000 hbts ou plus,3,453,52,4337,73833,80757,-8.6,De 50 à 80 000 entrées,,OUI,C,JP,FIXE,NON,B,283,170,148,60.8,13.3,21.2,4.8,238,89.3,89.3,43.552517,7.015358
7,84734,C'PICAUD (ex studio13),PROVENCE-ALPES-COTE D'AZUR,23 AV DU DOCTEUR PICAUD,06029,Cannes,73159,06,06701,Nice,966577,04-Unités urbaines de 100 000 hbts ou plus,2,300,15,37,775,1344,-42.3,Moins de 2000 entrées,,NON,NON,,FIXE,NON,B,24,11,0,63.2,23.6,0.0,13.2,15,43.2,46.8,43.550716,7.001343
7,84745,SALLE RAIMU,PROVENCE-ALPES-COTE D'AZUR,AVENUE DE LA BORDE,06029,Cannes,73159,06,06701,Nice,966577,04-Unités urbaines de 100 000 hbts ou plus,1,177,41,277,7638,7328,4.2,De 5 à 10 000 entrées,,OUI,C,,FIXE,NON,B,136,106,0,61.1,21.5,12.0,5.4,102,74.6,79.5,43.567121,6.963836
7,84761,OLYMPIA 5 A 9,PROVENCE-ALPES-COTE D'AZUR,5 RUE D ANTIBES,06029,Cannes,73159,06,06701,Nice,966577,04-Unités urbaines de 100 000 hbts ou plus,5,469,53,8231,56363,66649,-15.4,De 50 à 80 000 entrées,,NON,NON,,FIXE,NON,B,226,163,126,47.7,37.6,11.9,2.8,62,13.3,11.7,43.552366,7.016598
7,84774,PROSPER MERIMEE,PROVENCE-ALPES-COTE D'AZUR,25 AVENUE FRANCIS TOMER,06029,Cannes,73159,06,06701,Nice,966577,04-Unités urbaines de 100 000 hbts ou plus,1,432,21,58,7724,7893,-2.1,De 5 à 10 000 entrées,,NON,NON,,FIXE,NON,B,54,6,0,73.6,10.4,11.3,4.8,45,84.2,87.8,43.54938,6.981931
7,84781,MIRAMAR,PROVENCE-ALPES-COTE D'AZUR,RUE PASTEUR - ANGLE CROISETTE,06029,Cannes,73159,06,06701,Nice,966577,04-Unités urbaines de 100 000 hbts ou plus,1,370,37,86,12906,11829,9.1,De 10 à 20 000 entrées,,NON,NON,,FIXE,NON,B,77,20,0,66.7,15.4,9.5,8.4,56,72.6,70.1,43.550134,7.029043
7,84782,ALEXANDRE III,PROVENCE-ALPES-COTE D'AZUR,19 BD ALEXANDRE III,06029,Cannes,73159,06,06701,Nice,966577,04-Unités urbaines de 100 000 hbts ou plus,1,176,23,33,4338,4103,5.7,De 2 à 5 000 entrées,,NON,NON,,FIXE,NON,B,29,2,0,84.3,8.4,3.5,3.8,23,81.8,86.1,43.546541,7.036474
7,84830,CANNET TOILES,PROVENCE-ALPES-COTE D'AZUR,1 RUE VICTORIEN SARDOU,06030,Le Cannet,42524,06,06701,Nice,966577,04-Unités urbaines de 100 000 hbts ou plus,1,80,53,706,13484,13350,1.0,De 10 à 20 000 entrées,,OUI,C,,FIXE,NON,B,223,183,1,62.9,19.4,12.3,5.4,149,64.7,57.6,43.576083,7.017663
7,84831,CINETOILE ROCHEVILLE,PROVENCE-ALPES-COTE D'AZUR,2 AVENUE FRANKLIN ROOSEVELT,06030,Le Cannet,42524,06,06701,Nice,966577,04-Unités urbaines de 100 000 hbts ou plus,1,88,53,737,14908,13711,8.7,De 10 à 20 000 entrées,,OUI,C,,FIXE,NON,B,227,190,2,55.8,24.2,16.6,3.4,116,47.1,41.2,43.56912,7.005225
3,84981,ESPACE CULTUREL FRANCOIS MITTERRAND,NORMANDIE,PARC GEORGES PIERRE,76157,Canteleu,14157,76,00755,Rouen,481277,04-Unités urbaines de 100 000 hbts ou plus,1,170,50,130,5097,3844,32.6,De 5 à 10 000 entrées,,NON,NON,,FIXE,NON,B,56,45,0,59.3,16.6,16.4,7.7,28,58.1,61.5,49.452077,1.037664
4,85211,RIO CINEMA,NOUVELLE AQUITAINE,ALLEES MARINES,40065,Capbreton,9494,40,40301,Capbreton,13078,06-autres communes et unités urbaines,1,172,53,802,24499,22165,10.5,De 20 à 30 000 entrées,,OUI,E,,FIXE,NON,C,209,179,78,61.5,25.2,12.6,0.8,110,31.2,25.4,43.641276,-1.432502
4,85323,ATMOSPHERE,OCCITANIE,3 RUE ANATOLE FRANCE,12052,Capdenac-Gare,4516,12,12106,Capdenac-Gare,4516,06-autres communes et unités urbaines,1,263,51,762,14543,13145,10.6,De 10 à 20 000 entrées,,OUI,E,JP,FIXE,NON,B,212,170,1,63.7,18.6,12.8,4.9,136,54.4,46.2,44.574792,2.081445
4,85851,CENTRE AUDIOVISUEL,NOUVELLE AQUITAINE,PLACE DU FOIRAIL,33095,Captieux,1364,33,00000,Zone rurale,14183345,06-autres communes et unités urbaines,1,195,48,319,3015,2073,45.4,De 2 à 5 000 entrées,,OUI,E,,FIXE,NON,R,170,138,0,73.2,14.5,10.9,1.3,82,41.3,36.3,44.292217,-0.259312
4,85861,Casino,OCCITANIE,Casino MUNICIPAL,65127,Capvern,1289,65,00000,Zone rurale,14183345,06-autres communes et unités urbaines,1,99,51,173,3074,3921,-21.6,De 2 à 5 000 entrées,,OUI,E,,FIXE,NON,R,143,115,0,81.6,8.9,7.7,1.9,86,55.6,47.2,43.120092,0.309567
3,85902,ETOILE,BRETAGNE,11 RUE DUQUESNE,29023,Carantec,3309,29,29131,Carantec,4573,06-autres communes et unités urbaines,1,161,53,390,11970,11337,5.6,De 10 à 20 000 entrées,,OUI,E,JPPR,FIXE,NON,C,263,205,0,68.2,11.3,15.4,5.2,184,65.4,55.6,48.667568,-3.912861
4,85981,FAVOLS,NOUVELLE AQUITAINE,AVENUE VIGNAU-ANGLADE,33096,Carbon-Blanc,8355,33,33701,Bordeaux,1008323,04-Unités urbaines de 100 000 hbts ou plus,1,196,43,190,5201,6690,-22.3,De 5 à 10 000 entrées,,NON,NON,,FIXE,NON,B,147,129,2,73.9,7.5,9.6,9.1,89,59.3,58.9,44.895434,-0.508506
4,85993,CINE CARBONNE,OCCITANIE,BOIS DE CASTRES,31107,Carbonne,5954,31,31208,Carbonne,6946,06-autres communes et unités urbaines,1,206,53,545,12845,11847,8.4,De 10 à 20 000 entrées,,OUI,E,JPPR,FIXE,NON,C,390,315,1,60.3,15.7,11.4,12.6,272,67.6,67.8,43.286407,1.200892
4,86031,CENTRE CULTUREL DE L ESTRAN,NOUVELLE AQUITAINE,123 AVENUE DE MAUBUISSON,33097,Carcans,2455,33,00000,Zone rurale,14183345,06-autres communes et unités urbaines,1,248,49,196,4787,3735,28.2,De 2 à 5 000 entrées,,NON,NON,,FIXE,NON,R,99,85,0,57.6,35.5,6.6,0.4,23,13.8,6.2,45.069909,-1.142214
7,86072,CGR LE COLISEE,OCCITANIE,10 BD OMER SARRAUT,11069,Carcassonne,47854,11,11401,Carcassonne,48814,05-Unités urbaines de 20 000 à 100 000 hbts,3,263,53,4660,54237,54875,-1.2,De 50 à 80 000 entrées,CGR,OUI,D,RDJPPR,FIXE,NON,C,401,239,136,56.6,16.6,21.0,5.7,340,95.5,91.2,43.216587,2.352707
7,86103,CGR CARCASSONNE,OCCITANIE,ZONE DU PONT ROUGE,11069,Carcassonne,47854,11,11401,Carcassonne,48814,05-Unités urbaines de 20 000 à 100 000 hbts,10,1945,53,16447,265627,257747,3.1,De 200 à 300 000 entrées,CGR,NON,NON,,FIXE,OUI,C,229,166,159,41.1,42.4,15.2,1.3,36,9.4,4.3,43.235546,2.367714
7,86173, SLE COMMUNALE DU FOYER RURAL,PROVENCE-ALPES-COTE D'AZUR,31 RUE MARECHAL FOCH,83032,Carcès,3470,83,83114,Carcès,3470,06-autres communes et unités urbaines,1,,50,307,6564,6808,-3.6,De 5 à 10 000 entrées,,NON,NON,,ITINERANT,NON,C,89,70,4,59.4,24.6,14.4,1.5,38,35.8,37.1,43.4765018,6.182329100000061
3,86313,LE COTENTIN,NORMANDIE,RUE HOLGATE,50099,Carentan les Marais,10389,50,50301,Carentan-les-Marais,10389,06-autres communes et unités urbaines,2,316,53,2241,36148,32201,12.3,De 30 à 40 000 entrées,,OUI,E,JP,FIXE,NON,C,290,198,52,59.4,28.3,10.9,1.4,162,23.7,19.8,49.302896,-1.247604
3,86353,LE GRAND BLEU,BRETAGNE,CENTRE CULTUREL,29024,Carhaix-Plouguer,7773,29,00267,Carhaix-Plouguer,9523,06-autres communes et unités urbaines,1,215,53,1003,32273,30019,7.5,De 30 à 40 000 entrées,,OUI,E,JPPR,FIXE,NON,C,311,231,22,52.1,28.8,15.4,3.7,183,45.9,30.1,48.283143,-3.572343
4,86544,CLAP CINE,OCCITANIE,3 AVENUE JEAN JAURES,81060,Carmaux,10036,81,81303,Carmaux,18827,06-autres communes et unités urbaines,4,573,53,4919,56260,53619,4.9,De 50 à 80 000 entrées,,OUI,E,JPPR,FIXE,NON,C,306,215,111,52.5,31.6,12.6,3.2,172,27.9,25.2,44.049028,2.157496
3,86561,REX,BRETAGNE,21 AVENUE MILN,56034,Carnac,4337,56,56304,Carnac,13429,06-autres communes et unités urbaines,2,422,49,1172,31787,34265,-7.2,De 30 à 40 000 entrées,,OUI,E,,FIXE,NON,C,96,74,33,68.1,22.4,9.2,0.3,33,14.5,12.3,47.572383,-3.075775
7,86693,L ARTEA,PROVENCE-ALPES-COTE D'AZUR,AVENUE CARDINAL DE LAVIGERIE,13119,Carnoux-en-Provence,6706,13,13207,Carnoux-en-Provence,6706,06-autres communes et unités urbaines,1,306,37,185,2580,2322,11.1,De 2 à 5 000 entrées,,NON,NON,,FIXE,NON,I,144,127,1,49.7,26.4,23.2,0.7,53,35.6,33.3,43.256071,5.568869
7,86772,Salle des Fêtes,PROVENCE-ALPES-COTE D'AZUR,BOULODROME,84030,Caromb,3505,84,00754,Avignon,468293,04-Unités urbaines de 100 000 hbts ou plus,1,,47,213,8230,7790,5.6,De 5 à 10 000 entrées,,OUI,E,,ITINERANT,NON,B,114,81,0,65.6,17.5,15.0,1.9,77,69.0,62.9,44.109395,5.112026
7,86781,RIVOLI,PROVENCE-ALPES-COTE D'AZUR,56 AVENUE VICTOR HUGO,84031,Carpentras,30564,84,00754,Avignon,468293,04-Unités urbaines de 100 000 hbts ou plus,4,612,53,6056,139194,129866,7.2,De 100 à 150 000 entrées,,OUI,C,JPPR,FIXE,NON,B,269,187,142,59.1,22.6,15.6,2.7,175,51.7,41.2,44.050347,5.047636
4,86860,SALLE MULTISERVICE,NOUVELLE AQUITAINE,1 ROUTE DEPARTEMENTALE 42,64167,Carrère,219,64,00000,Zone rurale,14183345,06-autres communes et unités urbaines,1,,18,56,3423,5076,-32.6,De 2 à 5 000 entrées,,NON,NON,,ITINERANT,NON,R,23,12,0,88.9,5.0,6.1,0.0,8,27.7,23.8,43.4817151,-0.2803853000000345
7,86930,JULIETTE GRECO,PROVENCE-ALPES-COTE D'AZUR,BOULEVARD LA COLLE BELLE,06033,Carros,13010,06,06701,Nice,966577,04-Unités urbaines de 100 000 hbts ou plus,1,277,22,125,6928,5662,22.4,De 5 à 10 000 entrées,,NON,NON,,FIXE,NON,B,117,92,0,58.2,21.4,16.9,3.6,58,51.6,56.8,43.772944,7.193186
7,86952,ESPACE FERNANDEL,PROVENCE-ALPES-COTE D'AZUR,AV ARISTIDE BRIAND,13021,Carry-le-Rouet,5831,13,13305,Sausset-les-Pins-Carry-le-Rouet,13519,06-autres communes et unités urbaines,1,200,53,1458,22713,23929,-5.1,De 20 à 30 000 entrées,,NON,NON,,FIXE,NON,B,169,147,1,65.4,20.5,13.6,0.5,79,37.8,24.4,43.332335,5.151827
7,87646,CINE LES CALANQUES,PROVENCE-ALPES-COTE D'AZUR,20 AVENUE EMMANUEL AGOSTINI,13022,Cassis,6889,13,13301,Cassis,12893,06-autres communes et unités urbaines,1,111,50,993,12103,10934,10.7,De 10 à 20 000 entrées,,OUI,E,,FIXE,NON,I,152,134,0,64.1,18.6,14.4,3.0,104,63.1,50.0,43.215622,5.538828
4,87772,M J C  CINE 113,OCCITANIE,20 AV DE TOULOUSE,31113,Castanet-Tolosan,14636,31,00758,Toulouse,1062736,04-Unités urbaines de 100 000 hbts ou plus,1,152,53,1313,32220,30746,4.8,De 30 à 40 000 entrées,,OUI,C,JP,FIXE,NON,B,432,331,4,63.9,21.1,12.7,2.3,262,52.2,42.8,43.516624,1.498262
4,87941,LE CASTELIA,OCCITANIE,17 RUE PONT FAURÉ,31116,Castelginest,10901,31,00758,Toulouse,1062736,04-Unités urbaines de 100 000 hbts ou plus,1,190,53,1210,25394,23178,9.6,De 20 à 30 000 entrées,,OUI,C,JP,FIXE,NON,B,266,212,3,59.2,24.7,13.8,2.3,162,45.4,35.0,43.693325,1.429742
4,87966,L'ODYSSEE,NOUVELLE AQUITAINE,PLACE JOSE BES,47052,Casteljaloux,4575,47,47104,Casteljaloux,4575,06-autres communes et unités urbaines,1,185,53,623,14845,14426,2.9,De 10 à 20 000 entrées,,OUI,E,JPPR,FIXE,NON,I,294,230,1,61.1,23.8,11.5,3.7,180,49.2,32.9,44.313986,0.084494
4,88111,LE MELIES,OCCITANIE,LE BEZINAT,31117,Castelmaurou,4508,31,00758,Toulouse,1062736,04-Unités urbaines de 100 000 hbts ou plus,1,199,48,668,20449,19974,2.4,De 20 à 30 000 entrées,,OUI,C,,FIXE,NON,B,299,232,32,59.6,24.9,12.0,3.4,181,47.1,37.0,43.680383,1.534648
7,88236,VEO CASTELNAUDARY,OCCITANIE,"39, BOULEVARD GENERAL LAPASSET",11076,Castelnaudary,12978,11,11303,Castelnaudary,14399,06-autres communes et unités urbaines,3,447,53,4080,85205,80005,6.5,De 80 à 100 000 entrées,,OUI,E,JPPR,FIXE,NON,C,342,244,93,50.8,33.4,14.0,1.8,195,28.1,23.8,43.320632,1.951331
4,88371,SALLE COMMUNALE POLYVALENTE,OCCITANIE,SALLE COMMUNALE POLYVALENTE,09082,Castelnau-Durban,462,09,00000,Zone rurale,14183345,06-autres communes et unités urbaines,1,,51,383,9008,10263,-12.2,De 5 à 10 000 entrées,,OUI,E,JPPR,ITINERANT,NON,R,87,54,1,71.2,11.1,8.5,9.3,74,87.4,85.4,43.001442,1.33357
4,88512,VOX,OCCITANIE,11 RUE DU COLLEGE,82033,Castelsarrasin,14404,82,82401,Castelsarrasin,28478,05-Unités urbaines de 20 000 à 100 000 hbts,1,184,48,323,8849,7963,11.1,De 5 à 10 000 entrées,,OUI,D,,FIXE,NON,C,177,146,0,62.6,16.3,19.2,1.8,101,56.5,60.9,44.037315,1.109842
4,88751,KURSAAL,NOUVELLE AQUITAINE,PLACE E LANDOUAT,40075,Castets,2525,40,00000,Zone rurale,14183345,06-autres communes et unités urbaines,1,106,50,480,6747,6013,12.2,De 5 à 10 000 entrées,,OUI,E,,FIXE,NON,R,198,173,0,60.7,26.2,10.6,2.6,94,40.0,23.9,43.882158,-1.145369
4,88991,CINE 4,NOUVELLE AQUITAINE,PLACE JASMIN,47057,Castillonnès,1386,47,00000,Zone rurale,14183345,06-autres communes et unités urbaines,1,205,53,576,16047,15546,3.2,De 10 à 20 000 entrées,,OUI,E,,FIXE,NON,R,252,214,0,53.6,22.4,20.5,3.4,157,50.8,38.2,44.651621,0.591622
4,89125,CGR CASTRES,OCCITANIE,72 CHEMINS DES PORCHES,81065,Castres,43833,81,81501,Castres,59316,05-Unités urbaines de 20 000 à 100 000 hbts,10,1343,53,16939,263212,160263,64.2,De 200 à 300 000 entrées,CGR,OUI,D,RDJPPR,FIXE,OUI,C,461,298,195,42.7,39.6,15.3,2.4,248,23.9,15.2,43.601225,2.25028
5,89152,SELECT,HAUTS DE FRANCE,"32, RUE DES REMPARTS",59136,Le Cateau-Cambrésis,7153,59,59209,Le Cateau-Cambrésis,7430,06-autres communes et unités urbaines,1,178,42,281,9336,9489,-1.6,De 5 à 10 000 entrées,,NON,NON,,FIXE,NON,C,111,82,3,53.8,27.7,16.7,1.9,33,22.6,22.0,50.106254,3.54484
3,89481,LE PARIS,NORMANDIE,3 RUE ARISTIDE CAUCHOIS,76164,Rives-en-Seine,4158,76,76125,Rives-en-Seine,4158,06-autres communes et unités urbaines,1,386,53,1012,15315,15191,0.8,De 10 à 20 000 entrées,,OUI,E,JP,FIXE,NON,I,202,169,14,62.3,23.4,12.1,2.2,117,31.4,29.2,49.525593,0.72697
5,89644,MILLENIUM,HAUTS DE FRANCE,PLACE DES MANTILLES,59139,Caudry,14170,59,59309,Caudry,18128,06-autres communes et unités urbaines,2,598,50,1006,34299,41796,-17.9,De 30 à 40 000 entrées,,OUI,E,JP,FIXE,NON,C,188,149,26,40.1,42.5,15.5,1.9,80,29.9,20.8,50.127719,3.415275
4,90112,CINEMA THEATRE,OCCITANIE,32 RUE DES RECOLLETS,82037,Caussade,7022,82,82204,Caussade,8492,06-autres communes et unités urbaines,1,240,53,973,24660,23782,3.7,De 20 à 30 000 entrées,,OUI,E,JPPR,FIXE,NON,C,288,214,4,59.3,25.3,12.1,3.3,192,49.0,42.2,44.162933,1.538724
4,90191,Casino,OCCITANIE,ESPLANADE DES OEUFS,65138,Cauterets,889,65,00000,Zone rurale,14183345,06-autres communes et unités urbaines,1,122,48,531,13207,10952,20.6,De 10 à 20 000 entrées,,OUI,E,,FIXE,NON,R,149,111,31,71.5,21.5,6.5,0.5,68,23.1,20.4,42.88755,-0.114879
7,90312,FEMINA,PROVENCE-ALPES-COTE D'AZUR,58 COURS GAMBETTA,84035,Cavaillon,26206,84,00754,Avignon,468293,04-Unités urbaines de 100 000 hbts ou plus,3,392,53,4390,67481,70363,-4.1,De 50 à 80 000 entrées,,OUI,C,,FIXE,NON,B,215,177,149,54.3,31.5,13.5,0.8,97,31.3,27.7,43.837243,5.040229
7,90313,LA CIGALE,PROVENCE-ALPES-COTE D'AZUR,79 AV DU MARECHAL JOFFRE,84035,Cavaillon,26206,84,00754,Avignon,468293,04-Unités urbaines de 100 000 hbts ou plus,1,360,52,646,15720,17979,-12.6,De 10 à 20 000 entrées,,NON,NON,,FIXE,NON,B,202,40,26,55.0,28.4,14.1,2.5,154,42.3,29.0,43.834515,5.041736
7,90324,LE PARADISO,PROVENCE-ALPES-COTE D'AZUR,60 RUE JEAN MERMOZ,84035,CAVAILLON,26206,84,00754,Avignon,468293,04-Unités urbaines de 100 000 hbts ou plus,2,204,52,1771,15805,16343,-3.3,De 10 à 20 000 entrées,,OUI,C,RD,FIXE,NON,B,165,146,89,70.5,6.2,17.8,5.6,151,89.9,90.1,43.834963,5.042283
7,90345,CINEMA ATHENA,PROVENCE-ALPES-COTE D'AZUR,SQUARE DE LATTRE DE TASSIGNY,83036,Cavalaire-sur-Mer,7735,83,83302,Cavalaire-sur-Mer,11608,06-autres communes et unités urbaines,1,132,43,646,11986,13589,-11.8,De 10 à 20 000 entrées,,NON,NON,,FIXE,NON,C,191,163,6,68.5,20.3,10.8,0.4,91,40.9,26.0,43.172524,6.530347
4,90763,ARMAGNAC,OCCITANIE,BARBOTAN LES THERMES,32096,Cazaubon,1705,32,00000,Zone rurale,14183345,06-autres communes et unités urbaines,1,186,53,353,14469,11220,29.0,De 10 à 20 000 entrées,,OUI,E,JP,FIXE,NON,R,203,179,20,83.2,7.3,8.3,1.2,110,42.7,29.5,43.947931,-0.041716
4,90932,LES CAPUCINS,OCCITANIE,RUE DES CAPUCINS,31135,Cazères,4824,31,31206,Cazères,6072,06-autres communes et unités urbaines,1,237,49,475,8697,7768,12.0,De 5 à 10 000 entrées,,OUI,E,JP,FIXE,NON,C,334,283,0,60.2,22.6,12.1,5.1,197,55.1,47.2,43.203101,1.083573
7,91033,ROAD MOVIES,OCCITANIE,AVE VICTOR HUGO,34069,Cazouls-lès-Béziers,5220,34,34142,Cazouls-lès-Béziers,5220,06-autres communes et unités urbaines,1,,14,32,996,415,140.0,Moins de 2000 entrées,,NON,NON,,ITINERANT,NON,I,30,18,0,73.6,17.7,8.7,0.0,3,9.4,7.9,43.392145,3.103753
2,91492,CINEMA DU THEATRE,ILE-DE-FRANCE,8 AVENUE CHARLES DE GAULLE,78126,La Celle-Saint-Cloud,20889,78,00851,Paris,10947378,03-Grande couronne,1,319,40,268,13517,13359,1.2,De 10 à 20 000 entrées,,OUI,C,,FIXE,NON,B,182,127,1,50.8,13.8,24.8,10.6,125,71.4,70.5,48.847416,2.136047
7,92302,CERETAN,OCCITANIE,BLD GEORGES CLEMENCEAU,66049,Céret,7968,66,66302,Céret,14264,06-autres communes et unités urbaines,1,170,20,25,2553,5469,-53.3,De 2 à 5 000 entrées,,NON,NON,,FIXE,NON,C,17,9,0,82.2,17.8,0.0,0.0,6,36.0,38.9,42.486293,2.749588
2,92329,UGC Ciné Cité,ILE-DE-FRANCE,8 PLACE DES 3 GARES,95127,Cergy,68275,95,00851,Paris,10947378,03-Grande couronne,14,2788,53,19076,276985,310014,-10.7,De 200 à 300 000 entrées,UGC,NON,NON,,FIXE,OUI,B,456,235,219,30.7,50.4,16.1,2.8,194,21.4,11.9,49.048453,2.010977
4,92441,7EME ART,NOUVELLE AQUITAINE,PLACE DE LA MAIRIE,79062,Cerizay,4874,79,79205,Cerizay,5844,06-autres communes et unités urbaines,1,177,48,648,9130,8190,11.5,De 5 à 10 000 entrées,,OUI,E,JP,FIXE,NON,C,166,136,10,71.5,15.7,11.4,1.4,45,22.7,12.1,46.821515,-0.668137
8,92542,ESPACE GRÜN,GRAND EST,32 RUE GEORGES RISLER,68063,Cernay,11769,68,68402,Thann-Cernay,32184,05-Unités urbaines de 20 000 à 100 000 hbts,1,432,7,11,1038,1967,-47.2,Moins de 2000 entrées,,NON,NON,,FIXE,NON,C,6,1,0,8.6,10.5,77.8,3.0,5,80.0,81.7,47.806567,7.173935
8,92543,LA CROISIERE,GRAND EST,Place des Etoiles Lieu-dit La Croisière,68063,Cernay,11769,68,68402,Thann-Cernay,32184,05-Unités urbaines de 20 000 à 100 000 hbts,7,976,53,9716,231827,216841,6.9,De 200 à 300 000 entrées,,OUI,D,,FIXE,NON,C,252,188,154,40.8,41.1,16.8,1.3,76,15.6,6.5,47.806562,7.170393
3,93201,LE SEVIGNE,BRETAGNE,43 RUE DU MUGUET,35051,Cesson-Sévigné,17799,35,35701,Rennes,375022,04-Unités urbaines de 100 000 hbts ou plus,1,293,46,641,44135,46306,-4.7,De 40 à 50 000 entrées,,OUI,C,,FIXE,NON,B,244,161,17,64.4,15.8,16.2,3.6,171,60.8,54.3,48.118209,-1.610628
4,93261,COMPLEXE LE REX,NOUVELLE AQUITAINE,PLACE DU SOUVENIR,33122,Cestas,17219,33,33701,Bordeaux,1008323,04-Unités urbaines de 100 000 hbts ou plus,2,544,53,2672,47235,40566,16.4,De 40 à 50 000 entrées,,OUI,C,JP,FIXE,NON,B,222,176,49,55.9,31.8,10.8,1.5,117,29.6,18.4,44.742006,-0.685394
3,94711,FAMILIAL,GRAND EST,RUE DIDEROT,52093,Chalindrey,2461,52,52102,Chalindrey,3561,06-autres communes et unités urbaines,1,393,48,177,9103,7992,13.9,De 5 à 10 000 entrées,,NON,NON,,FIXE,NON,C,96,79,0,65.5,22.0,12.0,0.5,24,22.1,19.4,47.803369,5.431466
4,94745,CINE TRISKELL,PAYS DE LA LOIRE,PLACE DU FOIRAIL,85047,Challans,22690,85,85402,Challans,30386,05-Unités urbaines de 20 000 à 100 000 hbts,5,780,53,6876,200486,184248,8.8,De 200 à 300 000 entrées,,OUI,D,JPPR,FIXE,NON,C,416,260,155,50.7,34.2,13.1,2.0,220,24.6,12.8,46.84884,-1.872212
6,94802,LE CHALL ENGER,AUVERGNE / RHONE-ALPES,PLACE LOUIS DUMOLLARD,73064,Challes-les-Eaux,5875,73,73601,Chambéry,202124,04-Unités urbaines de 100 000 hbts ou plus,1,141,49,1236,49886,44174,12.9,De 40 à 50 000 entrées,,NON,NON,,FIXE,NON,B,160,121,10,63.8,27.0,8.3,0.8,75,27.9,24.1,45.548622,5.986578
3,94922,ESPACE CINE,PAYS DE LA LOIRE,RUE FELIX FAURE,49063,Chalonnes-sur-Loire,6649,49,49204,Chalonnes-sur-Loire,6649,06-autres communes et unités urbaines,1,274,49,472,17035,15513,9.8,De 10 à 20 000 entrées,,OUI,E,,FIXE,NON,I,254,214,1,67.3,17.6,12.7,2.4,165,51.0,40.1,47.353192,-0.764716
3,94997,MEGA CGR,GRAND EST,RUE AUGUSTIN FRESNEL,51108,Châlons-en-Champagne,45481,51,51501,Châlons-en-Champagne,58194,05-Unités urbaines de 20 000 à 100 000 hbts,9,1601,53,15161,196603,199861,-1.6,De 150 à 200 000 entrées,CGR,NON,NON,,FIXE,OUI,C,244,172,154,39.6,44.0,14.8,1.6,45,7.1,3.8,48.940758,4.397745
3,95006,LA COMETE,GRAND EST,5 RUE DES FRIPIERS,51108,Châlons-en-Champagne,45481,51,51501,Châlons-en-Champagne,58194,05-Unités urbaines de 20 000 à 100 000 hbts,1,153,48,1172,42528,39822,6.8,De 40 à 50 000 entrées,,OUI,D,RDJPPR,FIXE,NON,C,280,169,1,62.1,17.2,16.5,4.3,235,86.2,85.6,48.956167,4.363554
6,95052,ESPACE DES ARTS,BOURGOGNE / FRANCHE-COMTE,5 BIS AV NICEPHORE NIEPCE,71076,Chalon-sur-Saône,46567,71,71501,Chalon-sur-Saône,81969,05-Unités urbaines de 20 000 à 100 000 hbts,2,1089,9,116,10796,9043,19.4,De 10 à 20 000 entrées,,NON,NON,,FIXE,NON,C,37,18,1,57.2,0.0,21.7,21.1,30,75.3,73.7,46.779485,4.849123
6,95076,MEGARAMA,BOURGOGNE / FRANCHE-COMTE,1 RUE RENE CASSIN,71076,Chalon-sur-Saône,46567,71,71501,Chalon-sur-Saône,81969,05-Unités urbaines de 20 000 à 100 000 hbts,12,1637,53,20718,516795,501426,3.1,De 450 à 700 000 entrées,MEGARAMA,OUI,D,,FIXE,OUI,C,516,361,285,46.8,36.6,14.2,2.3,269,25.6,16.3,46.775786,4.864432
6,95405,CINE'MALRAUX,AUVERGNE / RHONE-ALPES,67 PLACE FRANCOIS MITTERRAND,73065,Chambéry,60749,73,73601,Chambéry,202124,04-Unités urbaines de 100 000 hbts ou plus,1,157,42,553,25399,21815,16.4,De 20 à 30 000 entrées,,OUI,B,JP,FIXE,NON,C,234,78,3,44.4,30.8,14.9,9.8,142,58.6,60.2,45.563024,5.924935
6,95413,ASTREE,AUVERGNE / RHONE-ALPES,7 BOULEVARD DU THEATRE,73065,Chambéry,60749,73,73601,Chambéry,202124,04-Unités urbaines de 100 000 hbts ou plus,4,584,53,6394,130073,120794,7.7,De 100 à 150 000 entrées,,OUI,B,RDJPPR,FIXE,NON,C,329,181,148,64.6,11.2,17.3,6.9,288,92.1,88.9,45.566066,5.923359
6,95451,FORUM CINEMA,AUVERGNE / RHONE-ALPES,28 PLACE DU FORUM,73065,Chambéry,60749,73,73601,Chambéry,202124,04-Unités urbaines de 100 000 hbts ou plus,2,235,2,35,1113,14151,-92.1,Moins de 2000 entrées,,OUI,B,RDJPPR,FIXE,NON,C,11,4,0,36.4,0.0,63.6,0.0,10,97.1,88.7,45.592248,5.919227
3,95562,MEGARAMA,HAUTS DE FRANCE,ZAC PORTE SUD DE L'OISE,60139,Chambly,10266,60,00463,Persan-Beaumont-sur-Oise,39344,05-Unités urbaines de 20 000 à 100 000 hbts,7,1314,53,12134,271517,284195,-4.5,De 200 à 300 000 entrées,MEGARAMA,NON,NON,,FIXE,NON,C,192,142,135,29.6,52.4,16.3,1.7,30,5.7,3.7,49.155627,2.248819
6,95732,CINEMASCOOP,AUVERGNE / RHONE-ALPES,18 RUE DE LA POSTE,43051,Le Chambon-sur-Lignon,2465,43,00000,Zone rurale,14183345,06-autres communes et unités urbaines,2,196,52,1047,14290,13057,9.4,De 10 à 20 000 entrées,,OUI,E,RDJPPR,FIXE,NON,R,288,239,0,67.8,15.5,12.8,4.0,221,72.4,56.0,45.061194,4.302941
6,96184,VOX,AUVERGNE / RHONE-ALPES,22 COURS DU BARTAVEL,74056,Chamonix-Mont-Blanc,9019,74,74301,Chamonix-Mont-Blanc,12270,06-autres communes et unités urbaines,3,508,50,2682,46046,52847,-12.9,De 40 à 50 000 entrées,,OUI,E,JP,FIXE,NON,C,218,168,60,52.2,30.3,15.5,2.0,130,26.8,24.9,45.923063,6.86902
2,96533,JEAN GABIN,ILE-DE-FRANCE,RUE PIERRE DE COUBERTIN,77079,Champagne-sur-Seine,6504,77,77403,Champagne-sur-Seine,29069,03-Grande couronne,1,168,50,527,7922,6229,27.2,De 5 à 10 000 entrées,,OUI,D,,FIXE,NON,C,156,126,0,58.5,23.8,13.3,4.4,114,68.0,61.5,48.398755,2.80515
6,96611,REPUBLIQUE,BOURGOGNE / FRANCHE-COMTE,4 AV EDOUARD HERRIOT,39097,Champagnole,8466,39,39204,Champagnole,10504,06-autres communes et unités urbaines,3,272,53,2618,44307,38902,13.9,De 40 à 50 000 entrées,,OUI,E,RDJP,FIXE,NON,C,310,264,76,63.3,25.2,9.8,1.6,193,38.1,30.4,46.748543,5.906232
6,96641,RHODO,AUVERGNE / RHONE-ALPES,LE CENTRE,73071,Champagny-en-Vanoise,577,73,00000,Zone rurale,14183345,06-autres communes et unités urbaines,1,170,30,335,3310,4039,-18.0,De 2 à 5 000 entrées,,NON,NON,,FIXE,NON,R,119,95,22,53.2,29.8,16.1,0.9,37,18.5,15.7,45.454122,6.692461
3,96950,SALLE YVES RENAULT,CENTRE-VAL DE LOIRE,4 RUE JEAN PERRIN,37050,Chambray-lès-Tours,12221,37,37701,Tours,371410,04-Unités urbaines de 100 000 hbts ou plus,1,242,11,11,970,1131,-14.2,Moins de 2000 entrées,,NON,NON,,FIXE,NON,B,11,9,0,100.0,0.0,0.0,0.0,3,27.3,25.9,47.341938,0.723719
2,97431,STUDIO 66,ILE-DE-FRANCE,66 RUE JEAN JAURES,94017,Champigny-sur-Marne,77751,94,00851,Paris,10947378,02-Petite Couronne,5,944,53,8089,105747,116518,-9.2,De 100 à 150 000 entrées,MEGARAMA,OUI,C,JP,FIXE,NON,B,271,187,116,34.2,47.6,13.9,4.3,140,22.7,20.6,48.814397,2.508133
3,99031,ELYSEE,HAUTS DE FRANCE,"25, AVENUE DU MARECHAL JOFFRE",60141,Chantilly,10821,60,60402,Chantilly,37945,05-Unités urbaines de 20 000 à 100 000 hbts,4,520,53,4278,74263,73267,1.4,De 50 à 80 000 entrées,,OUI,D,,FIXE,NON,C,220,163,107,53.1,28.7,16.7,1.5,107,33.4,25.9,49.191375,2.464237
4,99051,CINE LUMIERE,PAYS DE LA LOIRE,8 RUE TRAVOT,85051,Chantonnay,8927,85,85211,Chantonnay,8927,06-autres communes et unités urbaines,1,160,53,1087,24632,22964,7.3,De 20 à 30 000 entrées,,OUI,E,JP,FIXE,NON,I,237,186,26,53.6,34.8,9.7,1.9,129,31.8,21.7,46.68832,-1.052512
4,99411,SALLE COMMUNALE,PAYS DE LA LOIRE,SALLE DE LA MAIRIE,85152,Les Achards,5445,85,85201,Les Achards,5445,06-autres communes et unités urbaines,1,,39,273,9753,7111,37.2,De 5 à 10 000 entrées,,NON,NON,,ITINERANT,NON,C,69,31,0,78.4,13.8,7.4,0.4,30,28.5,27.7,46.587908,-1.642858
3,99631,JACQUES DEMY,PAYS DE LA LOIRE,RUE DU STADE,44029,Divatte-sur-Loire,7162,44,44215,Divatte-sur-Loire,7162,06-autres communes et unités urbaines,1,189,49,319,9163,9074,1.0,De 5 à 10 000 entrées,,OUI,E,,FIXE,NON,I,196,164,0,66.3,19.2,12.6,2.0,117,52.8,41.5,47.270881,-1.337067
6,101491,Salle des Fêtes,AUVERGNE / RHONE-ALPES,3 PLACE DU 8 MAI 1945,69270,Chaponnay,4482,69,00760,Lyon,1714833,04-Unités urbaines de 100 000 hbts ou plus,1,,44,322,18087,15380,17.6,De 10 à 20 000 entrées,,OUI,C,,ITINERANT,NON,B,140,97,3,67.9,16.6,11.5,4.0,66,36.2,37.4,45.626941,4.935433
6,101692,ALPHA,AUVERGNE / RHONE-ALPES,24 AVENUE LAMARTINE,69044,Charbonnières-les-Bains,5385,69,00760,Lyon,1714833,04-Unités urbaines de 100 000 hbts ou plus,1,300,47,807,36402,32517,11.9,De 30 à 40 000 entrées,,OUI,C,,FIXE,NON,B,221,171,5,69.5,14.9,14.2,1.3,147,53.5,41.0,45.780835,4.739883
6,102173,CRYSTAL PALACE,BOURGOGNE / FRANCHE-COMTE,14 RUE DE BOURGOGNE,58059,La Charité-sur-Loire,4726,58,58107,La Charité-sur-Loire,4726,06-autres communes et unités urbaines,2,301,52,2085,18580,16958,9.6,De 10 à 20 000 entrées,,OUI,E,RDJPPR,FIXE,NON,C,316,215,17,64.1,21.0,9.6,5.3,233,60.2,53.5,47.176632,3.0219310999999607
3,102246,METROPOLIS,GRAND EST,RUE LONGUEVILLE,08105,Charleville-Mézières,47433,08,08501,Charleville-Mézières,59204,05-Unités urbaines de 20 000 à 100 000 hbts,10,2062,53,16326,303071,313461,-3.3,De 300 à 450 000 entrées,,OUI,D,JP,FIXE,OUI,C,440,302,193,44.3,37.8,15.8,2.2,226,22.8,14.0,49.773265,4.716286
6,102284,LES HALLES,AUVERGNE / RHONE-ALPES,PLACE ST PHILIBERT,42052,Charlieu,3810,42,42205,Charlieu,9670,06-autres communes et unités urbaines,2,210,53,1731,32674,29924,9.2,De 30 à 40 000 entrées,,OUI,E,JPPR,FIXE,NON,C,302,209,33,63.9,25.4,7.3,3.4,210,54.4,39.6,46.158309,4.170764
6,102531,CINÉMA DE CHARMOILLE,BOURGOGNE / FRANCHE-COMTE,1 RUE DU CONOT,25125,Charmoille,328,25,00000,Zone rurale,14183345,06-autres communes et unités urbaines,1,212,48,291,11305,9311,21.4,De 10 à 20 000 entrées,,OUI,E,,FIXE,NON,R,194,157,0,72.1,12.1,14.3,1.5,96,44.8,34.5,47.246351,6.672576
6,102853,LE TIVOLI,BOURGOGNE / FRANCHE-COMTE,9 RUE DE LA CHAMPAGNY,71106,Charolles,3233,71,71106,Charolles,3233,06-autres communes et unités urbaines,2,233,51,951,20083,16545,21.4,De 20 à 30 000 entrées,,OUI,E,JP,FIXE,NON,I,226,183,2,68.5,19.2,10.3,1.9,121,39.5,30.3,46.435078,4.273364
3,103166,LES ENFANTS DU PARADIS,CENTRE-VAL DE LOIRE,13 PLACE DE LA PORTE ST MICHEL,28085,Chartres,39511,28,28501,Chartres,91292,05-Unités urbaines de 20 000 à 100 000 hbts,11,2020,53,16061,396033,390129,1.5,De 300 à 450 000 entrées,,OUI,D,JPPR,FIXE,OUI,C,455,297,269,42.2,41.2,14.6,2.0,222,31.6,15.4,48.442342,1.489294
3,103201,CINE ESPERANCE,BRETAGNE,3 RUE DE LA CONTERIE,35066,Chartres-de-Bretagne,8327,35,35701,Rennes,375022,04-Unités urbaines de 100 000 hbts ou plus,1,249,46,411,21018,21115,-0.5,De 20 à 30 000 entrées,,OUI,C,,FIXE,NON,B,201,167,4,75.2,11.8,11.5,1.6,117,51.6,47.0,48.040732,-1.692346
4,103561,VOX,NOUVELLE AQUITAINE,PLACE DE L EGLISE,16085,Chasseneuil-sur-Bonnieure,3381,16,16103,Chasseneuil-sur-Bonnieure,3381,06-autres communes et unités urbaines,1,178,48,687,13291,12382,7.3,De 10 à 20 000 entrées,,OUI,E,,FIXE,NON,I,237,185,0,62.3,22.2,14.3,1.3,121,46.4,40.0,45.823984,0.44846
4,103922,SALLE BELLE EPINE,PAYS DE LA LOIRE,1 PLACE DE LA REPUBLIQUE,85059,La Châtaigneraie,2638,85,85128,La Châtaigneraie,3996,06-autres communes et unités urbaines,1,160,48,435,6993,5707,22.5,De 5 à 10 000 entrées,,NON,NON,,FIXE,NON,C,112,93,5,67.1,22.2,10.0,0.8,30,18.9,13.3,46.647373,-0.742446
7,103985,CINEMATOGRAPHE SLE CHAPLIN,PROVENCE-ALPES-COTE D'AZUR,CENTRE CULTUREL SIMONE SIGNORET,04049,Château-Arnoux-Saint-Auban,5172,04,04203,Château-Arnoux-Saint-Auban,7172,06-autres communes et unités urbaines,3,465,45,3347,55807,63388,-12.0,De 50 à 80 000 entrées,,OUI,E,RDJP,FIXE,NON,C,240,172,86,53.2,32.0,13.1,1.8,158,41.4,31.7,44.068241,5.987231
3,104032,ETOILE,BRETAGNE,RUE DES TOURS CARREES,35068,Châteaubourg,7673,35,35222,Châteaubourg,9743,06-autres communes et unités urbaines,1,221,53,527,28216,26998,4.5,De 20 à 30 000 entrées,,OUI,E,JP,FIXE,NON,C,259,202,5,54.6,30.1,12.6,2.6,140,41.6,26.4,48.110334,-1.405013
3,104051,ATLANTIC CINE,PAYS DE LA LOIRE,PLACE ERNEST BREANT,44036,Châteaubriant,12474,44,44304,Châteaubriant,12474,06-autres communes et unités urbaines,4,748,52,3650,94479,85165,10.9,De 80 à 100 000 entrées,,OUI,E,JP,FIXE,NON,I,244,167,76,55.2,32.5,10.9,1.4,130,19.7,12.5,47.721188,-1.376037
6,104091,ETOILE CINEMA,BOURGOGNE / FRANCHE-COMTE,19 RUE DES FOSSES,58062,Château-Chinon (Ville),2317,58,00000,Zone rurale,14183345,06-autres communes et unités urbaines,1,185,50,579,7307,6005,21.7,De 5 à 10 000 entrées,,OUI,E,JP,FIXE,NON,I,198,169,4,65.3,20.2,10.1,4.4,132,56.4,49.5,47.064474,3.93279
3,104164,ES RECOLLETS,PAYS DE LA LOIRE,RUE DU THEATRE,72071,Montval-sur-Loir,6120,72,72205,Montval-sur-Loir,7381,06-autres communes et unités urbaines,1,127,50,497,17242,16486,4.6,De 10 à 20 000 entrées,,OUI,E,JPPR,FIXE,NON,C,175,126,1,73.1,11.4,9.5,6.0,109,59.0,52.7,47.696864,0.415325
3,104181,LE DUNOIS,CENTRE-VAL DE LOIRE,17 RUE DE VARIZE,28088,Châteaudun,13259,28,28301,Châteaudun,17477,06-autres communes et unités urbaines,3,412,52,2798,57480,53107,8.2,De 50 à 80 000 entrées,,OUI,E,JP,FIXE,NON,C,227,169,77,51.1,34.8,13.0,1.1,101,14.9,13.5,48.071336,1.331864
3,104282,PARADISIO,BRETAGNE,2 RUE SAINTE CROIX,35069,Châteaugiron,10808,35,35301,Châteaugiron,14631,06-autres communes et unités urbaines,1,182,49,374,17511,17488,0.1,De 10 à 20 000 entrées,,OUI,E,JP,FIXE,NON,C,200,157,2,63.3,15.2,19.3,2.2,101,48.5,46.0,48.045827,-1.499092
3,104301,PALACE,PAYS DE LA LOIRE,3 PLACE DU PILORI,53062,Château-Gontier,17535,53,53302,Château-Gontier-sur-Mayenne,17535,06-autres communes et unités urbaines,3,445,52,2679,82490,79629,3.6,De 80 à 100 000 entrées,,OUI,E,JP,FIXE,NON,C,308,234,93,58.9,28.2,11.0,1.8,142,22.3,14.1,47.826896,-0.705609
3,104391,AGORA,BRETAGNE,5 PLACE DE LA RESISTANCE,29026,Châteaulin,5578,29,29205,Châteaulin,5983,06-autres communes et unités urbaines,1,194,53,758,22649,24375,-7.1,De 20 à 30 000 entrées,,OUI,E,JP,FIXE,NON,C,263,214,5,56.1,25.2,16.5,2.2,147,49.5,36.9,48.194912,-4.094078
4,104642,COLISEE,NOUVELLE AQUITAINE,1 PLACE DU COLISEE,87040,Châteauneuf-la-Forêt,1542,87,00000,Zone rurale,14183345,06-autres communes et unités urbaines,1,210,47,286,4730,4870,-2.9,De 2 à 5 000 entrées,,OUI,E,,FIXE,NON,R,172,142,1,60.6,17.2,16.2,6.1,93,42.3,35.6,45.714496,1.608216
7,104661,ESPACE MARCEL PAGNOL,PROVENCE-ALPES-COTE D'AZUR,RUE ERASME GUICHET,13026,Châteauneuf-les-Martigues,17883,13,00759,Marseille-Aix-en-Provence,1635844,04-Unités urbaines de 100 000 hbts ou plus,1,120,45,1063,10900,10449,4.3,De 10 à 20 000 entrées,,NON,NON,,FIXE,NON,B,125,103,3,36.4,45.0,12.0,6.6,54,35.1,19.4,43.383798,5.16491
3,104801,VOX,CENTRE-VAL DE LOIRE,28 PLACE DU VIEUX MARCHE,45083,Château-Renard,2139,45,00000,Zone rurale,14183345,06-autres communes et unités urbaines,1,62,53,651,10589,10310,2.7,De 10 à 20 000 entrées,,OUI,E,JPPR,FIXE,NON,R,216,152,1,65.5,17.5,11.6,5.5,136,58.0,57.0,47.931476,2.928439
7,104824,CINEMA LE REX,PROVENCE-ALPES-COTE D'AZUR,AVENUE LEO LAGRANGE,13027,Châteaurenard,16454,13,00754,Avignon,468293,04-Unités urbaines de 100 000 hbts ou plus,3,329,51,3046,49610,41821,18.6,De 40 à 50 000 entrées,,OUI,C,,FIXE,NON,B,263,190,58,50.3,34.8,13.5,1.5,143,22.9,18.9,43.885453,4.855476
3,104851,LE BALZAC,CENTRE-VAL DE LOIRE,16 PLACE ARISTIDE BRIAND,37063,Château-Renault,4977,37,37205,Château-Renault,7250,06-autres communes et unités urbaines,1,216,49,1113,24838,22616,9.8,De 20 à 30 000 entrées,,OUI,E,JPPR,FIXE,NON,C,271,188,6,57.1,28.6,11.8,2.5,156,47.0,40.0,47.592055,0.915712
3,104863,APOLLO,CENTRE-VAL DE LOIRE,4 RUE ALBERT 1ER,36044,Châteauroux,44890,36,36501,Châteauroux,62482,05-Unités urbaines de 20 000 à 100 000 hbts,1,328,49,1534,32575,32003,1.8,De 30 à 40 000 entrées,,OUI,D,RDJPPR,FIXE,NON,C,205,91,23,73.5,6.3,15.9,4.3,188,98.4,96.4,46.810828,1.697689
3,104881,CGR CHATEAUROUX,CENTRE-VAL DE LOIRE,86 AVENUE CHARLES DE GAULLE,36044,Châteauroux,44890,36,36501,Châteauroux,62482,05-Unités urbaines de 20 000 à 100 000 hbts,8,1078,53,12161,172489,169915,1.5,De 150 à 200 000 entrées,CGR,OUI,D,JPPR,FIXE,OUI,C,319,199,152,45.8,39.6,13.1,1.5,142,20.6,7.3,46.808819,1.690195
8,104933,SALLE SAINT JEAN,GRAND EST,2 RUE POINCARÉ,57132,Château-Salins,2542,57,57111,Château-Salins,2542,06-autres communes et unités urbaines,1,190,4,4,287,5607,-94.9,Moins de 2000 entrées,,NON,NON,,FIXE,NON,I,3,0,0,100.0,0.0,0.0,0.0,3,100.0,100.0,48.822643,6.507084
3,104994,CINEMA THEATRE,HAUTS DE FRANCE,13 PLACE DE L HOTEL DE VILLE,02168,Château-Thierry,15618,02,02401,Château-Thierry,23011,05-Unités urbaines de 20 000 à 100 000 hbts,4,576,53,3178,82521,83347,-1.0,De 80 à 100 000 entrées,,OUI,D,JP,FIXE,NON,C,189,134,51,39.8,43.5,15.3,1.3,94,19.6,16.0,49.046046,3.402936
6,105092,LE CHAMOIS,AUVERGNE / RHONE-ALPES,95 ROUTE DE VONNES,74063,Châtel,1248,74,74107,Abondance,3741,06-autres communes et unités urbaines,1,100,34,560,18869,2984,532.3,De 10 à 20 000 entrées,,NON,NON,,FIXE,NON,C,90,73,39,53.3,35.7,10.8,0.2,22,13.8,7.6,46.2662845,6.84154239999998
4,105375,LES 400 COUPS,NOUVELLE AQUITAINE,4 RUE AIME RASSETEAU,86066,Châtellerault,32345,86,86401,Châtellerault,41330,05-Unités urbaines de 20 000 à 100 000 hbts,1,129,51,1219,28145,26245,7.2,De 20 à 30 000 entrées,,OUI,D,JPPR,FIXE,NON,C,182,107,44,74.4,7.6,12.2,5.7,164,96.3,93.2,46.810802,0.542436
4,105404,LOFT CINEMAS,NOUVELLE AQUITAINE,PLACE DU CHATELET,86066,Châtellerault,32345,86,86401,Châtellerault,41330,05-Unités urbaines de 20 000 à 100 000 hbts,7,946,53,7952,156758,151381,3.6,De 150 à 200 000 entrées,,OUI,D,JP,FIXE,NON,C,300,202,162,49.5,36.5,12.7,1.4,112,16.8,9.2,46.820621,0.544345
2,105652,REX,ILE-DE-FRANCE,364 AVE DE LA DIVISION LECLERC,92019,Châtenay-Malabry,34748,92,00851,Paris,10947378,02-Petite Couronne,2,551,49,2712,53380,48857,9.3,De 50 à 80 000 entrées,,OUI,C,JPPR,FIXE,NON,B,273,167,82,52.2,31.0,13.4,3.5,194,64.4,52.6,48.765842,2.259825
3,105931,LE VENDELAIS,BRETAGNE,1 PLACE DE L EGLISE,35072,Châtillon-en-Vendelais,1700,35,00000,Zone rurale,14183345,06-autres communes et unités urbaines,1,199,49,424,9896,8681,14.0,De 5 à 10 000 entrées,,OUI,E,JP,FIXE,NON,R,205,167,0,62.0,18.0,12.0,8.1,117,52.9,55.6,48.22475,-1.179471
2,106031,CINEMA,ILE-DE-FRANCE,7BIS RUE DE LA MAIRIE,92020,Châtillon,36688,92,00851,Paris,10947378,02-Petite Couronne,1,185,46,669,22116,20453,8.1,De 20 à 30 000 entrées,,OUI,C,JP,FIXE,NON,B,189,122,0,62.7,17.3,15.4,4.7,124,62.1,60.9,48.800675,2.288049
6,106072,L'Etoile,AUVERGNE / RHONE-ALPES,RUE A BAUDIN,01093,Châtillon-sur-Chalaronne,5171,01,01130,Châtillon-sur-Chalaronne,5171,06-autres communes et unités urbaines,1,245,45,609,18985,17791,6.7,De 10 à 20 000 entrées,,OUI,E,JP,FIXE,NON,I,190,154,5,68.2,18.9,11.6,1.3,106,42.8,29.1,46.119679,4.956909
6,106181,SELECT,BOURGOGNE / FRANCHE-COMTE,46 RUE DU MARECHAL,21154,Châtillon-sur-Seine,5690,21,21202,Châtillon-sur-Seine,5690,06-autres communes et unités urbaines,2,197,52,877,15283,14404,6.1,De 10 à 20 000 entrées,,OUI,E,JP,FIXE,NON,I,213,173,4,66.8,15.9,15.3,2.0,108,43.9,27.9,47.858822,4.57312
2,106262,LOUIS JOUVET,ILE-DE-FRANCE,3 PLACE MAURICE BERTEAUX,78146,Chatou,30190,78,00851,Paris,10947378,03-Grande couronne,2,459,49,1872,56406,55156,2.3,De 50 à 80 000 entrées,,OUI,C,JP,FIXE,NON,B,204,148,50,59.0,21.1,18.2,1.7,137,58.7,49.0,48.886917,2.156299
3,106291,LUX,CENTRE-VAL DE LOIRE,PLACE DE L'HOTEL DE VILLE,36046,La Châtre,4165,36,36202,La Châtre,7482,06-autres communes et unités urbaines,1,193,50,548,19495,16672,16.9,De 10 à 20 000 entrées,,OUI,E,,FIXE,NON,C,179,131,0,65.5,17.8,14.7,2.0,97,44.7,36.3,48.7407435,2.764804799999979
6,106582,LA SOURCE,AUVERGNE / RHONE-ALPES,RUE ST JULIEN,15045,Chaudes-Aigues,829,15,00000,Zone rurale,14183345,06-autres communes et unités urbaines,1,250,52,242,4187,3562,17.5,De 2 à 5 000 entrées,,OUI,E,,FIXE,NON,R,139,115,0,59.5,20.9,17.0,2.5,50,30.0,20.9,44.855415,3.005081
6,106673,CINE ACTION PALACE,BOURGOGNE / FRANCHE-COMTE,50 RUE CENTRALE,71120,Chauffailles,3759,71,00257,Chauffailles,6333,06-autres communes et unités urbaines,1,147,53,954,12671,11240,12.7,De 10 à 20 000 entrées,,OUI,E,JP,FIXE,NON,C,292,236,6,60.7,20.6,14.2,4.5,172,44.4,31.4,46.206256,4.339632
7,106681, SALLE POLYVALENTE,PROVENCE-ALPES-COTE D'AZUR,SALLE POLYVALENTE,05039,Chauffayer,730,05,00000,Zone rurale,14183345,06-autres communes et unités urbaines,1,,32,234,6119,4957,23.4,De 5 à 10 000 entrées,,OUI,E,,ITINERANT,NON,R,29,10,1,91.9,0.9,2.7,4.5,24,82.1,87.0,44.76726,6.010559
3,107043,A L'AFFICHE,GRAND EST,7 PLACE EMILE GOGUENHEIM,52121,Chaumont,22966,52,52401,Chaumont,24186,05-Unités urbaines de 20 000 à 100 000 hbts,8,1134,53,10902,141268,141489,-0.2,De 100 à 150 000 entrées,,OUI,D,JP,FIXE,OUI,C,384,272,216,51.2,34.3,12.9,1.6,191,27.7,17.1,48.110117,5.13491
3,107251,LUMIERE,HAUTS DE FRANCE,PLACE YVES BRINON,02173,Chauny,11843,02,02302,Chauny,17586,06-autres communes et unités urbaines,3,380,53,3764,47271,46643,1.3,De 40 à 50 000 entrées,,NON,NON,,FIXE,NON,C,257,211,131,45.4,40.7,12.7,1.1,110,17.2,14.2,49.622785,3.220456
4,107511,REX,NOUVELLE AQUITAINE,10 RUE DE ST SAVIN,86070,Chauvigny,7198,86,86205,Chauvigny,7198,06-autres communes et unités urbaines,2,218,48,749,19936,18199,9.5,De 10 à 20 000 entrées,,OUI,E,RDJPPR,FIXE,NON,I,218,167,0,72.8,17.0,7.5,2.8,164,75.1,61.4,46.568169,0.647781
2,108192,ATRIUM,ILE-DE-FRANCE,3 PARVIS ROBERT SCHUMAN,92022,Chaville,20830,92,00851,Paris,10947378,02-Petite Couronne,1,643,45,313,15848,14162,11.9,De 10 à 20 000 entrées,,NON,NON,,FIXE,NON,B,140,108,0,58.9,20.1,16.5,4.5,69,39.6,41.7,48.813094,2.192579
6,108298,JEANNE D'ARC,AUVERGNE / RHONE-ALPES,9 RUE DES VARENNES,69052,Chazay-d'Azergues,4270,69,00760,Lyon,1714833,04-Unités urbaines de 100 000 hbts ou plus,1,195,37,101,6300,7577,-16.9,De 5 à 10 000 entrées,,NON,NON,,FIXE,NON,B,94,75,0,68.1,11.7,17.9,2.3,42,42.9,31.5,45.877437,4.7121
4,108592,FOYER CULTUREL,NOUVELLE AQUITAINE,PLACE CAIL,79083,Chef-Boutonne,2514,79,79104,Chef-Boutonne,2514,06-autres communes et unités urbaines,1,146,50,422,7943,6932,14.6,De 5 à 10 000 entrées,,OUI,E,JP,FIXE,NON,I,206,168,0,71.6,15.2,10.3,2.8,122,49.6,41.4,46.108833,-0.068552
2,108774,COSMOS,ILE-DE-FRANCE,22 AV DE LA RESISTANCE,77108,Chelles,54691,77,00851,Paris,10947378,03-Grande couronne,2,645,52,3653,76936,74634,3.1,De 50 à 80 000 entrées,,OUI,C,JPPR,FIXE,NON,B,290,158,33,38.7,42.8,14.1,4.4,172,39.1,27.9,48.877872,2.586341
3,108932,CLUB,PAYS DE LA LOIRE,RUE DES VENELLES,49092,Chemillé-en-Anjou,21811,49,49401,Chemillé-en-Anjou,21811,05-Unités urbaines de 20 000 à 100 000 hbts,1,198,50,396,12784,12851,-0.5,De 10 à 20 000 entrées,,OUI,D,,FIXE,NON,I,175,136,1,63.2,22.5,11.1,3.2,85,38.4,27.0,47.212271,-0.72686
3,109792,CGR ODEON,NORMANDIE,51 RUE DU MARECHAL FOCH,50129,Cherbourg-en-Cotentin,80082,50,50501,Cherbourg-en-Cotentin,83077,05-Unités urbaines de 20 000 à 100 000 hbts,5,1025,53,7790,53195,58435,-9.0,De 50 à 80 000 entrées,CGR,OUI,B,RDJPPR,FIXE,NON,C,462,297,263,62.8,14.0,17.3,5.8,402,88.6,80.8,49.638968,-1.621407
3,109836,MEGA CGR,NORMANDIE,BOULEVARD FELIX AMIOT,50129,Cherbourg-en-Cotentin,80082,50,50501,Cherbourg-en-Cotentin,83077,05-Unités urbaines de 20 000 à 100 000 hbts,12,2487,53,21696,300900,308013,-2.3,De 300 à 450 000 entrées,CGR,NON,NON,,FIXE,OUI,C,285,203,200,41.3,41.6,15.1,2.0,43,8.9,4.0,49.642211,-1.613365
2,110351,GAUMONT DISNEY VILLAGE,ILE-DE-FRANCE,1 ESPLANADE FRANCOIS TRUFFAUT,77111,Chessy,6780,77,00851,Paris,10947378,03-Grande couronne,15,3923,53,27898,548783,709454,-22.6,De 450 à 700 000 entrées,CINEMAS PATHE,NON,NON,,FIXE,OUI,B,362,218,211,20.9,57.4,18.7,2.9,73,11.1,5.3,48.880488,2.772675
2,110372,STUDIO 31,ILE-DE-FRANCE,31 PLACE D'ARIANE,77111,Chessy,6780,77,00851,Paris,10947378,03-Grande couronne,2,216,52,3730,61510,62387,-1.4,De 50 à 80 000 entrées,,NON,NON,,FIXE,NON,B,233,156,33,21.5,55.5,18.8,4.3,115,21.7,14.7,48.856412,2.773682
2,110761,SALLE ANDRE MALRAUX,ILE-DE-FRANCE,102 AV DU GENERAL DE GAULLE,94021,Chevilly-Larue,20447,94,00851,Paris,10947378,02-Petite Couronne,1,405,48,513,15374,13923,10.4,De 10 à 20 000 entrées,,OUI,C,JP,FIXE,NON,B,165,128,2,51.9,27.4,15.9,4.8,100,54.8,54.6,48.770432,2.350955
6,111071,VOX,AUVERGNE / RHONE-ALPES,AV DE JAGORNAC,07064,Le Cheylard,3004,07,07107,Le Cheylard,3389,06-autres communes et unités urbaines,1,159,43,225,8566,8330,2.8,De 5 à 10 000 entrées,,NON,NON,,FIXE,NON,C,101,80,1,52.7,27.5,16.1,3.6,30,25.8,22.7,44.907088,4.421455
2,111583,FRANCOIS TRUFFAUT,ILE-DE-FRANCE,2 RUE DE L ECOLE,91161,Chilly-Mazarin,20050,91,00851,Paris,10947378,03-Grande couronne,2,409,53,3216,45638,47066,-3.0,De 40 à 50 000 entrées,,OUI,C,RDJPPR,FIXE,NON,B,469,278,70,55.1,22.3,17.0,5.6,352,74.4,59.6,48.703333,2.314917
3,111621,LE RABELAIS,CENTRE-VAL DE LOIRE,31BIS PLACE DU GENERAL DE GAULLE,37072,Chinon,8361,37,37301,Chinon,10156,06-autres communes et unités urbaines,1,350,53,1014,33996,33697,0.9,De 30 à 40 000 entrées,,OUI,E,JPPR,FIXE,NON,C,295,215,37,58.9,21.8,15.4,3.9,197,51.4,47.2,47.16663,0.240401
2,112014,SALLE PAUL ELUARD,ILE-DE-FRANCE,4 AV DE VILLENEUVE ST GEORGES,94022,Choisy-le-Roi,46466,94,00851,Paris,10947378,02-Petite Couronne,1,181,49,1025,30602,33340,-8.2,De 30 à 40 000 entrées,,OUI,C,JPPR,FIXE,NON,B,199,136,0,59.0,23.8,14.2,3.0,131,61.4,59.7,48.766383,2.414699
3,112095,CGR CHOLET,PAYS DE LA LOIRE,ARCADES ROUGES,49099,Cholet,56286,49,49501,Cholet,56286,05-Unités urbaines de 20 000 à 100 000 hbts,10,1460,53,18329,318832,299305,6.5,De 300 à 450 000 entrées,CGR,OUI,D,JPPR,FIXE,OUI,C,451,257,207,49.9,35.6,12.9,1.7,227,23.8,12.0,47.061739,-0.881773
6,112151,THEATRE DE VERDURE,AUVERGNE / RHONE-ALPES,PLACE DE LA MAIRIE,07066,Chomérac,3178,07,07109,Chomérac,3997,06-autres communes et unités urbaines,1,,7,10,2618,2097,24.8,De 2 à 5 000 entrées,,NON,NON,,ITINERANT,NON,I,10,6,0,59.5,34.9,5.5,0.0,0,0.0,0.0,44.7543898,4.69809029999999
7,112825,CINEMA EDEN THEATRE,PROVENCE-ALPES-COTE D'AZUR,25 BOULEVARD CLEMENCEAU,13028,La Ciotat,36812,13,00757,Toulon,598427,04-Unités urbaines de 100 000 hbts ou plus,1,142,53,1490,44222,27633,60.0,De 40 à 50 000 entrées,,OUI,C,JPPR,FIXE,NON,B,405,271,4,63.8,12.9,17.6,5.7,307,71.6,72.1,43.177341,5.610704
7,112826,CGR LE SPOT - LA CIOTAT,PROVENCE-ALPES-COTE D'AZUR,756 Avenue Emile Bodin,13028,La Ciotat,36812,13,00757,Toulon,598427,04-Unités urbaines de 100 000 hbts ou plus,8,1305,53,14735,217013,204180,6.3,De 200 à 300 000 entrées,CGR,NON,NON,,FIXE,OUI,B,229,148,138,39.8,43.1,15.9,1.2,32,8.7,4.8,43.196379,5.59634
4,113131,LE CINE-MALICE,NOUVELLE AQUITAINE,7 RUE LOUIS XIII,86078,Civray,2708,86,86114,Civray,4036,06-autres communes et unités urbaines,1,126,50,1203,21260,17693,20.2,De 20 à 30 000 entrées,,OUI,E,JPPR,FIXE,NON,C,272,185,8,60.0,23.9,14.5,1.6,158,43.9,30.7,46.148022,0.295463
4,113271,LE MAGNOAC,OCCITANIE,LE MAGNOAC,65148,Cizos,135,65,00000,Zone rurale,14183345,06-autres communes et unités urbaines,1,116,51,187,2618,425,516.0,De 2 à 5 000 entrées,,OUI,E,,FIXE,NON,R,164,137,23,62.0,22.8,11.9,3.3,95,55.0,44.3,43.257218,0.483469
2,113523,CINEMA JEANNE MOREAU,ILE-DE-FRANCE,22 RUE PAUL VAILLANT COUTURIER,92023,Clamart,53740,92,00851,Paris,10947378,02-Petite Couronne,1,154,46,935,23560,23546,0.1,De 20 à 30 000 entrées,,OUI,C,,FIXE,NON,B,232,196,6,68.5,11.6,16.0,3.9,156,62.7,63.3,48.802513,2.263801
6,113611,Casino,BOURGOGNE / FRANCHE-COMTE,41 ROUTE DE PRESSURES,58079,Clamecy,3779,58,58106,Clamecy,4067,06-autres communes et unités urbaines,2,243,53,2150,25829,23204,11.3,De 20 à 30 000 entrées,,OUI,E,RDJPPR,FIXE,NON,C,334,240,26,50.2,30.4,13.5,6.0,211,37.8,34.7,47.458201,3.515322
2,114032,ESPACE PHILIPPE NOIRET,ILE-DE-FRANCE,PLACE CHARLES DE GAULLE,78165,Les Clayes-sous-Bois,17624,78,00851,Paris,10947378,03-Grande couronne,2,313,53,2914,66157,58845,12.4,De 50 à 80 000 entrées,,OUI,C,JPPR,FIXE,NON,B,286,187,48,55.2,23.7,15.2,6.0,173,45.3,39.6,48.821274,1.987156
2,114042,MY CINE,ILE-DE-FRANCE,SHOPPING PROMENADE 3 RUE ROBERT SCHUMAN,77118,Claye-Souilly,12435,77,77302,Claye-Souilly,12435,03-Grande couronne,3,387,53,3581,126422,150787,-16.2,De 100 à 150 000 entrées,,NON,NON,,FIXE,NON,I,96,75,53,25.5,57.4,15.9,1.2,13,4.5,1.6,48.947319,2.673824
6,114062,L'ODYSSEE,BOURGOGNE / FRANCHE-COMTE,RUE FAISANT,71133,La Clayette,1699,71,71107,La Clayette,2878,06-autres communes et unités urbaines,1,193,53,594,10719,9623,11.4,De 10 à 20 000 entrées,,OUI,E,JP,FIXE,NON,C,224,179,2,66.3,19.1,11.2,3.5,118,43.3,34.6,46.290173,4.304916
6,114211,SALLE JEAN GIONO,AUVERGNE / RHONE-ALPES,LE BOURG,38113,Clelles,541,38,00000,Zone rurale,14183345,06-autres communes et unités urbaines,1,129,51,154,5866,5281,11.1,De 5 à 10 000 entrées,,NON,NON,,FIXE,NON,R,108,81,0,69.3,13.6,9.5,7.6,71,65.8,64.3,44.814065,5.63181
3,114523,SALLE LEBRUN,HAUTS DE FRANCE,"7, PLACE CORROYER",60157,Clermont,10481,60,60401,Clermont,22225,05-Unités urbaines de 20 000 à 100 000 hbts,1,110,50,860,34361,29827,15.2,De 30 à 40 000 entrées,,OUI,D,,FIXE,NON,C,212,147,0,55.1,28.2,15.1,1.5,111,42.3,35.0,49.377974,2.414916
7,114564,ALAIN RESNAIS,OCCITANIE,RUE ROGER SALASC,34079,Clermont-l'Hérault,9285,34,34301,Clermont-l'Hérault,11076,06-autres communes et unités urbaines,1,230,53,1594,66541,62918,5.8,De 50 à 80 000 entrées,,OUI,E,RDJPPR,FIXE,NON,C,349,236,59,53.0,31.1,12.6,3.3,226,50.8,34.2,43.625579,3.435522
6,114621,CINE CAPITOLE,AUVERGNE / RHONE-ALPES,32 PLACE DE JAUDE,63113,Clermont-Ferrand,149898,63,63701,Clermont-Ferrand,278692,04-Unités urbaines de 100 000 hbts ou plus,5,647,53,7522,86091,82547,4.3,De 80 à 100 000 entrées,CINEMAS PATHE,OUI,A,JPPR,FIXE,NON,C,314,155,142,59.3,10.3,21.2,9.1,261,95.6,94.8,45.776195,3.081674
6,114664,LE RIO,AUVERGNE / RHONE-ALPES,178 RUE SOUS LES VIGNES,63113,Clermont-Ferrand,149898,63,63701,Clermont-Ferrand,278692,04-Unités urbaines de 100 000 hbts ou plus,1,159,48,1483,28347,28589,-0.8,De 20 à 30 000 entrées,,OUI,A,RDJPPR,FIXE,NON,C,303,138,32,63.9,11.7,16.2,8.2,244,91.6,88.9,45.803623,3.108544
6,114701, CINE JAUDE,AUVERGNE / RHONE-ALPES,CENTRE COMMERCIAL FOND DE JAUDE,63113,Clermont-Ferrand,149898,63,63701,Clermont-Ferrand,278692,04-Unités urbaines de 100 000 hbts ou plus,7,768,53,9426,110112,112975,-2.5,De 100 à 150 000 entrées,CINEMAS PATHE,NON,NON,,FIXE,NON,C,243,139,120,39.2,43.9,14.3,2.7,46,9.0,8.1,45.77645,3.08216
6,114717,LES AMBIANCES,AUVERGNE / RHONE-ALPES,7 RUE SAINT DOMINIQUE,63113,Clermont-Ferrand,149898,63,63701,Clermont-Ferrand,278692,04-Unités urbaines de 100 000 hbts ou plus,3,269,53,4993,52817,56495,-6.5,De 50 à 80 000 entrées,CGR,OUI,A,RDJPPR,FIXE,NON,C,255,131,106,61.4,12.1,22.4,4.2,230,97.8,97.7,45.778539,3.081053
6,114720,LE PARIS,AUVERGNE / RHONE-ALPES,RUE BARRIERE DE JAUDE,63113,Clermont-Ferrand,149898,63,63701,Clermont-Ferrand,278692,04-Unités urbaines de 100 000 hbts ou plus,7,1162,53,11651,173378,170782,1.5,De 150 à 200 000 entrées,CGR,NON,NON,,FIXE,NON,C,223,125,116,39.9,40.6,16.8,2.7,55,7.9,8.1,45.774394,3.08166
6,114727,CGR CLERMONT FERRAND VAL ARENA,AUVERGNE / RHONE-ALPES,210 Boulevard Etienne Clementel,63113,Clermont-Ferrand,149898,63,63701,Clermont-Ferrand,278692,04-Unités urbaines de 100 000 hbts ou plus,12,2218,53,22186,307909,282403,9.0,De 300 à 450 000 entrées,CGR,NON,NON,,FIXE,OUI,C,277,191,185,38.1,44.8,14.8,2.3,36,6.9,4.0,45.807582,3.109175
6,114971,FOYER RURAL,BOURGOGNE / FRANCHE-COMTE,PLACE DE LA MAIRIE,71135,Clessé,894,71,00000,Zone rurale,14183345,06-autres communes et unités urbaines,1,,48,570,20335,18454,10.2,De 20 à 30 000 entrées,,OUI,E,JPPR,ITINERANT,NON,R,88,19,0,66.5,11.3,11.7,10.4,66,60.6,58.9,46.4211271,4.821967699999959
2,115104,CINEMA RUTEBEUF,ILE-DE-FRANCE,16-18  ALLEES LEON-GAMBETTA,92024,Clichy,63166,92,00851,Paris,10947378,02-Petite Couronne,1,549,49,1268,38207,26444,44.5,De 30 à 40 000 entrées,,OUI,C,JPPR,FIXE,NON,B,289,180,4,57.4,17.9,16.7,8.0,231,79.3,71.8,48.90196,2.309342
3,115334,LE CONNETABLE,PAYS DE LA LOIRE,ZAC ILOT CHAMP DE FOIRE,44043,Clisson,7752,44,00362,Clisson,20614,05-Unités urbaines de 20 000 à 100 000 hbts,2,432,53,1401,66883,72324,-7.5,De 50 à 80 000 entrées,,OUI,E,JP,FIXE,NON,C,321,236,69,58.0,25.6,14.5,1.9,188,45.4,33.9,47.083295,-1.287262
6,115511,LES ARTS,BOURGOGNE / FRANCHE-COMTE,PLACE DU MARCHE,71137,Cluny,5176,71,71202,Cluny,5509,06-autres communes et unités urbaines,1,289,48,463,16912,14454,17.0,De 10 à 20 000 entrées,,OUI,E,JPPR,FIXE,NON,I,177,121,0,62.7,17.1,15.9,4.3,121,64.2,58.2,46.43482,4.657216
6,115521,DANAY,AUVERGNE / RHONE-ALPES,71 ROUTE DE L' ETALE,74080,La Clusaz,1758,74,00000,Zone rurale,14183345,06-autres communes et unités urbaines,1,313,32,373,10573,8375,26.2,De 10 à 20 000 entrées,,NON,NON,,FIXE,NON,R,88,70,32,60.5,22.4,17.0,0.1,17,14.2,10.1,45.904524,6.425393
6,115562,STUDIO 1600,AUVERGNE / RHONE-ALPES,FLAINE-FORUM,74081,Cluses,17372,74,74502,Cluses,93895,05-Unités urbaines de 20 000 à 100 000 hbts,1,256,27,262,5360,5441,-1.5,De 5 à 10 000 entrées,,NON,NON,,FIXE,NON,C,82,64,38,44.9,36.1,18.7,0.3,21,14.3,7.4,46.050618,6.587273
6,115566,CINE CLUSES,AUVERGNE / RHONE-ALPES,CHEMIN DE L EPINETTE,74081,Cluses,17372,74,74502,Cluses,93895,05-Unités urbaines de 20 000 à 100 000 hbts,3,655,53,4005,75436,73285,2.9,De 50 à 80 000 entrées,,OUI,D,JPPR,FIXE,NON,C,339,236,62,40.4,42.0,14.6,2.9,238,21.8,19.6,46.063557,6.58368
7,116021,RAIMU,PROVENCE-ALPES-COTE D'AZUR,AVENUE GEORGE CLEMENCEAU,83042,Cogolin,12007,83,83304,Cogolin,12007,06-autres communes et unités urbaines,1,130,53,1229,18456,15162,21.7,De 10 à 20 000 entrées,,OUI,E,,FIXE,NON,I,215,189,44,55.9,30.8,11.7,1.6,111,35.1,26.4,43.250728,6.537455
7,116614,LE MONDIAL,OCCITANIE,Place de la République,66053,Collioure,2429,66,66501,Saint-Cyprien,63915,05-Unités urbaines de 20 000 à 100 000 hbts,1,121,52,571,11116,11579,-4.0,De 10 à 20 000 entrées,,OUI,D,,FIXE,NON,B,282,214,32,59.9,19.2,18.1,2.8,167,49.8,43.5,42.526903,3.08464
2,117025,M J C THEATRE DE COLOMBES,ILE-DE-FRANCE,"96, 98 RUE ST DENIS",92025,Colombes,87328,92,00851,Paris,10947378,02-Petite Couronne,1,322,10,11,1000,1221,-18.1,Moins de 2000 entrées,,NON,NON,,FIXE,NON,B,7,1,0,62.2,28.3,0.0,9.5,7,100.0,100.0,48.923862,2.250041
2,117051,L'HELIOS,ILE-DE-FRANCE,27 A 39 RUE DU BOURNARD,92025,Colombes,87328,92,00851,Paris,10947378,02-Petite Couronne,4,477,53,6462,130629,133113,-1.9,De 100 à 150 000 entrées,,OUI,C,JPPR,FIXE,NON,B,291,148,112,46.5,35.7,15.9,1.9,179,47.8,35.3,48.923159,2.255372
3,117742,CHATEAUBRIAND,BRETAGNE,RUE DE MALOUAS,35085,Combourg,6206,35,35208,Combourg,6206,06-autres communes et unités urbaines,2,296,53,1677,34924,35042,-0.3,De 30 à 40 000 entrées,,OUI,E,JPPR,FIXE,NON,I,379,293,54,58.8,24.3,11.8,5.1,223,47.2,37.9,48.412765,-1.750635
2,117921,LA COUPOLE,ILE-DE-FRANCE,RUE JEAN FRANCOIS MILLET,77122,Combs-la-Ville,21801,77,00851,Paris,10947378,03-Grande couronne,1,236,32,325,12175,14290,-14.8,De 10 à 20 000 entrées,,NON,NON,,FIXE,NON,B,110,78,3,56.1,18.2,17.5,8.1,49,41.7,43.9,48.659579,2.566711
6,118073,THEATRE ALPHONSE THIVRIER,AUVERGNE / RHONE-ALPES,THEATRE ALPHONSE THIVRIER,03082,Commentry,6285,03,03203,Commentry,7075,06-autres communes et unités urbaines,1,,46,457,19826,16257,22.0,De 10 à 20 000 entrées,,NON,NON,,ITINERANT,NON,C,69,42,0,87.3,4.7,7.2,0.8,28,31.4,28.9,46.287439,2.74393
9,118135,FRANCOIS TRUFFAUT,GRAND EST,7 RUE CARCANO,55122,Commercy,5578,55,55201,Commercy,5578,06-autres communes et unités urbaines,1,195,48,399,17450,18545,-5.9,De 10 à 20 000 entrées,,OUI,E,,FIXE,NON,I,168,133,0,55.8,27.7,13.7,2.8,90,47.6,36.1,48.763489,5.589497
3,118495,CINEVILLE,BRETAGNE,RUE DE COLGUEN,29039,Concarneau,21099,29,29404,Concarneau,28381,05-Unités urbaines de 20 000 à 100 000 hbts,5,801,53,6892,185735,174984,6.1,De 150 à 200 000 entrées,CINEVILLE,OUI,D,JP,FIXE,NON,C,283,177,109,51.5,33.2,14.3,1.0,140,22.8,18.6,47.899073,-3.909554
3,119054,ROYAL,NORMANDIE,PLACE DE L HOTEL DE VILLE,14174,Condé-en-Normandie,6605,14,00263,Condé-en-Normandie,8018,06-autres communes et unités urbaines,1,381,53,678,19014,18181,4.6,De 10 à 20 000 entrées,,OUI,E,JP,FIXE,NON,C,210,161,2,59.6,24.0,13.4,3.1,118,43.4,25.7,48.8506,-0.551002
3,119122,CIRCUIT 2,NORMANDIE,CINEMA MUNICIPAL,50139,Condé-sur-Vire,4227,50,50111,Condé-sur-Vire,4227,06-autres communes et unités urbaines,1,,48,282,15268,13974,9.3,De 10 à 20 000 entrées,,OUI,E,JP,ITINERANT,NON,I,98,62,0,72.7,16.2,11.0,0.1,49,38.8,34.7,49.06477,-1.036857
4,119181,CINE 32 GASCOGNE,OCCITANIE,RUE JEAN JAURES,32107,Condom,6670,32,32202,Condom,6670,06-autres communes et unités urbaines,2,273,52,695,19101,18870,1.2,De 10 à 20 000 entrées,,OUI,E,JPPR,FIXE,NON,I,292,226,41,59.7,21.9,15.0,3.4,196,53.3,46.9,43.955916,0.372655
9,119281,JEAN VILAR,GRAND EST,1 RUE DES DOCTEURS GRANDJEAN,54136,Conflans-en-Jarnisy,2410,54,54301,Jarny,12391,06-autres communes et unités urbaines,1,159,51,282,8440,7526,12.1,De 5 à 10 000 entrées,,NON,NON,,FIXE,NON,B,81,65,5,45.2,37.7,15.8,1.3,19,15.9,9.0,49.168276,5.857616
2,119305,PATHE CONFLANS,ILE-DE-FRANCE,RUE DE L'HAUTIL,78172,Conflans-Sainte-Honorine,36372,78,00851,Paris,10947378,03-Grande couronne,13,3108,53,22465,795446,867758,-8.3,De 700 000 à 1 million d'entrées,CINEMAS PATHE,NON,NON,,FIXE,OUI,B,409,282,232,30.2,50.6,16.9,2.4,144,16.6,8.4,49.004829,2.077668
4,119331,LE CAPITOLE,NOUVELLE AQUITAINE,PLACE EMILE ROUX,16106,Confolens,2873,16,16102,Confolens,2873,06-autres communes et unités urbaines,1,149,52,966,16974,14862,14.2,De 10 à 20 000 entrées,,OUI,E,JPPR,FIXE,NON,I,277,204,0,56.6,27.0,14.4,2.0,156,44.3,27.3,46.012696,0.670482
7,119812,MAISON POURTOUS,PROVENCE-ALPES-COTE D'AZUR,MAISON POUR TOUS,06048,Contes,7612,06,06701,Nice,966577,04-Unités urbaines de 100 000 hbts ou plus,1,,53,140,7462,7139,4.5,De 5 à 10 000 entrées,,NON,NON,,ITINERANT,NON,B,85,75,2,54.0,38.0,7.6,0.4,33,40.0,33.5,43.803799,7.330148
5,120181,PATHE CITE EUROPE,HAUTS DE FRANCE,1001 BOULEVARD DU KENT,62239,Coquelles,2635,62,62503,Calais,93524,05-Unités urbaines de 20 000 à 100 000 hbts,12,2210,53,20448,414393,426040,-2.7,De 300 à 450 000 entrées,CINEMAS PATHE,NON,NON,,FIXE,OUI,B,343,230,175,38.3,44.6,15.5,1.6,101,9.9,4.9,50.931939,1.8108
7,120241,FOGATA,CORSE,COL DE FOGATA,2B093,Corbara,933,2B,00000,Zone rurale,14183345,06-autres communes et unités urbaines,2,615,52,999,20617,20505,0.5,De 20 à 30 000 entrées,,NON,NON,,FIXE,NON,R,159,110,9,58.0,27.3,12.6,2.1,74,25.0,33.0,42.627056,8.921392
2,120293,ARCEL,ILE-DE-FRANCE,15 PLACE LEON CASSE,91174,Corbeil-Essonnes,52613,91,00851,Paris,10947378,03-Grande couronne,3,380,53,3695,41773,40728,2.6,De 40 à 50 000 entrées,,OUI,C,JPPR,FIXE,NON,B,349,240,79,48.5,33.0,12.1,6.4,212,40.8,37.3,48.603813,2.469302
3,120434,THEÂTRE LES DOCKS,HAUTS DE FRANCE,RUE DU 14 JUILLET,80212,Corbie,6356,80,80208,Corbie,8188,06-autres communes et unités urbaines,1,338,30,64,8316,8079,2.9,De 5 à 10 000 entrées,,NON,NON,,FIXE,NON,C,43,26,0,65.9,21.8,9.3,3.1,20,53.3,47.2,49.908852,2.515061
2,120963,THEATRE DU CORMIER,ILE-DE-FRANCE,123 RUE DE SAINT-GERMAIN,95176,Cormeilles-en-Parisis,26297,95,00851,Paris,10947378,03-Grande couronne,1,307,41,215,10477,9571,9.5,De 10 à 20 000 entrées,,NON,NON,,FIXE,NON,B,182,121,0,46.6,21.1,22.7,9.5,103,58.0,57.3,48.959824,2.189151
7,121792,CINEMA L ALBA,CORSE,CAMPING ALIVETU FG ST ANTOINE,2B096,Corte,7665,2B,2B202,Corte,7665,06-autres communes et unités urbaines,2,232,53,2640,29765,32039,-7.1,De 20 à 30 000 entrées,,OUI,E,JPPR,FIXE,NON,I,246,146,41,40.0,40.8,15.9,3.4,106,20.8,21.6,42.301162,9.151626
6,121951,EDEN CINEMA,BOURGOGNE / FRANCHE-COMTE,2 RUE SAINT AGNAN,58086,Cosne-Cours-sur-Loire,9658,58,58202,Cosne-Cours-sur-Loire,9658,06-autres communes et unités urbaines,2,320,53,1858,56321,51254,9.9,De 50 à 80 000 entrées,,OUI,E,JP,FIXE,NON,C,298,203,43,51.3,34.3,11.9,2.5,168,30.4,20.6,47.409738,2.924065
7,122243,CINEMA MARCEL PAGNOL,PROVENCE-ALPES-COTE D'AZUR,RUE BONAVENTURE,83046,Cotignac,2145,83,83115,Cotignac,3628,06-autres communes et unités urbaines,1,54,52,374,7316,7817,-6.4,De 5 à 10 000 entrées,,OUI,E,,FIXE,NON,C,200,168,1,68.6,14.2,15.4,1.8,132,57.1,49.5,43.527138,6.149835
4,122291,LA MALINE,NOUVELLE AQUITAINE,LE MAIL,17121,La Couarde-sur-Mer,1121,17,17126,Ars-en-Ré,4504,06-autres communes et unités urbaines,2,401,51,2472,57729,55135,4.7,De 50 à 80 000 entrées,,OUI,E,RDJPPR,FIXE,NON,C,383,281,54,70.9,16.8,10.5,1.8,255,53.9,38.7,46.191994,-1.426164
5,122525,ESPACE JEAN VILAR,HAUTS DE FRANCE,PLACE DE LA CONVENTION,59155,Coudekerque-Branche,20987,59,59602,Dunkerque,164347,04-Unités urbaines de 100 000 hbts ou plus,1,314,49,184,18101,18412,-1.7,De 10 à 20 000 entrées,,NON,NON,,FIXE,NON,B,96,60,0,57.2,23.3,13.6,5.9,40,43.0,34.7,51.018022,2.380798
3,122720,Salle des Fêtes,HAUTS DE FRANCE,Salle des Fêtes,60164,Le Coudray-Saint-Germer,869,60,00000,Zone rurale,14183345,06-autres communes et unités urbaines,1,,50,957,43206,42705,1.2,De 40 à 50 000 entrées,,OUI,E,JPPR,ITINERANT,NON,R,131,64,0,66.8,23.0,8.8,1.4,56,25.8,29.6,49.412798,1.840232
2,123373,CINEMA LES CAPUCINS,ILE-DE-FRANCE,23 RUE MARCEL CLAVIER,77131,Coulommiers,15167,77,77402,Coulommiers,28686,03-Grande couronne,4,568,53,6761,123609,26316,369.7,De 100 à 150 000 entrées,,NON,NON,,FIXE,NON,C,294,195,118,43.6,41.1,14.4,0.9,153,23.9,11.2,48.809696,3.090876
2,123905,CAMILLE ST SAENS,ILE-DE-FRANCE,15 BOULEVARD ARISTIDE BRIAND,92026,Courbevoie,82701,92,00851,Paris,10947378,02-Petite Couronne,1,360,1,11,2410,4001,-39.8,De 2 à 5 000 entrées,,NON,NON,,FIXE,NON,B,7,5,0,84.4,0.0,0.0,15.6,5,81.8,81.4,48.899883,2.259136
2,123914,ABEL GANCE,ILE-DE-FRANCE,184 BD ST DENIS,92026,Courbevoie,82701,92,00851,Paris,10947378,02-Petite Couronne,1,139,52,1522,44181,44876,-1.5,De 40 à 50 000 entrées,,OUI,C,JPPR,FIXE,NON,B,309,177,1,58.8,16.7,17.9,6.6,228,69.2,69.8,48.901327,2.271867
2,125135,L ETOILE,ILE-DE-FRANCE,1 ALLEE DU PROGRES,93027,La Courneuve,46951,93,00851,Paris,10947378,02-Petite Couronne,1,195,44,1111,16681,20407,-18.3,De 10 à 20 000 entrées,,OUI,C,JPPR,FIXE,NON,B,256,142,0,35.0,36.6,13.6,14.8,183,68.9,61.9,48.926821,2.391627
6,125201,GERGOVIE,AUVERGNE / RHONE-ALPES,AVENUE DES DOMES,63124,Cournon-d'Auvergne,20712,63,63701,Clermont-Ferrand,278692,04-Unités urbaines de 100 000 hbts ou plus,3,476,53,4351,71491,59276,20.6,De 50 à 80 000 entrées,,OUI,C,,FIXE,NON,B,136,107,42,58.0,31.4,9.8,0.8,83,45.9,34.3,45.731555,3.199146
5,125322,LE TRAVELLING,HAUTS DE FRANCE,RUE ARISTIDE BRIAND,62250,Courrières,10455,62,00756,Douai-Lens,510310,04-Unités urbaines de 100 000 hbts ou plus,1,292,47,492,17292,16136,7.2,De 10 à 20 000 entrées,,NON,NON,,FIXE,NON,B,137,118,1,50.1,27.3,21.4,1.3,30,15.5,22.7,50.453829,2.940575
6,125424,SALLE EMILIEN MICHOUX,AUVERGNE / RHONE-ALPES,RUE PARMENTIER,69066,Cours,4457,69,69108,Cours,4457,06-autres communes et unités urbaines,1,189,45,169,2979,2794,6.6,De 2 à 5 000 entrées,,NON,NON,,FIXE,NON,I,141,113,0,76.4,12.1,9.3,2.2,57,39.0,30.1,46.100564,4.328791
3,125513,CINEMA DE LA GARE,NORMANDIE,PLACE DU 6 JUIN,14191,Courseulles-sur-Mer,4237,14,14115,Courseulles-sur-Mer,4237,06-autres communes et unités urbaines,1,240,53,606,20211,17725,14.0,De 20 à 30 000 entrées,,OUI,E,,FIXE,NON,I,167,124,0,61.3,24.1,14.1,0.5,80,29.9,19.2,49.334767,-0.457474
4,125933,LE MARCHOIS,NOUVELLE AQUITAINE,RUE DES DEUX FRERES,23067,La Courtine,806,23,00000,Zone rurale,14183345,06-autres communes et unités urbaines,1,104,47,143,2013,1663,21.0,De 2 à 5 000 entrées,,NON,NON,,FIXE,NON,R,94,84,0,68.4,18.0,13.2,0.5,28,25.4,15.6,45.701627,2.260588
3,126311,LE LONG-COURT,NORMANDIE,5 RUE PAUL MAUNDRELL,50147,Coutances,9554,50,50207,Coutances,9986,06-autres communes et unités urbaines,2,272,53,2289,61733,65098,-5.2,De 50 à 80 000 entrées,,OUI,E,RDJPPR,FIXE,NON,C,306,208,49,50.5,33.6,13.2,2.7,199,42.0,27.4,49.050552,-1.444356
6,127103,LA TURBINE,AUVERGNE / RHONE-ALPES,PLACE CHORUS,74010,Annecy,134942,74,74601,Annecy,187946,04-Unités urbaines de 100 000 hbts ou plus,1,183,53,1467,49802,45375,9.8,De 40 à 50 000 entrées,,OUI,A,RDJP,FIXE,NON,C,381,259,7,61.6,17.1,13.5,7.8,288,73.4,70.6,45.904817,6.100656
6,127232,ESPACE CULTUREL EOLE,AUVERGNE / RHONE-ALPES,"16, RUE CENTRALE",69069,Craponne,11657,69,00760,Lyon,1714833,04-Unités urbaines de 100 000 hbts ou plus,1,349,45,365,14813,14108,5.0,De 10 à 20 000 entrées,,OUI,C,,FIXE,NON,B,217,148,0,66.2,16.4,14.7,2.7,145,63.6,52.9,45.745756,4.718034
4,127501,HENRI GEORGES CLOUZOT,NOUVELLE AQUITAINE,RUE DU CHAMPS DE FOIRE,79048,La Crèche,5917,79,79204,La Crèche,5917,06-autres communes et unités urbaines,1,222,46,327,9825,10069,-2.4,De 5 à 10 000 entrées,,OUI,E,JPPR,FIXE,NON,I,156,108,0,67.0,21.2,8.6,3.2,66,40.6,35.8,46.362399,-0.298072
3,127571,LE CYRANO,HAUTS DE FRANCE,PLACE DU 8 MAI 1945,80222,Crécy-en-Ponthieu,1392,80,00000,Zone rurale,14183345,06-autres communes et unités urbaines,1,270,53,478,14643,14242,2.8,De 10 à 20 000 entrées,,OUI,E,JP,FIXE,NON,R,149,115,1,57.5,27.9,11.7,2.9,51,32.3,26.5,50.253278,1.884465
3,127661,LA FAIENCERIE,HAUTS DE FRANCE,ALLEE NELSON,60175,Creil,36193,60,60601,Creil,128302,04-Unités urbaines de 100 000 hbts ou plus,1,749,36,208,7530,8065,-6.6,De 5 à 10 000 entrées,,OUI,C,,FIXE,NON,C,166,119,0,67.9,14.1,12.8,5.2,130,79.8,82.1,49.259398,2.472183
4,127821,MAX LINDER,NOUVELLE AQUITAINE,RUE DOCTEUR FAUCHE,33140,Créon,4998,33,33122,Créon,4998,06-autres communes et unités urbaines,1,189,53,1192,26470,24276,9.0,De 20 à 30 000 entrées,,OUI,E,RDJPPR,FIXE,NON,I,327,235,1,62.8,20.0,12.8,4.4,233,62.3,54.1,44.773724,-0.348948
3,128114,LES TOILES 1,HAUTS DE FRANCE,"2, BOULEVARD VICTOR HUGO",60176,Crépy-en-Valois,14645,60,60303,Crépy-en-Valois,14645,06-autres communes et unités urbaines,4,548,53,4882,103428,107654,-3.9,De 100 à 150 000 entrées,,NON,NON,,FIXE,NON,I,238,179,74,42.7,42.3,14.3,0.7,126,14.9,8.4,49.231725,2.890294
7,128142,L'AGORA-CINEPLAN,OCCITANIE,VOIE DOMITIENNE,34090,Le Crès,9440,34,34701,Montpellier,472000,04-Unités urbaines de 100 000 hbts ou plus,1,220,14,35,3325,3012,10.4,De 2 à 5 000 entrées,,NON,NON,,FIXE,NON,B,28,9,0,57.1,29.5,6.6,6.9,9,37.1,48.3,43.655112,3.943144
6,128421,THEATRE EDEN,AUVERGNE / RHONE-ALPES,QUAI  BERENGIER DE LA BLACHE,26108,Crest,8974,26,26303,Crest,15179,06-autres communes et unités urbaines,3,544,52,2667,81126,80416,0.9,De 80 à 100 000 entrées,,OUI,E,RDJPPR,FIXE,NON,C,351,253,74,56.3,28.1,11.5,4.1,226,45.8,42.1,44.726462,5.02496
2,128535,LA LUCARNE MJC,ILE-DE-FRANCE,100 RUE JULIETTE SAVAR,94028,Créteil,92984,94,00851,Paris,10947378,02-Petite Couronne,1,92,30,740,9435,14550,-35.2,De 5 à 10 000 entrées,,OUI,C,JP,FIXE,NON,B,148,74,0,55.5,20.8,12.6,11.0,111,71.8,80.7,48.777428,2.466468
2,128541,CINEMA DU PALAIS,ILE-DE-FRANCE,40 ALLEE PARMENTIER,94028,Créteil,92984,94,00851,Paris,10947378,02-Petite Couronne,3,373,49,4625,69814,60111,16.1,De 50 à 80 000 entrées,,OUI,C,RDJPPR,FIXE,NON,B,319,171,99,65.5,13.6,14.0,6.9,276,94.4,88.1,48.786063,2.444158
6,128605,CINE MORVAN,BOURGOGNE / FRANCHE-COMTE,6 ET 8 RUE DE LA VERRERIE,71153,Le Creusot,21319,71,71401,Le Creusot,32312,05-Unités urbaines de 20 000 à 100 000 hbts,4,411,53,4557,36803,29005,26.9,De 30 à 40 000 entrées,,OUI,D,JP,FIXE,NON,C,333,256,80,52.2,31.4,13.1,3.3,198,32.1,28.1,46.805596,4.420044
3,129441,LE HUBLOT,PAYS DE LA LOIRE,PLACE DINAN,44049,Le Croisic,4170,44,44601,Saint-Nazaire,194384,04-Unités urbaines de 100 000 hbts ou plus,1,247,53,1063,26692,28109,-5.0,De 20 à 30 000 entrées,,OUI,C,,FIXE,NON,B,307,229,31,71.2,15.2,11.2,2.3,190,51.6,40.4,47.292765,-2.509877
3,130633,REX,BRETAGNE,41 43 RUE DE LA CHALOTAIS,29042,Crozon,7575,29,29209,Crozon,7575,06-autres communes et unités urbaines,1,177,53,817,25517,27124,-5.9,De 20 à 30 000 entrées,,OUI,E,JP,FIXE,NON,I,232,181,29,58.7,26.6,11.1,3.6,119,37.8,27.6,48.242699,-4.494348
6,130653,LE CINE,AUVERGNE / RHONE-ALPES,GROUPE MAURICE THOREZ,07076,Cruas,3135,07,07105,Cruas,3135,06-autres communes et unités urbaines,1,156,49,751,9905,8542,16.0,De 5 à 10 000 entrées,,NON,NON,,FIXE,NON,I,167,116,6,53.3,35.5,10.1,1.1,73,23.3,21.0,44.656708,4.761992
7,131031,LE CIGALON,PROVENCE-ALPES-COTE D'AZUR,COURS DE POURRIERES,84042,Cucuron,1810,84,00000,Zone rurale,14183345,06-autres communes et unités urbaines,1,93,52,1168,24618,23144,6.4,De 20 à 30 000 entrées,,OUI,E,RDJPPR,FIXE,NON,R,265,169,6,68.4,12.1,13.7,5.8,220,77.8,73.7,43.774382,5.440971
3,133141,LES CARDINAUX,BRETAGNE,AVENUE PRAT GODET,56052,Damgan,1937,56,00000,Zone rurale,14183345,06-autres communes et unités urbaines,1,151,53,440,16578,14360,15.4,De 10 à 20 000 entrées,,OUI,E,,FIXE,NON,R,191,147,6,63.0,28.5,7.7,0.8,93,32.3,20.5,47.520393,-2.585183
2,133212,PATHE DAMMARIE,ILE-DE-FRANCE,824 AVENUE DU LYS,77152,Dammarie-les-Lys,22471,77,00851,Paris,10947378,03-Grande couronne,10,2162,53,16191,225401,238122,-5.3,De 200 à 300 000 entrées,CINEMAS PATHE,NON,NON,,FIXE,OUI,B,393,259,202,38.2,44.6,15.0,2.2,148,20.4,10.4,48.517401,2.627798
3,133381,LE CLUB 2,CENTRE-VAL DE LOIRE,SALLE POLYVALENTE,45122,Dampierre-en-Burly,1461,45,00000,Zone rurale,14183345,06-autres communes et unités urbaines,1,189,51,175,5624,6373,-11.8,De 5 à 10 000 entrées,,NON,NON,,FIXE,NON,R,98,81,0,49.8,28.8,18.3,3.1,31,22.8,16.8,47.766235,2.572005
9,133621,LE FOYER,BOURGOGNE / FRANCHE-COMTE,RUE ALFRED DORNIER,70198,Dampierre-sur-Salon,1258,70,00000,Zone rurale,14183345,06-autres communes et unités urbaines,1,168,41,211,7667,5488,39.7,De 5 à 10 000 entrées,,NON,NON,,FIXE,NON,R,102,83,0,71.2,14.5,9.8,4.5,31,27.6,31.4,47.553711,5.676507
6,133681,SALLE PAULETTE DONZEL,BOURGOGNE / FRANCHE-COMTE,SALLE PAULETTE DONZEL,25271,Gilley,1768,25,00000,Zone rurale,14183345,06-autres communes et unités urbaines,1,,52,538,31454,25486,23.4,De 30 à 40 000 entrées,,OUI,E,JPPR,ITINERANT,NON,R,134,51,0,71.5,13.9,10.1,4.5,99,60.4,64.9,47.049645,6.481499
6,136201,AQUEDUC,AUVERGNE / RHONE-ALPES,CHEMIN DE LA LIASSE,69072,Dardilly,9459,69,00760,Lyon,1714833,04-Unités urbaines de 100 000 hbts ou plus,1,271,41,122,8235,8661,-4.9,De 5 à 10 000 entrées,,NON,NON,,FIXE,NON,B,107,92,0,64.1,16.8,16.0,3.1,66,62.8,53.9,45.810538,4.754801
4,136666,LE GRAND CLUB,NOUVELLE AQUITAINE,11 AVENUE DU SABLAR,40088,Dax,21857,40,40501,Dax,53846,05-Unités urbaines de 20 000 à 100 000 hbts,10,1347,53,11554,277201,260787,6.3,De 200 à 300 000 entrées,,OUI,D,JPPR,FIXE,OUI,C,368,277,239,49.2,34.6,14.5,1.6,183,31.2,16.6,43.714843,-1.055363
3,136672,LE MORNY,NORMANDIE,23 AV DU GENERAL DE GAULLE,14220,Deauville,3615,14,14402,Dives-sur-Mer,36529,05-Unités urbaines de 20 000 à 100 000 hbts,4,777,53,5355,123712,113650,8.9,De 100 à 150 000 entrées,,OUI,D,,FIXE,NON,C,293,203,107,58.3,26.8,13.9,1.1,173,34.3,23.6,49.356857,0.072039
4,136686,LA STRADA,OCCITANIE,ZONE INDUSTRIELLE DU CENTRE,12089,Decazeville,5408,12,12302,Decazeville,14375,06-autres communes et unités urbaines,3,460,53,3982,83540,79254,5.4,De 80 à 100 000 entrées,,OUI,E,JPPR,FIXE,NON,C,365,262,84,52.7,33.9,11.5,1.9,229,27.1,14.3,44.557817,2.274123
6,136753,LE TOBOGGAN,AUVERGNE / RHONE-ALPES,14 AV JEAN MACE,69275,Décines-Charpieu,29063,69,00760,Lyon,1714833,04-Unités urbaines de 100 000 hbts ou plus,1,144,49,1169,31798,36668,-13.3,De 30 à 40 000 entrées,,OUI,C,JPPR,FIXE,NON,B,275,186,5,63.3,17.0,16.7,3.1,188,66.4,61.6,45.768904,4.955836
6,136773,CINEAL,BOURGOGNE / FRANCHE-COMTE,6 RUE DU PORT,58095,Decize,5375,58,58201,Decize,7213,06-autres communes et unités urbaines,2,345,52,1503,23077,21807,5.8,De 20 à 30 000 entrées,,OUI,E,,FIXE,NON,C,178,147,5,51.2,33.4,13.5,1.9,75,23.8,14.2,46.831224,3.459781
6,136912,HALLE DES CINQ FONTAINES,BOURGOGNE / FRANCHE-COMTE,PLACE DU CHAMPS DE FOIRE,90033,Delle,5774,90,90301,Delle (partie française),10275,06-autres communes et unités urbaines,1,113,53,516,9876,9372,5.4,De 5 à 10 000 entrées,,OUI,E,,FIXE,NON,C,146,108,2,64.2,16.5,14.7,4.5,64,35.2,38.8,47.512144,7.007276
5,137112,MEGARAMA,HAUTS DE FRANCE,RUE DE VILLARS,59172,DENAIN,20532,59,59701,Valenciennes (partie française),336069,04-Unités urbaines de 100 000 hbts ou plus,7,986,53,11499,165298,155994,6.0,De 150 à 200 000 entrées,MEGARAMA,NON,NON,,FIXE,NON,B,262,180,139,32.9,49.8,15.4,1.9,75,8.4,5.4,50.326793,3.393394
3,137481,LE RABELAIS,CENTRE-VAL DE LOIRE,18 BIS RUE RABELAIS,37115,Descartes,3386,37,00255,Descartes,5466,06-autres communes et unités urbaines,1,167,52,481,10189,8884,14.7,De 10 à 20 000 entrées,,OUI,E,,FIXE,NON,C,168,136,5,61.8,22.7,13.4,2.1,71,27.4,32.1,46.974658,0.698463
5,137663,CINE DESVRES,HAUTS DE FRANCE,"8, RUE VICTOR LENGAGNE",62268,Desvres,4898,62,62202,Desvres,6419,06-autres communes et unités urbaines,1,111,50,366,7722,7820,-1.3,De 5 à 10 000 entrées,,NON,NON,,FIXE,NON,C,116,95,0,51.2,32.3,13.0,3.6,36,27.1,20.6,50.668276,1.837675
6,138172,LE PESTEL,AUVERGNE / RHONE-ALPES,AV DE LA DIVISION DU TEXAS,26113,Die,5014,26,26109,Die,5014,06-autres communes et unités urbaines,1,207,50,942,39652,35019,13.2,De 30 à 40 000 entrées,,OUI,E,RDJPPR,FIXE,NON,I,221,160,1,65.1,15.4,12.0,7.5,183,81.4,71.6,44.750763,5.3764
3,138345,D S N  DIEPPE SCENE NATIONALE,NORMANDIE,QUAI BERIGNY,76217,Dieppe,28535,76,76403,Dieppe,35913,05-Unités urbaines de 20 000 à 100 000 hbts,1,578,50,985,32075,30602,4.8,De 30 à 40 000 entrées,,OUI,D,RDJPPR,FIXE,NON,C,203,103,17,67.4,7.2,19.6,5.9,161,90.2,85.0,49.923374,1.081518
3,138352,CINEMAS GRAND FORUM,NORMANDIE,ESPLANADE ROSA LEROY,76217,Dieppe,28535,76,76403,Dieppe,35913,05-Unités urbaines de 20 000 à 100 000 hbts,8,1319,53,12083,189936,192062,-1.1,De 150 à 200 000 entrées,MEGARAMA,NON,NON,,FIXE,OUI,C,264,203,189,47.9,37.6,12.6,1.9,70,15.5,8.0,49.921565,1.079726
6,138462,CINE LABOR,AUVERGNE / RHONE-ALPES,RUE JUSTIN JOUVE,26114,Dieulefit,3371,26,26106,Dieulefit,4376,06-autres communes et unités urbaines,1,139,52,213,11221,10644,5.4,De 10 à 20 000 entrées,,OUI,E,,FIXE,NON,C,63,48,0,74.2,9.5,11.5,4.8,53,82.2,80.3,44.527384,5.066722
7,138594,RENCONTRES,PROVENCE-ALPES-COTE D'AZUR,45 AVENUE DU 8 MAI,04070,Digne-les-Bains,17804,04,04301,Digne-les-Bains,18681,06-autres communes et unités urbaines,1,246,33,76,4792,4898,-2.2,De 2 à 5 000 entrées,,NON,NON,,FIXE,NON,C,57,14,0,61.1,18.7,13.3,6.8,53,93.7,95.5,44.089715,6.239647
7,138595,CINE TOILES,PROVENCE-ALPES-COTE D'AZUR,AVENUE FRANCOIS CUZIN,04070,Digne-les-Bains,17804,04,04301,Digne-les-Bains,18681,06-autres communes et unités urbaines,4,767,53,5712,78658,79497,-1.1,De 50 à 80 000 entrées,,OUI,E,JP,FIXE,NON,C,252,201,171,47.9,37.7,12.8,1.6,136,35.9,23.8,44.087669,6.231264
6,138641,MAJESTIC,BOURGOGNE / FRANCHE-COMTE,24 RUE NATIONALE,71176,Digoin,7854,71,00270,Digoin,10080,06-autres communes et unités urbaines,3,409,53,3828,50548,48054,5.2,De 50 à 80 000 entrées,,OUI,E,RDJPPR,FIXE,NON,C,348,256,87,51.3,34.2,12.4,2.1,208,36.0,18.7,46.480212,3.977127
6,138712,OLYMPIA,BOURGOGNE / FRANCHE-COMTE,16 AV DU MARECHAL FOCH,21231,Dijon,162454,21,21701,Dijon,253465,04-Unités urbaines de 100 000 hbts ou plus,10,1634,53,16299,222267,206531,7.6,De 200 à 300 000 entrées,,NON,NON,,FIXE,OUI,C,259,184,171,38.1,44.6,13.7,3.6,67,9.9,7.4,47.323594,5.030088
6,138715,DARCY,BOURGOGNE / FRANCHE-COMTE,"8, PLACE DARCY",21231,Dijon,162454,21,21701,Dijon,253465,04-Unités urbaines de 100 000 hbts ou plus,6,1059,53,9230,113052,107996,4.7,De 100 à 150 000 entrées,,NON,NON,,FIXE,NON,C,232,173,164,70.9,6.3,20.3,2.4,177,74.4,68.2,47.323572,5.034663
6,138741,ELDORADO,BOURGOGNE / FRANCHE-COMTE,21 RUE ALFRED DE MUSSET,21231,Dijon,162454,21,21701,Dijon,253465,04-Unités urbaines de 100 000 hbts ou plus,3,403,53,5707,87989,100378,-12.3,De 80 à 100 000 entrées,,OUI,A,RDJPPR,FIXE,NON,C,286,161,137,62.2,13.7,15.3,8.8,263,96.8,96.8,47.314412,5.048804
6,138804,PATHE,BOURGOGNE / FRANCHE-COMTE,12 PARVIS DE L'UNESCO,21231,DIJON,162454,21,21701,Dijon,253465,04-Unités urbaines de 100 000 hbts ou plus,9,1224,53,16426,235662,216334,8.9,De 200 à 300 000 entrées,CINEMAS PATHE,NON,NON,,FIXE,OUI,C,304,204,147,42.4,39.6,16.3,1.7,140,29.4,20.2,47.316794,5.030016
3,138901,EMERAUDE CINEMAS,BRETAGNE,ROUTE DE DINARD,22050,Dinan,15256,22,22402,Dinan,29833,05-Unités urbaines de 20 000 à 100 000 hbts,5,821,53,5485,193384,186860,3.5,De 150 à 200 000 entrées,,OUI,D,JPPR,FIXE,NON,C,338,232,145,54.2,30.1,14.3,1.5,185,29.8,22.3,48.461416,-2.047138
3,138922,2 ALIZES SALLE LA MOUETTE,BRETAGNE,2 BD ALBERT 1ER,35093,Dinard,10755,35,00462,Dinard,35626,05-Unités urbaines de 20 000 à 100 000 hbts,2,499,51,1978,48560,51317,-5.4,De 40 à 50 000 entrées,,OUI,D,,FIXE,NON,C,207,156,111,61.9,12.4,22.8,3.0,172,78.8,71.5,48.635211,-2.055645
8,139022,SALLE DU FOYER COMMUNAL,GRAND EST,SALLE DU FOYER COMMUNAL,67098,Dinsheim-sur-Bruche,1534,67,67401,Molsheim,27503,05-Unités urbaines de 20 000 à 100 000 hbts,1,,41,348,18006,15797,14.0,De 10 à 20 000 entrées,,OUI,D,JPPR,ITINERANT,NON,B,127,68,2,47.4,26.1,22.3,4.2,61,40.3,42.1,48.539414,7.423392
3,139232,LE DRAKKAR,NORMANDIE,6 RUE DU GENERAL DE GAULLE,14225,Dives-sur-Mer,5403,14,14402,Dives-sur-Mer,36529,05-Unités urbaines de 20 000 à 100 000 hbts,1,290,52,928,26717,23489,13.7,De 20 à 30 000 entrées,,OUI,D,JP,FIXE,NON,C,182,132,6,64.1,20.5,10.9,4.5,117,52.6,37.9,49.286704,-0.099295
3,139503,CINE DOL,BRETAGNE,RUE DU LEGEARD,35095,Dol-de-Bretagne,6110,35,35205,Dol-de-Bretagne,6110,06-autres communes et unités urbaines,2,271,53,1643,48242,42288,14.1,De 40 à 50 000 entrées,,NON,NON,,FIXE,NON,I,218,172,63,57.7,29.3,11.6,1.4,108,25.3,15.6,48.546939,-1.753756
6,139541,LES TANNEURS,BOURGOGNE / FRANCHE-COMTE,12 RUE DU 21 JANVIER,39198,Dole,24483,39,39402,Dole,31417,05-Unités urbaines de 20 000 à 100 000 hbts,6,1037,53,9765,121118,118891,1.9,De 100 à 150 000 entrées,,OUI,D,JP,FIXE,NON,C,362,278,166,51.0,33.3,13.7,2.0,195,23.7,21.1,47.095429,5.494926
3,140082,CINEMA THEATRE MUNICIPAL,NORMANDIE,PLACE DE BURGEWEDEL,61145,Domfront en Poiraie,4297,61,61105,Domfront en Poiraie,4297,06-autres communes et unités urbaines,1,165,49,373,8475,8482,-0.1,De 5 à 10 000 entrées,,OUI,E,,FIXE,NON,I,175,141,0,75.1,11.4,11.6,2.0,92,48.9,39.5,48.592827,-0.642599
2,140521,ESPACE ERMITAGE,ILE-DE-FRANCE,ALLEE STE THERESE,95199,Domont,15874,95,00851,Paris,10947378,03-Grande couronne,1,282,53,1566,29332,30010,-2.3,De 20 à 30 000 entrées,,NON,NON,,FIXE,NON,B,186,155,11,47.3,30.7,20.2,1.7,91,35.6,36.2,49.02987,2.333691
6,140713,RENE FALLET,AUVERGNE / RHONE-ALPES,ROUTE DE VICHY,03102,Dompierre-sur-Besbre,3062,03,03103,Dompierre-sur-Besbre,3062,06-autres communes et unités urbaines,1,130,53,1047,14888,13968,6.6,De 10 à 20 000 entrées,,OUI,E,JPPR,FIXE,NON,I,297,180,7,54.4,33.7,9.2,2.7,138,29.0,19.8,46.512529,3.675133
3,141031,ESPACE RENAISSANCE,PAYS DE LA LOIRE,11 RUE LAENNEC,44052,Donges,8191,44,44601,Saint-Nazaire,194384,04-Unités urbaines de 100 000 hbts ou plus,1,274,47,313,5460,4894,11.6,De 5 à 10 000 entrées,,NON,NON,,FIXE,NON,B,98,70,0,55.2,31.5,12.5,0.7,21,16.3,16.1,47.319099,-2.074953
6,141262,Salle des Fêtes,AUVERGNE / RHONE-ALPES,GRANDE RUE,26116,Donzère,6062,26,26201,Donzère,6062,06-autres communes et unités urbaines,1,,48,272,10348,8168,26.7,De 10 à 20 000 entrées,,OUI,E,JP,ITINERANT,NON,I,117,76,2,69.1,18.7,8.5,3.8,78,60.2,45.6,44.379202,4.696224000000029
4,141321,LE CINEMA,NOUVELLE AQUITAINE,PLACE CHARLES DE GAULLE,87059,Le Dorat,1594,87,00000,Zone rurale,14183345,06-autres communes et unités urbaines,1,270,52,645,8963,7089,26.4,De 5 à 10 000 entrées,,OUI,E,JP,FIXE,NON,R,235,189,1,68.7,16.2,11.8,3.3,131,45.4,34.6,46.215275,1.080037
8,141410,LE TREFLE,GRAND EST,ZONE DE LOISIRS LE TRÈFLE,67101,Dorlisheim,2637,67,67401,Molsheim,27503,05-Unités urbaines de 20 000 à 100 000 hbts,13,2041,53,22295,464801,484753,-4.1,De 450 à 700 000 entrées,CINEVILLE,NON,NON,,FIXE,OUI,B,423,244,216,40.3,41.9,15.8,2.0,152,16.5,8.4,48.521892,7.500139
5,141631,HIPPODROME,HAUTS DE FRANCE,PLACE DU BARLET,59178,Douai,40697,59,00756,Douai-Lens,510310,04-Unités urbaines de 100 000 hbts ou plus,1,117,44,829,20051,21756,-7.8,De 20 à 30 000 entrées,,OUI,C,JP,FIXE,NON,C,167,121,35,70.6,7.0,17.1,5.4,153,95.8,95.5,50.365337,3.083696
5,141657, MAJESTIC,HAUTS DE FRANCE,BOULEVARD DE LA RÉPUBLIQUE,59178,Douai,40697,59,00756,Douai-Lens,510310,04-Unités urbaines de 100 000 hbts ou plus,10,2000,53,15893,338793,342543,-1.1,De 300 à 450 000 entrées,,NON,NON,,FIXE,OUI,C,379,236,207,37.8,45.0,15.5,1.7,111,14.1,8.0,50.375978,3.075606
3,141711,LE CLUB,BRETAGNE,39 RUE BERTHELOT,29046,Douarnenez,14379,29,29306,Douarnenez,14379,06-autres communes et unités urbaines,1,256,53,1335,38395,42416,-9.5,De 30 à 40 000 entrées,,OUI,E,RDJPPR,FIXE,NON,I,310,198,15,67.5,9.4,18.0,5.1,275,90.3,89.4,48.091511,-4.330601
3,141712,LA BALISE,BRETAGNE,39 RUE LOUIS PASTEUR,29046,Douarnenez,14379,29,29306,Douarnenez,14379,06-autres communes et unités urbaines,2,364,50,2410,30125,32870,-8.4,De 30 à 40 000 entrées,,OUI,E,,FIXE,NON,I,175,125,60,48.2,38.1,12.6,1.2,51,15.7,8.2,48.088483,-4.329101
5,141823,JEAN RENOIR,HAUTS DE FRANCE,PLACE PAUL ELUARD,59179,Douchy-les-Mines,10179,59,59701,Valenciennes (partie française),336069,04-Unités urbaines de 100 000 hbts ou plus,1,204,48,699,12700,15260,-16.8,De 10 à 20 000 entrées,,OUI,C,,FIXE,NON,B,255,195,2,51.5,24.2,16.3,7.9,151,53.9,47.7,50.300211,3.390251
3,142082,TIVOLI,HAUTS DE FRANCE,"4, RUE DE LAVARENNE",80253,Doullens,6042,80,80204,Doullens,6454,06-autres communes et unités urbaines,1,98,51,603,16461,15306,7.5,De 10 à 20 000 entrées,,OUI,E,,FIXE,NON,C,157,135,4,55.0,29.9,13.6,1.6,52,20.7,16.8,50.159213,2.335821
2,142171,PARTERRE,ILE-DE-FRANCE,SQUARE DE LAC MEGANTIC,91200,Dourdan,10910,91,91302,Dourdan,12248,03-Grande couronne,2,227,53,2462,34300,34669,-1.1,De 30 à 40 000 entrées,,OUI,E,JPPR,FIXE,NON,C,266,208,66,48.6,35.2,14.0,2.2,151,36.8,26.2,48.528741,2.015215
6,142311,L ESPACE,AUVERGNE / RHONE-ALPES,ESPACE ASS. CULTUREL DOUVAINE,74105,Douvaine,6772,74,74205,Douvaine,6772,06-autres communes et unités urbaines,1,208,53,801,21406,19178,11.6,De 20 à 30 000 entrées,,NON,NON,,FIXE,NON,I,146,100,50,58.1,30.8,8.6,2.5,59,23.5,30.7,46.302008,6.310919
3,142371,CINENACRE,NORMANDIE,RUE DU CHEMIN DU BORD,14228,Douvres-la-Délivrande,5278,14,14201,Douvres-la-Délivrande-Luc-sur-Mer,5278,06-autres communes et unités urbaines,2,340,53,2022,59808,43985,36.0,De 50 à 80 000 entrées,,OUI,E,JPPR,FIXE,NON,C,356,264,37,59.8,25.0,12.6,2.6,226,51.1,32.2,49.295699,-0.380152
3,142522,CIRCUIT 1,NORMANDIE,PLACE DU MARCHE,14711,Trévières,928,14,00000,Zone rurale,14183345,06-autres communes et unités urbaines,1,,46,285,13397,11882,12.8,De 10 à 20 000 entrées,,OUI,E,JP,ITINERANT,NON,R,93,66,0,71.8,15.5,9.3,3.4,44,31.1,27.1,49.3091816,-0.9051690000000008
7,142626,MEGA CGR,PROVENCE-ALPES-COTE D'AZUR,166 PLACE DU 7EME BATAILLON,83050,Draguignan,40362,83,83501,Draguignan,70911,05-Unités urbaines de 20 000 à 100 000 hbts,7,1288,53,12162,240672,241706,-0.4,De 200 à 300 000 entrées,CGR,NON,NON,,FIXE,NON,C,295,178,118,37.0,44.9,16.2,1.9,123,8.8,8.8,43.532372,6.472812
2,142752,ESPACE CULTUREL DU PARC,ILE-DE-FRANCE,PLACE MAURICE NILES,93029,Drancy,71535,93,00851,Paris,10947378,02-Petite Couronne,1,329,49,393,16910,12594,34.3,De 10 à 20 000 entrées,,NON,NON,,FIXE,NON,B,99,79,2,32.9,38.2,26.1,2.7,44,42.3,34.0,48.927466,2.438309
3,142995,CINE CENTRE,CENTRE-VAL DE LOIRE,5 ESPLANADE DU CHAMP DE FOIRE,28134,Dreux,31239,28,28401,Dreux,49488,05-Unités urbaines de 20 000 à 100 000 hbts,9,1544,53,14768,268932,266487,0.9,De 200 à 300 000 entrées,,OUI,D,JPPR,FIXE,OUI,C,325,221,191,38.9,44.3,15.1,1.7,125,19.4,10.6,48.731866,1.361178
6,143691,LE MAUBOURG,AUVERGNE / RHONE-ALPES,13 PLACE DE L HOTEL DE VILLE,43087,Dunières,2727,43,43101,Dunières,2727,06-autres communes et unités urbaines,1,182,49,254,7403,6765,9.4,De 5 à 10 000 entrées,,OUI,E,,FIXE,NON,I,134,112,0,71.3,15.3,12.4,1.0,59,39.1,23.9,45.217931,4.34228
5,143720,OCINE MARINE,HAUTS DE FRANCE,RUE DES FUSILIERS MARINS,59183,Dunkerque,87805,59,59602,Dunkerque,164347,04-Unités urbaines de 100 000 hbts ou plus,15,2737,53,21289,427719,444637,-3.8,De 300 à 450 000 entrées,,NON,NON,,FIXE,OUI,C,311,226,224,39.6,43.2,15.6,1.6,65,14.7,5.8,51.033536,2.372294
5,143731,STUDIO 43 SALLE CHARLIE CHAPLIN,HAUTS DE FRANCE,RUE DES FUSILIERS MARINS,59183,Dunkerque,87805,59,59602,Dunkerque,164347,04-Unités urbaines de 100 000 hbts ou plus,3,531,53,4903,70608,64077,10.2,De 50 à 80 000 entrées,,OUI,B,RDJPPR,FIXE,NON,C,492,256,116,64.4,14.3,15.5,5.8,394,91.3,83.7,51.033536,2.372294
4,143772,Salle des Fêtes,NOUVELLE AQUITAINE,Salle des Fêtes,23075,Dun-le-Palestel,1114,23,00000,Zone rurale,14183345,06-autres communes et unités urbaines,1,,51,690,20949,13620,53.8,De 20 à 30 000 entrées,,OUI,E,JPPR,ITINERANT,NON,R,111,56,0,74.9,13.8,7.2,4.1,52,32.1,34.3,46.300709,1.673061
7,144230,CINEMA,OCCITANIE,FOYER RURAL L'OUSTAU PER TOU,30106,Durfort-et-Saint-Martin-de-Sossenac,767,30,00000,Zone rurale,14183345,06-autres communes et unités urbaines,1,,4,8,180,,#VALEUR !,Moins de 2000 entrées,,NON,NON,,ITINERANT,NON,R,8,3,0,58.3,30.0,0.0,11.7,5,62.5,61.1,43.990835,3.955297
2,144262,L'ORANGE BLEUE,ILE-DE-FRANCE,7 RUE JEAN MERMOZ,95203,Eaubonne,25782,95,00851,Paris,10947378,03-Grande couronne,1,345,31,94,7644,8160,-6.3,De 5 à 10 000 entrées,,NON,NON,,FIXE,NON,B,61,44,0,53.8,35.8,8.5,2.0,43,73.8,73.6,48.992968,2.278288
4,144303,CINEMA DE GOURETTE,NOUVELLE AQUITAINE,GOURETTE,64204,Eaux-Bonnes,194,64,00000,Zone rurale,14183345,06-autres communes et unités urbaines,1,126,22,58,1000,1475,-32.2,Moins de 2000 entrées,,NON,NON,,FIXE,NON,R,50,40,7,71.3,16.8,11.8,0.1,15,25.9,5.2,42.958713,-0.332293
4,144331,FOYER ARMAGNAC EAUZE,OCCITANIE,16 PLACE DE LA LIBERTE,32119,Eauze,4069,32,32105,Eauze,4069,06-autres communes et unités urbaines,1,323,53,340,11746,9180,28.0,De 10 à 20 000 entrées,,OUI,E,JP,FIXE,NON,I,234,196,28,52.1,26.0,18.5,3.3,127,48.3,31.4,43.859667,0.100888
6,144981,PATHE ECHIROLLES,AUVERGNE / RHONE-ALPES,4 RUE ALBERT LONDRES,38151,Échirolles,37181,38,38701,Grenoble,461802,04-Unités urbaines de 100 000 hbts ou plus,12,2837,53,18748,502146,547822,-8.3,De 450 à 700 000 entrées,CINEMAS PATHE,NON,NON,,FIXE,OUI,B,405,240,181,37.8,45.9,14.4,1.9,138,14.9,8.1,45.147822,5.718011
6,145241,MEGARAMA,BOURGOGNE / FRANCHE-COMTE,1 RUE DES SOURCES,25212,École-Valentin,2754,25,25601,Besançon,144012,04-Unités urbaines de 100 000 hbts ou plus,13,1973,53,21447,376496,383613,-1.9,De 300 à 450 000 entrées,MEGARAMA,NON,NON,,FIXE,OUI,B,305,218,215,44.3,40.1,13.6,2.0,74,13.5,8.5,47.278354,5.995713
6,145792,ECULLY CINEMA,AUVERGNE / RHONE-ALPES,"21, AV EDOUARD AYNARD",69081,Écully,19142,69,00760,Lyon,1714833,04-Unités urbaines de 100 000 hbts ou plus,1,171,49,692,24172,23885,1.2,De 20 à 30 000 entrées,,OUI,C,JP,FIXE,NON,B,206,125,1,68.5,15.7,13.7,2.0,148,60.3,51.9,45.779053,4.778383
4,146013,L ESPLANADE,NOUVELLE AQUITAINE,ESPLANADE CHARLES SPINASSE,19073,Égletons,5008,19,19105,Égletons,5008,06-autres communes et unités urbaines,2,269,53,1382,14021,14874,-5.7,De 10 à 20 000 entrées,,OUI,E,JP,FIXE,NON,I,240,188,2,56.7,26.6,14.1,2.6,121,33.2,28.9,45.404676,2.044182
4,146014,SALLE FRANCOIS PIAT,NOUVELLE AQUITAINE,1292 RUE DE SARRAN,19073,Égletons,5008,19,19105,Égletons,5008,06-autres communes et unités urbaines,1,18,2,2,28,22,27.3,Moins de 2000 entrées,,NON,NON,,FIXE,NON,I,2,2,0,0.0,0.0,100.0,0.0,2,100.0,100.0,45.401735,2.033358
2,146371,GRENOUILLE,ILE-DE-FRANCE,CENTRE COMMERCIAL DES 7 MARES,78208,Élancourt,26117,78,00851,Paris,10947378,03-Grande couronne,3,348,53,4080,91153,86866,4.9,De 80 à 100 000 entrées,,OUI,C,JPPR,FIXE,NON,B,304,233,120,51.7,27.6,15.8,4.9,188,45.4,38.2,48.766594,1.949214
3,146393,MERCURE,NORMANDIE,6 RUE PIERRE BROSSOLETTE,76231,Elbeuf,16225,76,00755,Rouen,481277,04-Unités urbaines de 100 000 hbts ou plus,5,957,53,6425,109116,103841,5.1,De 100 à 150 000 entrées,,OUI,C,JP,FIXE,NON,B,368,232,112,44.7,38.0,15.2,2.2,205,20.3,18.4,49.287936,1.008591
7,146576,LE VAUTIER,OCCITANIE,BOULEVARD VOLTAIRE,66065,Elne,9518,66,66501,Saint-Cyprien,63915,05-Unités urbaines de 20 000 à 100 000 hbts,1,157,52,599,9056,9015,0.5,De 5 à 10 000 entrées,,OUI,D,,FIXE,NON,C,255,214,32,55.2,19.1,21.1,4.6,146,47.3,56.9,42.601026,2.9735
7,146762,LE ROC,PROVENCE-ALPES-COTE D'AZUR,BOULEVARD PASTEUR,05046,Embrun,6781,05,05201,Embrun,8578,06-autres communes et unités urbaines,2,388,52,2151,56103,51810,8.3,De 50 à 80 000 entrées,,OUI,E,,FIXE,NON,C,244,196,79,58.3,27.4,12.7,1.6,128,28.6,27.1,44.564376,6.493852
7,146931,CINE SAUZE,PROVENCE-ALPES-COTE D'AZUR,PLACE DE SAUZE,04073,Enchastrayes,397,04,00000,Zone rurale,14183345,06-autres communes et unités urbaines,1,208,25,273,2666,2591,2.9,De 2 à 5 000 entrées,,NON,NON,,FIXE,NON,R,108,85,37,61.0,28.6,7.9,2.5,26,17.7,10.6,44.371085,6.682435
2,147071,FRANCAIS,ILE-DE-FRANCE,38 RUE DU GENERAL DE GAULLE,95210,Enghien-les-Bains,11574,95,00851,Paris,10947378,03-Grande couronne,4,1163,53,5485,117782,121407,-3.0,De 100 à 150 000 entrées,UGC,NON,NON,,FIXE,NON,B,199,118,65,39.3,41.8,17.5,1.4,114,25.5,15.6,48.970841,2.307185
2,147084,CENTRE DES ARTS,ILE-DE-FRANCE,"12-16, RUE DE LA LIBERATION",95210,Enghien-les-Bains,11574,95,00851,Paris,10947378,03-Grande couronne,1,320,44,386,17536,16344,7.3,De 10 à 20 000 entrées,,OUI,C,JPPR,FIXE,NON,B,147,60,2,40.9,36.9,17.2,5.0,132,90.7,90.7,48.971934,2.305204
4,147471,CINEMA POUR TOUS,OCCITANIE,RUE DU CHATEAU,12094,Entraygues-sur-Truyère,999,12,00000,Zone rurale,14183345,06-autres communes et unités urbaines,1,150,53,168,5516,4870,13.3,De 5 à 10 000 entrées,,OUI,E,,FIXE,NON,R,141,118,0,70.8,17.1,9.9,2.2,91,60.6,46.2,44.644532,2.564434
6,147521,LE MONTCELET,AUVERGNE / RHONE-ALPES,134 AVENUE DU MONTCELET,38155,Entre-deux-Guiers,1908,38,00159,Entre-deux-Guiers,3498,06-autres communes et unités urbaines,1,222,53,527,9614,8791,9.4,De 5 à 10 000 entrées,,OUI,E,,FIXE,NON,C,217,177,0,58.6,24.1,14.2,3.1,90,33.4,30.4,45.432581,5.756014
3,147971,PALACE,GRAND EST,33 BOULEVARD DE LA MOTTE,51230,Épernay,22836,51,51401,Épernay,30128,05-Unités urbaines de 20 000 à 100 000 hbts,7,1070,53,8583,140904,144941,-2.8,De 100 à 150 000 entrées,,OUI,D,JPPR,FIXE,NON,C,360,215,151,48.7,36.0,13.9,1.4,183,29.6,16.9,49.04567,3.958674
3,148024,LES PRAIRIALES,CENTRE-VAL DE LOIRE,AVENUE DE LA PRAIRIE,28140,Épernon,5669,28,00354,Épernon,12557,06-autres communes et unités urbaines,1,544,29,220,9361,19241,-51.3,De 5 à 10 000 entrées,,NON,NON,,FIXE,NON,C,116,112,0,63.4,21.7,13.1,1.9,50,37.8,30.5,48.605997,1.675422
9,148227,CINES PALACE,GRAND EST,RUE SAINT MICHEL,88160,Épinal,33217,88,88501,Épinal,63513,05-Unités urbaines de 20 000 à 100 000 hbts,8,1600,53,11225,326003,339003,-3.8,De 300 à 450 000 entrées,,OUI,D,JPPR,FIXE,OUI,C,468,304,174,47.8,35.9,14.0,2.3,273,35.3,18.0,48.177085,6.455937
2,148321,SALLE SERGE GAINSBOURG,ILE-DE-FRANCE,RUE DU GENERAL JULIEN,93031,Épinay-sur-Seine,54569,93,00851,Paris,10947378,02-Petite Couronne,1,153,25,87,4123,4312,-4.4,De 2 à 5 000 entrées,,NON,NON,,FIXE,NON,B,10,0,0,9.5,20.8,26.9,42.8,10,100.0,100.0,48.95411,2.312115
2,148324,MEGA CGR,ILE-DE-FRANCE,5 AVENUE DU MARECHAL  JOFFRE,93031,Épinay-sur-Seine,54569,93,00851,Paris,10947378,02-Petite Couronne,12,2470,53,23490,329032,339490,-3.1,De 300 à 450 000 entrées,CGR,NON,NON,,FIXE,OUI,B,318,210,203,23.6,52.1,13.9,10.4,47,9.8,4.9,48.957859,2.301996
3,148811,PALACE,NORMANDIE,RUE DES RESISTANTS,50129,Cherbourg-en-Cotentin,80082,50,50501,Cherbourg-en-Cotentin,83077,05-Unités urbaines de 20 000 à 100 000 hbts,1,280,50,1226,28261,31917,-11.5,De 20 à 30 000 entrées,,OUI,B,JP,FIXE,NON,C,284,234,7,60.6,19.9,16.3,3.2,181,51.3,43.0,49.6480683,-1.6539331999999831
2,149335,PIERRE FRESNAY,ILE-DE-FRANCE,3 RUE SAINT FLAIVE,95219,Ermont,29453,95,00851,Paris,10947378,03-Grande couronne,1,400,31,93,7797,7080,10.1,De 5 à 10 000 entrées,,NON,NON,,FIXE,NON,B,58,31,0,48.8,34.3,16.5,0.4,31,65.9,63.5,48.988575,2.259906
3,149362,LE MAJESTIC,PAYS DE LA LOIRE,6 RUE LELIEVRE,53096,Ernée,5746,53,53201,Ernée,5746,06-autres communes et unités urbaines,1,254,50,522,10950,10564,3.7,De 10 à 20 000 entrées,,OUI,E,,FIXE,NON,I,195,154,3,58.7,24.3,11.9,5.1,106,37.1,30.0,48.298541,-0.935976
8,149631,AMITIE,GRAND EST,RUE JEAN PHILIPPE BAPST,67130,Erstein,10850,67,67302,Erstein,11673,06-autres communes et unités urbaines,2,367,53,1940,39949,38171,4.7,De 30 à 40 000 entrées,,OUI,E,JPPR,FIXE,NON,C,284,208,42,42.6,35.8,19.2,2.4,154,30.3,22.5,48.421595,7.661242
4,150801,REX,OCCITANIE,10 BD DE GUIZARD,12096,Espalion,4798,12,12201,Espalion,6262,06-autres communes et unités urbaines,1,217,53,890,19522,15967,22.3,De 10 à 20 000 entrées,,OUI,E,JPPR,FIXE,NON,C,266,200,2,68.0,18.6,11.1,2.4,167,45.6,29.0,44.523418,2.763821
3,152732,LE KORRIGAN,BRETAGNE,4 BD LEGRIS,22055,Binic-Étables-sur-Mer,7075,22,22301,Binic-Étables-sur-Mer,13349,06-autres communes et unités urbaines,1,142,51,221,4502,5202,-13.5,De 2 à 5 000 entrées,,OUI,E,,FIXE,NON,C,200,163,0,59.4,18.0,18.4,4.2,139,67.9,63.0,48.626357,-2.833902
2,152882,LA ROTONDE A,ILE-DE-FRANCE,102 RUE SAINT JACQUES,91223,Étampes,26454,91,91401,Étampes,32227,03-Grande couronne,3,338,53,5505,42708,45133,-5.4,De 40 à 50 000 entrées,,NON,NON,,FIXE,NON,C,135,93,60,38.1,49.8,11.7,0.4,26,7.2,5.9,48.433642,2.155867
2,152884,CINETAMPES,ILE-DE-FRANCE,PLACE GEOFFROY ST HILAIRE,91223,Étampes,26454,91,91401,Étampes,32227,03-Grande couronne,1,146,52,809,13159,11319,16.3,De 10 à 20 000 entrées,,OUI,D,JPPR,FIXE,NON,C,271,177,5,61.1,12.7,15.0,11.2,210,81.4,84.1,48.434287,2.157598
3,153083,LA RIVIERE,BRETAGNE,BD CHARLES DE GAULLE,56055,Étel,2233,56,56217,Belz,10131,06-autres communes et unités urbaines,1,212,21,279,12053,1582,661.9,De 10 à 20 000 entrées,,NON,NON,,FIXE,NON,C,153,129,4,64.4,23.7,8.5,3.5,103,51.5,41.9,47.654375,-3.202141
4,154142,ALPHA,NOUVELLE AQUITAINE,RUE DE RENTIERE,23076,Évaux-les-Bains,1322,23,00000,Zone rurale,14183345,06-autres communes et unités urbaines,1,172,52,761,14223,7754,83.4,De 10 à 20 000 entrées,,OUI,E,JPPR,FIXE,NON,R,190,153,1,66.6,20.5,9.3,3.6,99,42.3,31.7,46.171552,2.484461
6,154251,ROYAL,AUVERGNE / RHONE-ALPES,12 RUE BERNARD MOUTARDIER,74119,Évian-les-Bains,9369,74,74501,Thonon-les-Bains,82816,05-Unités urbaines de 20 000 à 100 000 hbts,1,162,53,783,13636,11080,23.1,De 10 à 20 000 entrées,,NON,NON,,FIXE,NON,B,137,101,50,57.3,27.3,11.1,4.4,51,27.4,45.4,46.400244,6.59546
3,154393,PATHE EVREUX,NORMANDIE,3 RUE DU 7 EME CHASSEURS,27229,Évreux,48096,27,27501,Évreux,59631,05-Unités urbaines de 20 000 à 100 000 hbts,10,2395,53,16468,380899,397783,-4.2,De 300 à 450 000 entrées,CINEMAS PATHE,OUI,D,PR,FIXE,OUI,C,463,283,223,43.9,38.8,15.2,2.1,243,30.2,18.1,49.028048,1.145355
3,154444,CINEMA YVES ROBERT,PAYS DE LA LOIRE,34 RUE DE LA FONTAINE,53097,Évron,8896,53,53203,Évron,8896,06-autres communes et unités urbaines,3,447,53,3066,42949,38971,10.2,De 40 à 50 000 entrées,,OUI,E,RDJP,FIXE,NON,I,368,277,33,56.6,29.6,10.5,3.3,196,30.4,16.4,48.155173,-0.401505
2,154488,MEGA CGR,ILE-DE-FRANCE,PLACE DE L'AGORA - CE 169,91228,Évry,66543,91,00851,Paris,10947378,03-Grande couronne,10,1705,53,19446,271907,204910,32.7,De 200 à 300 000 entrées,CGR,NON,NON,,FIXE,OUI,B,300,179,172,19.8,57.7,13.0,9.5,42,8.4,4.8,48.627929,2.429517
7,154712,LE GRENIER DE L ALCAZAR,PROVENCE-ALPES-COTE D'AZUR,PLACE THIERS,13035,Eyguières,7014,13,13209,Eyguières,7014,06-autres communes et unités urbaines,1,198,51,439,6328,6490,-2.5,De 5 à 10 000 entrées,,OUI,E,,FIXE,NON,I,128,108,5,56.0,23.4,18.5,2.1,70,43.8,35.2,43.695168,5.030541
4,154813,JEAN GABIN,NOUVELLE AQUITAINE,AVENUE DE LA PAIX,87064,Eymoutiers,2107,87,00000,Zone rurale,14183345,06-autres communes et unités urbaines,1,135,53,477,8700,8611,1.0,De 5 à 10 000 entrées,,OUI,E,JP,FIXE,NON,R,276,225,1,64.2,16.3,13.5,6.0,212,71.0,57.5,45.738722,1.741383
4,154921,JEAN RENOIR,NOUVELLE AQUITAINE,RUE DE L HOTEL DE VILLE,33162,Eysines,24483,33,33701,Bordeaux,1008323,04-Unités urbaines de 100 000 hbts ou plus,1,169,49,574,15110,13697,10.3,De 10 à 20 000 entrées,,OUI,C,,FIXE,NON,B,238,203,3,69.8,16.3,10.3,3.5,149,57.5,55.9,44.879016,-0.6384
7,155143,CINEMA MUNICIPAL,OCCITANIE,CINEMA MUNICIPAL,11140,Ferrals-les-Corbières,1277,11,00000,Zone rurale,14183345,06-autres communes et unités urbaines,1,,53,920,18352,17216,6.6,De 10 à 20 000 entrées,,OUI,E,JPPR,ITINERANT,NON,R,247,156,3,69.8,17.8,9.0,3.5,163,52.2,38.7,43.158478,2.727734
3,155414,ENTRACTE,NORMANDIE,26 RUE AMIRAL COURBET,14258,Falaise,8083,14,14209,Falaise,8083,06-autres communes et unités urbaines,1,198,53,959,33109,25846,28.1,De 30 à 40 000 entrées,,OUI,E,JPPR,FIXE,NON,I,247,169,14,50.1,29.6,16.1,4.2,156,51.8,35.4,48.895422,-0.199598
3,155711,CINE ELLE LE FAOUET,BRETAGNE,41 RUE JEAN CORENTIN CARRE,56057,Le Faouët,2856,56,56108,Le Faouët,2856,06-autres communes et unités urbaines,1,192,53,432,11352,10091,12.5,De 10 à 20 000 entrées,,OUI,E,JPPR,FIXE,NON,I,236,180,3,68.7,18.0,11.1,2.3,129,46.8,34.7,48.033874,-3.488682
3,156393,CINE SEINE,NORMANDIE,PLACE GASTON SANSON,76258,Terres-de-Caux,4317,76,76123,Terres-de-Caux,4317,06-autres communes et unités urbaines,1,,51,441,20327,15283,33.0,De 20 à 30 000 entrées,,NON,NON,,ITINERANT,NON,I,111,78,0,71.6,17.3,10.1,1.0,31,16.9,18.5,49.65116,0.591603
7,157011,ESPACE CULTUREL,PROVENCE-ALPES-COTE D'AZUR,2 RUE DU TERME,83055,Fayence,5857,83,83303,Fayence,11492,06-autres communes et unités urbaines,1,254,49,137,2870,3252,-11.7,De 2 à 5 000 entrées,,NON,NON,,FIXE,NON,C,128,116,1,39.0,42.1,16.5,2.5,54,40.7,29.4,43.620961,6.698294
3,157231,LE GRAND LARGE,NORMANDIE,PLACE BELLET,76259,Fécamp,18334,76,76401,Fécamp,20070,05-Unités urbaines de 20 000 à 100 000 hbts,4,710,53,5221,111362,111571,-0.2,De 100 à 150 000 entrées,,OUI,D,JPPR,FIXE,NON,C,324,213,86,50.9,33.5,14.3,1.4,192,20.3,15.6,49.757837,0.37728
6,157971,VOLTAIRE,AUVERGNE / RHONE-ALPES,LA POTERIE,01160,Ferney-Voltaire,10784,01,00653,Genève (SUI)-Annemasse (partie française),197599,04-Unités urbaines de 100 000 hbts ou plus,3,435,53,3485,82901,84482,-1.9,De 80 à 100 000 entrées,,OUI,C,,FIXE,NON,B,195,158,93,44.7,36.5,17.6,1.3,94,26.8,18.6,46.253781,6.118753
4,158201,LE ROC,PAYS DE LA LOIRE,71 RUE NATIONALE,85089,La Ferrière,5520,85,85202,La Ferrière,5520,06-autres communes et unités urbaines,1,153,45,449,11829,11682,1.3,De 10 à 20 000 entrées,,OUI,E,JP,FIXE,NON,I,210,164,2,61.2,10.1,25.8,3.0,134,59.7,50.8,46.712066,-1.314796
3,158701,LE PALACE,PAYS DE LA LOIRE,23 RUE DENFERT ROCHEREAU,72132,La Ferté-Bernard,9198,72,72301,La Ferté-Bernard,12001,06-autres communes et unités urbaines,2,232,53,2242,41027,38245,7.3,De 40 à 50 000 entrées,,OUI,E,JP,FIXE,NON,C,267,221,85,60.9,25.7,10.9,2.5,133,26.9,21.3,48.187045,0.653774
3,158783,Gérard Philipe,NORMANDIE,8 RUE SAINT DENIS,61168,La Ferté Macé,5489,61,61201,La Ferté Macé,5489,06-autres communes et unités urbaines,1,182,53,1065,19229,18325,4.9,De 10 à 20 000 entrées,,OUI,E,RDJPPR,FIXE,NON,I,349,238,5,54.5,24.5,14.9,6.1,243,57.2,42.5,48.5905665,-0.3580058000000008
3,158801,JEAN RACINE,HAUTS DE FRANCE,1 RUE JEAN RACINE,02307,La Ferté-Milon,2190,02,02103,La Ferté-Milon,2190,06-autres communes et unités urbaines,1,119,49,457,5261,5577,-5.7,De 5 à 10 000 entrées,,OUI,E,,FIXE,NON,I,167,141,1,52.6,28.6,18.2,0.6,71,37.8,44.1,49.174952,3.127739
3,158812,VARIETES CINEMA,CENTRE-VAL DE LOIRE,107BIS RUE DU GENERAL LECLERC,45146,La Ferté-Saint-Aubin,7530,45,45205,La Ferté-Saint-Aubin,7530,06-autres communes et unités urbaines,1,187,49,375,12198,10655,14.5,De 10 à 20 000 entrées,,NON,NON,,FIXE,NON,I,187,159,0,61.7,19.8,15.6,2.9,97,39.5,28.3,47.718454,1.941702
6,159364,CINE FEURS,AUVERGNE / RHONE-ALPES,1 PLACE CHARLES DE GAULLE,42094,Feurs,8488,42,42206,Feurs,9956,06-autres communes et unités urbaines,2,283,53,1797,60022,56707,5.8,De 50 à 80 000 entrées,,OUI,E,JPPR,FIXE,NON,C,309,213,32,55.8,30.2,12.9,1.0,176,37.1,22.1,45.750204,4.225091
4,159674,CHARLES BOYER,OCCITANIE,2 BD PASTEUR,46102,Figeac,10380,46,46301,Figeac,14100,06-autres communes et unités urbaines,1,317,51,871,33694,30900,9.0,De 30 à 40 000 entrées,,OUI,E,JPPR,FIXE,NON,C,280,179,2,57.3,24.3,10.7,7.7,179,52.5,42.6,44.608696,2.025755
6,159923,MAJESTIC,AUVERGNE / RHONE-ALPES,"1, PLACE VOLTAIRE",42095,Firminy,17126,42,00753,Saint-Étienne,379742,04-Unités urbaines de 100 000 hbts ou plus,2,837,53,2411,59648,54556,9.3,De 50 à 80 000 entrées,,NON,NON,,FIXE,NON,B,182,132,56,53.7,34.9,10.4,1.0,77,17.2,17.8,45.389679,4.28977
7,160410,               NOTRE DAME DES SALLE,PROVENCE-ALPES-COTE D'AZUR,CINEMA SALLE ARTEA,83057,Flassans-sur-Issole,3650,83,83116,Flassans-sur-Issole,3650,06-autres communes et unités urbaines,1,,51,365,8855,5955,48.7,De 5 à 10 000 entrées,,OUI,E,JP,ITINERANT,NON,I,160,128,3,48.6,20.3,24.3,6.8,109,63.8,59.7,43.382416,6.204033
3,160742,LE KID,PAYS DE LA LOIRE,22 RUE ST JACQUES,72154,La Flèche,16165,72,72303,La Flèche,16165,06-autres communes et unités urbaines,3,426,51,3122,93382,85499,9.2,De 80 à 100 000 entrées,,OUI,E,JP,FIXE,NON,I,323,217,72,56.7,28.2,12.6,2.4,163,25.0,16.9,47.699791,-0.080579
3,160923,VIKING,NORMANDIE,17-19 RUE ABBE LECORNU,61169,Flers,14928,61,61401,Flers,22126,05-Unités urbaines de 20 000 à 100 000 hbts,4,849,53,3876,76689,71975,6.5,De 50 à 80 000 entrées,,OUI,D,,FIXE,NON,C,181,139,88,52.8,33.9,12.0,1.3,64,14.0,10.6,48.749639,-0.563195
4,161061,GRAND ANGLE,OCCITANIE,RUE DU MOULIN,32132,Fleurance,6001,32,32201,Fleurance,6001,06-autres communes et unités urbaines,2,157,53,739,13703,12105,13.2,De 10 à 20 000 entrées,,OUI,E,JPPR,FIXE,NON,I,335,273,46,57.6,21.0,18.7,2.6,206,50.6,42.7,43.850759,0.663578
4,162212,REX,OCCITANIE,PLACE DU 8 MAI 1945,09122,Foix,9841,09,09301,Foix,12838,06-autres communes et unités urbaines,1,141,53,1346,37770,31666,19.3,De 30 à 40 000 entrées,,OUI,E,,FIXE,NON,C,124,94,39,55.5,30.8,12.7,0.9,76,38.6,27.3,42.965028,1.607346
4,162213,CENTRE CULTUREL,OCCITANIE,20 AV DU GENERAL DE GAULLE,09122,Foix,9841,09,09301,Foix,12838,06-autres communes et unités urbaines,1,600,38,298,11155,12066,-7.6,De 10 à 20 000 entrées,,OUI,E,JPPR,FIXE,NON,C,145,79,2,67.1,10.6,11.3,11.1,130,92.5,94.6,42.960943,1.609276
2,162844,ERMITAGE,ILE-DE-FRANCE,6 RUE DE FRANCE,77186,Fontainebleau,16368,77,77405,Fontainebleau,38052,03-Grande couronne,5,944,53,6326,73945,69880,5.8,De 50 à 80 000 entrées,,OUI,D,RDJPPR,FIXE,NON,C,355,210,170,65.9,9.4,18.2,6.5,284,89.8,84.0,48.404394,2.699594
2,162853,CINEPARADIS,ILE-DE-FRANCE,10 AVENUE MARECHAL DE VILLARS,77186,Fontainebleau,16368,77,77405,Fontainebleau,38052,03-Grande couronne,6,1080,53,8550,154904,158797,-2.5,De 150 à 200 000 entrées,,OUI,D,JP,FIXE,NON,C,266,154,139,39.7,42.8,15.3,2.2,97,16.4,10.2,48.400175,2.71613
4,163150,MEGA CGR,NOUVELLE AQUITAINE,LIEU DIT LES BRANDES,86100,Fontaine-le-Comte,4046,86,86118,Fontaine-le-Comte,4948,06-autres communes et unités urbaines,8,1501,53,13801,172311,161951,6.4,De 150 à 200 000 entrées,CGR,NON,NON,,FIXE,OUI,C,189,136,125,48.7,38.1,12.2,1.0,18,5.4,3.0,46.529206,0.279764
6,163811,L'IGLOO,AUVERGNE / RHONE-ALPES,LA TOUSSUIRE-CNE DE FONTCOUVERTE,73116,Fontcouverte-la-Toussuire,493,73,00000,Zone rurale,14183345,06-autres communes et unités urbaines,1,250,34,302,5910,6060,-2.5,De 5 à 10 000 entrées,,NON,NON,,FIXE,NON,R,124,99,33,53.7,29.5,15.0,1.9,44,25.8,14.8,45.247083,6.304557
2,163962,LE SCARRON,ILE-DE-FRANCE,8 AV. JEANNE ET MAURICE DOLIVET,92032,Fontenay-aux-Roses,25389,92,00851,Paris,10947378,02-Petite Couronne,1,198,43,610,17785,21344,-16.7,De 10 à 20 000 entrées,,OUI,C,JP,FIXE,NON,B,158,112,1,64.2,14.9,15.7,5.2,113,71.5,66.8,48.791543,2.289748
4,164003,CINEMA LE RENAISSANCE,PAYS DE LA LOIRE,RUE DE L ANCIEN HOPITAL,85092,Fontenay-le-Comte,13828,85,85302,Fontenay-le-Comte,17216,06-autres communes et unités urbaines,3,520,53,3719,77756,72712,6.9,De 50 à 80 000 entrées,,OUI,E,JPPR,FIXE,NON,C,305,208,146,56.0,31.0,11.9,1.2,178,28.5,20.4,46.466465,-0.803028
2,164022,THEATRE-CINEMA DE FONTENAY-LE-FLEURY,ILE-DE-FRANCE,PLACE DU 8 MAI 1945,78242,Fontenay-le-Fleury,13682,78,00851,Paris,10947378,03-Grande couronne,1,338,14,134,2669,,#VALEUR !,De 2 à 5 000 entrées,,NON,NON,,FIXE,NON,B,69,68,0,69.1,24.0,6.5,0.4,34,48.4,41.3,48.811271,2.045243
2,164112,LE KOSMOS,ILE-DE-FRANCE,243TER AVENUE DE LA REPUBLIQUE,94033,Fontenay-sous-Bois,51807,94,00851,Paris,10947378,02-Petite Couronne,1,190,53,1051,33776,31788,6.3,De 30 à 40 000 entrées,,OUI,C,JPPR,FIXE,NON,B,210,140,3,61.0,16.5,12.2,10.3,173,85.4,77.6,48.852329,2.461111
7,164731,Casino,OCCITANIE,46 RUE EMMANUEL BROUSSE,66124,Font-Romeu-Odeillo-Via,1964,66,00000,Zone rurale,14183345,06-autres communes et unités urbaines,1,237,42,246,2020,1919,5.3,De 2 à 5 000 entrées,,NON,NON,,FIXE,NON,R,74,67,0,40.6,44.8,14.0,0.6,14,15.0,8.1,42.505205,2.040244
7,164771,EDEN,PROVENCE-ALPES-COTE D'AZUR,GRAND RUE,13038,Fontvieille,3599,13,13104,Fontvieille,3599,06-autres communes et unités urbaines,1,135,51,486,11379,10390,9.5,De 10 à 20 000 entrées,,OUI,E,,FIXE,NON,I,125,103,1,71.0,14.0,13.1,1.9,60,39.2,34.2,43.726491,4.708604
8,164811,PARIS,GRAND EST,AVENUE SAINT REMY,57227,Forbach,21797,57,57501,Sarrebruck (ALL)-Forbach (partie française),82563,05-Unités urbaines de 20 000 à 100 000 hbts,5,774,52,4354,35264,38895,-9.3,De 30 à 40 000 entrées,,NON,NON,,FIXE,NON,C,186,152,93,20.6,55.1,22.8,1.5,82,16.0,11.7,49.187501,6.899493
7,164831,LE BOURGUET,PROVENCE-ALPES-COTE D'AZUR,PLACE DU BOURGUET,04088,Forcalquier,5210,04,04201,Forcalquier,6590,06-autres communes et unités urbaines,1,135,48,1085,29018,28707,1.1,De 20 à 30 000 entrées,,OUI,E,RDJPPR,FIXE,NON,C,255,168,0,63.3,12.2,12.8,11.7,219,85.9,81.8,43.959829,5.781061
3,165383,ESPACE JEAN BAUCHET,NORMANDIE,RUE FRANCIS FER,76276,Forges-les-Eaux,3922,76,76126,Forges-les-Eaux,4902,06-autres communes et unités urbaines,1,699,11,21,1606,2459,-34.7,Moins de 2000 entrées,,NON,NON,,FIXE,NON,C,12,1,0,48.5,16.0,22.6,12.9,10,85.0,88.7,49.615296,1.54519
3,165801,VOX,HAUTS DE FRANCE,"111,  AVENUE DE LA PLAGE",80333,Fort-Mahon-Plage,1311,80,00000,Zone rurale,14183345,06-autres communes et unités urbaines,1,267,53,907,15481,15009,3.1,De 10 à 20 000 entrées,,NON,NON,,FIXE,NON,R,163,148,9,61.1,31.2,7.4,0.2,57,22.0,8.8,50.339949,1.569107
7,165884,ODYSSEE,PROVENCE-ALPES-COTE D'AZUR,QUARTIER DU MAZETAVENUE RENE CASSIN,13039,Fos-sur-Mer,15685,13,00759,Marseille-Aix-en-Provence,1635844,04-Unités urbaines de 100 000 hbts ou plus,2,392,53,2361,24561,23154,6.1,De 20 à 30 000 entrées,,OUI,C,JPPR,FIXE,NON,B,387,284,15,51.1,29.5,14.3,5.1,224,48.4,28.2,43.453954,4.943629
2,166051,CINEMA DE L YSIEUX,ILE-DE-FRANCE,PLACE JEAN MOULIN,95250,Fosses,9895,95,95303,Fosses,19903,03-Grande couronne,1,195,46,798,10860,27872,-61.0,De 10 à 20 000 entrées,,OUI,D,RDJPPR,FIXE,NON,C,254,181,0,53.7,23.9,17.7,4.6,174,66.0,65.9,49.099464,2.524882
3,166434,LE CLUB,BRETAGNE,FORUM DE LA GARE,35115,Fougères,21121,35,35401,Fougères,28076,05-Unités urbaines de 20 000 à 100 000 hbts,6,1042,53,7851,197869,187269,5.7,De 150 à 200 000 entrées,,OUI,D,JPPR,FIXE,NON,C,345,188,127,51.4,34.0,13.3,1.3,187,25.6,14.8,48.348029,-1.19278
4,166862,Casino,NOUVELLE AQUITAINE,PLACE BUGEAU,17168,Fouras,4069,17,17122,Fouras,4069,06-autres communes et unités urbaines,1,282,53,1057,13723,12803,7.2,De 10 à 20 000 entrées,,OUI,E,,FIXE,NON,I,278,253,1,70.6,15.3,10.3,3.8,181,51.8,44.1,45.990004,-1.097971
5,167043,LE PALACE,HAUTS DE FRANCE,58-60 RUE SAINT LOUIS,59249,Fourmies,11574,59,59306,Fourmies,14437,06-autres communes et unités urbaines,3,456,53,3761,57539,56783,1.3,De 50 à 80 000 entrées,,NON,NON,,FIXE,NON,C,236,189,115,44.2,40.7,13.1,2.0,81,12.6,7.5,50.015313,4.046893
6,167151,L EMBELLIE,AUVERGNE / RHONE-ALPES,46 AVENUE LA LIBERTE,73117,Fourneaux,708,73,73106,Modane,3862,06-autres communes et unités urbaines,1,174,50,320,7152,6942,3.0,De 5 à 10 000 entrées,,OUI,E,JP,FIXE,NON,B,161,135,5,60.1,22.4,16.2,1.4,86,47.9,37.1,45.191425,6.648346
6,168071,CINE FRANCHEVILLE,AUVERGNE / RHONE-ALPES,MONTEE DES ROCHES,69089,Francheville,15046,69,00760,Lyon,1714833,04-Unités urbaines de 100 000 hbts ou plus,1,193,40,98,4143,4637,-10.7,De 2 à 5 000 entrées,,NON,NON,,FIXE,NON,B,66,41,0,49.0,35.3,13.7,2.0,46,73.2,73.7,45.73125,4.765987
2,168193,CINE HENRI LANGLOIS,ILE-DE-FRANCE,32 BIS RUE DE LA STATION,95252,Franconville,37494,95,00851,Paris,10947378,03-Grande couronne,2,518,53,3243,44810,42718,4.9,De 40 à 50 000 entrées,,OUI,C,RDJPPR,FIXE,NON,B,314,222,37,56.2,26.1,15.9,1.8,197,47.9,46.5,48.988437,2.232576
7,168942,LE VOX,PROVENCE-ALPES-COTE D'AZUR,PLACE AGRICOLA,83061,Fréjus,56598,83,83502,Fréjus,101231,04-Unités urbaines de 100 000 hbts ou plus,3,502,53,4423,44018,43381,1.5,De 40 à 50 000 entrées,,OUI,D,PR,FIXE,NON,C,324,213,143,61.4,13.4,18.7,6.5,270,92.2,84.8,43.432981,6.732812
7,168953,CINEMA DU PIN DE LA LEGUE PLEIN AIR,PROVENCE-ALPES-COTE D'AZUR,2700 ROUTE DEPARTEMENTALE 4,83061,Fréjus,56598,83,83502,Fréjus,101231,04-Unités urbaines de 100 000 hbts ou plus,1,450,12,78,8150,8045,1.3,De 5 à 10 000 entrées,,NON,NON,,FIXE,NON,C,37,35,7,51.9,40.2,7.3,0.5,8,12.8,2.4,43.3974611,6.718800399999964
2,169572,M J C,ILE-DE-FRANCE,2 AV DU PARC DES SPORTS,94034,Fresnes,28679,94,00851,Paris,10947378,02-Petite Couronne,1,184,40,274,12467,11332,10.0,De 10 à 20 000 entrées,,OUI,C,JP,FIXE,NON,B,56,16,0,41.0,27.6,14.9,16.5,32,49.2,56.7,48.752796,2.313077
8,170435,MEGA KINE,GRAND EST,ROUTE DE METZ,57240,Freyming-Merlebach,12952,57,57501,Sarrebruck (ALL)-Forbach (partie française),82563,05-Unités urbaines de 20 000 à 100 000 hbts,10,2474,53,17761,215004,228358,-5.8,De 200 à 300 000 entrées,CGR,NON,NON,,FIXE,OUI,C,311,214,172,33.0,48.3,16.7,2.1,93,9.9,6.1,49.141819,6.81071
7,171242,CINE MISTRAL,OCCITANIE,AVENUE FREDERIC MISTRAL,34108,Frontignan,23705,34,34501,Sète,94539,05-Unités urbaines de 20 000 à 100 000 hbts,1,149,53,1657,58184,53794,8.2,De 50 à 80 000 entrées,,OUI,D,JP,FIXE,NON,C,294,223,37,54.5,30.7,11.8,3.0,182,47.1,34.8,43.447733,3.752698
4,171253,CINE FRONTON,OCCITANIE,36 RUE ALAIN DE FELGUIERES,31202,Fronton,6535,31,31205,Fronton,6535,06-autres communes et unités urbaines,1,120,53,901,19448,17473,11.3,De 10 à 20 000 entrées,,OUI,E,JPPR,FIXE,NON,I,263,199,2,58.1,27.8,11.0,3.2,169,46.0,39.3,43.839626,1.390132
7,171650,U PARADISU,CORSE,ROUTE DU VILLAGE,2B120,Furiani,5901,2B,2B501,Bastia,72702,05-Unités urbaines de 20 000 à 100 000 hbts,1,263,53,1340,41064,52207,-21.3,De 40 à 50 000 entrées,,NON,NON,,FIXE,NON,B,71,51,21,30.6,51.1,17.3,0.9,19,12.1,12.4,42.657224,9.423381
3,171881,LE TAHITI,NORMANDIE,AV DE TAHITI,61181,Gacé,1855,61,00000,Zone rurale,14183345,06-autres communes et unités urbaines,1,350,53,292,5715,6918,-17.4,De 5 à 10 000 entrées,,NON,NON,,FIXE,NON,C,198,174,1,58.6,20.6,16.6,4.2,71,29.0,23.0,48.794527,0.298902
2,172043,THEATRE ANDRE MALRAUX,ILE-DE-FRANCE,1 BIS RUE GUILLEMETEAU,93032,Gagny,39817,93,00851,Paris,10947378,02-Petite Couronne,1,450,45,482,10997,11700,-6.0,De 10 à 20 000 entrées,,OUI,C,,FIXE,NON,B,225,176,2,46.6,19.8,13.9,19.8,136,60.5,67.8,48.884043,2.529952
4,172104,IMAG'IN CINEMA L'OLYMPIA,OCCITANIE,RUE JOSEPH RIGAL,81099,Gaillac,15572,81,81304,Gaillac,19162,06-autres communes et unités urbaines,4,709,53,6562,191320,171371,11.6,De 150 à 200 000 entrées,,OUI,E,RDJPPR,FIXE,NON,C,314,220,142,55.0,26.3,14.9,3.8,205,46.3,36.1,43.901202,1.895449
3,172213,GRAND FORUM GAILLON,NORMANDIE,AVENUE JEAN JAURES,27275,Gaillon,6935,27,27303,Gaillon,17560,06-autres communes et unités urbaines,3,505,53,2248,32124,39339,-18.3,De 30 à 40 000 entrées,,NON,NON,,FIXE,NON,C,90,69,45,30.4,51.9,16.3,1.5,18,7.3,7.9,49.15552,1.344766
7,172662,L'ARC EN CIEL,OCCITANIE,7 RUE EMILE PLANCHON,34111,Ganges,4216,34,34212,Ganges,8369,06-autres communes et unités urbaines,1,166,53,1116,22190,18299,21.3,De 20 à 30 000 entrées,,OUI,E,JPPR,FIXE,NON,C,310,248,28,60.7,24.2,11.6,3.5,202,45.8,43.3,43.936455,3.709731
6,172682,LE CHARDON,AUVERGNE / RHONE-ALPES,CSC ALLEES DES TILLEULS,03118,Gannat,6012,03,03202,Gannat,6012,06-autres communes et unités urbaines,1,131,53,964,19838,18300,8.4,De 10 à 20 000 entrées,,OUI,E,JPPR,FIXE,NON,I,264,185,0,59.3,24.1,14.1,2.5,169,48.8,34.6,46.097274,3.197027
7,172741,PALACE,PROVENCE-ALPES-COTE D'AZUR,63 RUE CARNOT,05061,Gap,41528,05,05401,Gap,42010,05-Unités urbaines de 20 000 à 100 000 hbts,6,591,53,8595,156400,138141,13.2,De 150 à 200 000 entrées,,NON,NON,,FIXE,NON,C,173,146,135,47.5,38.7,12.6,1.2,37,12.8,9.4,44.557036,6.078807
7,172743,LE CENTRE,PROVENCE-ALPES-COTE D'AZUR,20 BIS RUE DE L IMPRIMERIE,05061,Gap,41528,05,05401,Gap,42010,05-Unités urbaines de 20 000 à 100 000 hbts,1,274,25,679,8859,19372,-54.3,De 5 à 10 000 entrées,,NON,NON,,FIXE,NON,C,44,27,19,55.9,2.6,38.1,3.3,35,74.7,67.3,44.559365,6.078993
7,172744,LE CLUB,PROVENCE-ALPES-COTE D'AZUR,RUE BON HOTEL,05061,Gap,41528,05,05401,Gap,42010,05-Unités urbaines de 20 000 à 100 000 hbts,1,104,42,1319,21205,21149,0.3,De 20 à 30 000 entrées,,OUI,D,RD,FIXE,NON,C,145,96,47,76.6,2.9,13.6,6.9,133,95.7,96.3,44.55986,6.07839
4,172860,MEGARAMA,NOUVELLE AQUITAINE,Z.E. DE LA PENOTTE,16146,Garat,2158,16,00000,Zone rurale,14183345,06-autres communes et unités urbaines,6,873,53,9952,233232,248109,-6.0,De 200 à 300 000 entrées,MEGARAMA,OUI,E,JP,FIXE,NON,R,253,192,133,46.2,39.3,13.5,1.1,111,18.9,7.3,45.629474,0.233829
2,172914,CINE GARCHES,ILE-DE-FRANCE,86 GRANDE RUE,92033,Garches,17960,92,00851,Paris,10947378,02-Petite Couronne,2,434,45,1110,22130,20842,6.2,De 20 à 30 000 entrées,,OUI,C,JP,FIXE,NON,B,222,173,29,62.3,12.1,22.5,3.2,139,60.1,51.4,48.844239,2.188722
7,172961,Casino,PROVENCE-ALPES-COTE D'AZUR,11 COURS FORBIN,13041,Gardanne,21850,13,00759,Marseille-Aix-en-Provence,1635844,04-Unités urbaines de 100 000 hbts ou plus,2,370,40,308,5949,1194,398.2,De 5 à 10 000 entrées,,NON,NON,,FIXE,NON,B,120,86,1,63.6,17.7,12.1,6.5,86,68.5,64.2,43.454749,5.470731
7,173083,LE ROCHER,PROVENCE-ALPES-COTE D'AZUR,AV MARX DORMOY,83062,La Garde,25876,83,00757,Toulon,598427,04-Unités urbaines de 100 000 hbts ou plus,1,141,39,359,9838,7762,26.7,De 5 à 10 000 entrées,,OUI,C,,FIXE,NON,B,88,48,1,69.3,12.3,14.9,3.4,71,81.1,77.7,43.124317,6.009199
2,173335,LE CUBE GARGES,ILE-DE-FRANCE,AVENUE DU GENERAL DE GAULLE,95268,Garges-lès-Gonesse,43294,95,00851,Paris,10947378,03-Grande couronne,1,196,45,444,11025,5797,90.2,De 10 à 20 000 entrées,,NON,NON,,FIXE,NON,B,197,132,6,39.2,33.0,18.4,9.4,112,60.4,67.7,48.96796387594712,2.406671527799556
4,173432,LE FAMILY,NOUVELLE AQUITAINE,COURS DE LA REPUBLIQUE,64233,Garlin,1375,64,00000,Zone rurale,14183345,06-autres communes et unités urbaines,1,166,51,727,9507,10213,-6.9,De 5 à 10 000 entrées,,OUI,E,JP,FIXE,NON,R,267,230,5,60.2,20.9,11.7,7.1,157,52.4,40.9,43.560669,-0.272312
7,173991,LA COUPOLE,PROVENCE-ALPES-COTE D'AZUR,QUARTIER SAINTE APPOLONIE,06065,La Gaude,7225,06,06701,Nice,966577,04-Unités urbaines de 100 000 hbts ou plus,1,177,50,816,12566,10877,15.5,De 10 à 20 000 entrées,,OUI,C,,FIXE,NON,B,249,227,13,64.6,17.3,16.6,1.5,154,50.2,42.6,43.721609,7.149739
7,174813,ESPACE ALBERT GIRALDI,PROVENCE-ALPES-COTE D'AZUR,AVENUE CESAR BALDACCINI,13042,Gémenos,6827,13,00759,Marseille-Aix-en-Provence,1635844,04-Unités urbaines de 100 000 hbts ou plus,1,323,43,205,4758,3762,26.5,De 2 à 5 000 entrées,,NON,NON,,FIXE,NON,B,131,115,0,49.0,15.9,31.3,3.8,56,40.7,34.3,43.287544,5.6229
4,174961,CINEMA DE GENCAY,NOUVELLE AQUITAINE,PASSAGE DES 3 MARCHANDS,86103,Gençay,1807,86,86110,Gençay,3148,06-autres communes et unités urbaines,1,104,53,1041,22372,25272,-11.5,De 20 à 30 000 entrées,,OUI,E,JPPR,FIXE,NON,C,273,199,0,70.3,16.3,10.9,2.5,201,66.4,62.3,46.374596,0.404662
6,175404,ODEON,BOURGOGNE / FRANCHE-COMTE,3 RUE JEAN JAURES,21292,Genlis,5234,21,21201,Genlis,5234,06-autres communes et unités urbaines,1,266,46,226,9481,7671,23.6,De 5 à 10 000 entrées,,OUI,E,,FIXE,NON,I,177,146,0,65.2,19.1,13.0,2.7,87,46.9,31.1,47.241889,5.217949
2,175513,CINEMA JEAN VIGO,ILE-DE-FRANCE,1 RUE PIERRE ET MARIE CURIE,92036,Gennevilliers,50096,92,00851,Paris,10947378,02-Petite Couronne,2,290,49,2012,40816,38017,7.4,De 40 à 50 000 entrées,,OUI,C,JPPR,FIXE,NON,B,326,208,16,53.9,22.5,19.6,4.0,238,68.4,65.2,48.928469,2.293206
2,175794,LE LAVOIR NUMERIQUE,ILE-DE-FRANCE,10 RUE VICTOR MARQUIGNY,94037,Gentilly,18950,94,00851,Paris,10947378,02-Petite Couronne,1,90,21,38,245,212,15.6,Moins de 2000 entrées,,NON,NON,,FIXE,NON,B,34,5,0,46.9,36.3,3.3,13.5,21,63.2,57.1,48.815668,2.346427
9,175923,CINEMA DU Casino,GRAND EST,"3, AVENUE DE LA VILLE DE VICHY",88196,Gérardmer,8442,88,88206,Gérardmer,9974,06-autres communes et unités urbaines,1,390,52,884,20798,19037,9.3,De 20 à 30 000 entrées,,NON,NON,,FIXE,NON,C,66,59,28,60.9,28.6,10.3,0.3,6,5.3,3.2,48.069277,6.867186
9,175924,CINEMA MCL SLE ANDRE BOURVIL,GRAND EST,1 BD DE ST DIE,88196,Gérardmer,8442,88,88206,Gérardmer,9974,06-autres communes et unités urbaines,1,211,52,848,12438,13123,-5.2,De 10 à 20 000 entrées,,OUI,E,JP,FIXE,NON,C,173,130,8,64.6,7.3,22.1,5.9,135,76.1,69.6,48.071742,6.881569
6,176722,LE CLUB,AUVERGNE / RHONE-ALPES,ROUTE TANINGES,74134,Les Gets,1250,74,00000,Zone rurale,14183345,06-autres communes et unités urbaines,1,220,26,328,9886,7113,39.0,De 5 à 10 000 entrées,,NON,NON,,FIXE,NON,R,90,73,43,53.2,29.9,16.9,0.0,23,14.0,7.1,46.152434,6.657281
6,176873,CINEMA LE PATIO,AUVERGNE / RHONE-ALPES,AVENUE DE LA GARE,01173,Gex,13467,01,01401,Gex,20833,05-Unités urbaines de 20 000 à 100 000 hbts,1,110,53,1138,13260,11484,15.5,De 10 à 20 000 entrées,,OUI,E,RDJPPR,FIXE,NON,C,355,208,3,49.7,16.6,23.0,10.8,252,70.1,66.6,46.332254,6.05905
3,177119,LE GRAND CLUB,CENTRE-VAL DE LOIRE,56 PLACE DE LA VICTOIRE,45155,Gien,13716,45,45302,Gien,14902,06-autres communes et unités urbaines,3,357,53,4396,91246,45859,99.0,De 80 à 100 000 entrées,,OUI,E,JP,FIXE,NON,C,256,184,90,48.7,35.7,13.9,1.7,122,23.7,14.6,47.67081645585912,2.66456988994626
6,177140,LE LAUSSY,AUVERGNE / RHONE-ALPES,15 RUE VICTOR HUGO,38179,Gières,7227,38,38701,Grenoble,461802,04-Unités urbaines de 100 000 hbts ou plus,1,294,11,11,874,585,49.4,Moins de 2000 entrées,,NON,NON,,FIXE,NON,B,11,9,1,85.1,7.0,7.9,0.0,3,27.3,16.7,45.1800066,5.791162699999973
2,177201,LE CENTRAL,ILE-DE-FRANCE,SQUARE DE LA MAIRIE,91272,Gif-sur-Yvette,21996,91,00851,Paris,10947378,03-Grande couronne,1,155,49,1155,16670,15579,7.0,De 10 à 20 000 entrées,UGC,OUI,C,,FIXE,NON,B,159,71,27,72.6,11.4,11.8,4.2,111,69.1,59.4,48.701701,2.13387
4,177663,CINEMA DE LA COMMUNAUTE DE COMMUNE,OCCITANIE,53 BOULEVARD DU NORD,32147,Gimont,3078,32,32102,Gimont,3078,06-autres communes et unités urbaines,1,97,46,247,5046,4952,1.9,De 5 à 10 000 entrées,,OUI,E,JP,FIXE,NON,I,173,136,15,58.2,21.8,17.2,2.8,90,54.1,41.3,43.626338,0.878691
6,178023,CINE VOLANT,BOURGOGNE / FRANCHE-COMTE,1 BOULEVARD DU PLESSIS DE RICHELIEU,90052,Giromagny,2994,90,90201,Giromagny,5885,06-autres communes et unités urbaines,1,,9,26,1991,,#VALEUR !,Moins de 2000 entrées,,NON,NON,,ITINERANT,NON,C,14,10,0,77.7,18.4,3.9,0.0,9,77.3,80.2,47.629547,6.8600673
3,178231,JOUR DE FETE,NORMANDIE,74 RUE DE VIENNE,27284,Gisors,12046,27,00357,Gisors,14305,06-autres communes et unités urbaines,1,207,53,1192,17161,17694,-3.0,De 10 à 20 000 entrées,,OUI,E,JP,FIXE,NON,C,237,199,3,62.2,22.2,14.2,1.4,114,43.5,34.7,49.279682,1.774186
3,178423,LE MANEGE,GRAND EST,PLACE JACQUES SOURDILLE,08190,Givet,6487,08,08207,Givet,8296,06-autres communes et unités urbaines,2,465,53,1287,25654,25513,0.6,De 20 à 30 000 entrées,,NON,NON,,FIXE,NON,C,163,129,15,36.9,46.5,14.9,1.7,52,16.8,17.4,50.135351,4.82068
6,178464,MEGARAMA,AUVERGNE / RHONE-ALPES,9 AVENUE GEORGES CHARPAK,69091,Givors,20798,69,00760,Lyon,1714833,04-Unités urbaines de 100 000 hbts ou plus,7,1187,53,11846,90490,8551,958.2,De 80 à 100 000 entrées,MEGARAMA,NON,NON,,FIXE,NON,B,253,179,124,32.8,50.8,14.5,1.9,78,9.7,6.8,45.586463,4.764159
2,179852,CINE THEATRE JACQUES PREVERT,ILE-DE-FRANCE,PLACE AIME-CESAIRE,95277,Gonesse,25950,95,00851,Paris,10947378,03-Grande couronne,1,223,50,1385,31320,29672,5.6,De 30 à 40 000 entrées,,OUI,C,JPPR,FIXE,NON,B,310,203,1,48.6,28.6,17.9,5.0,198,62.9,64.0,48.999982,2.428131
3,179902,LA POINTE DE CAUX,NORMANDIE,RUE PIERRE GLENISSON,76305,Gonfreville-l'Orcher,9101,76,76701,Le Havre,233828,04-Unités urbaines de 100 000 hbts ou plus,1,337,22,183,6538,6221,5.1,De 5 à 10 000 entrées,,NON,NON,,FIXE,NON,B,63,37,0,48.3,26.7,21.1,3.8,22,31.6,35.7,49.504857,0.228509
3,180261,GORRON CINEMA,PAYS DE LA LOIRE,23 BOULEVARD FAVRIE,53107,Gorron,2596,53,53103,Gorron,2596,06-autres communes et unités urbaines,1,272,48,314,8439,9126,-7.5,De 5 à 10 000 entrées,,OUI,E,JP,FIXE,NON,I,185,145,2,51.3,25.4,16.6,6.7,75,34.8,39.0,48.413307,-0.814298
4,181262,L'ATALANTE,OCCITANIE,4 BOULEVARD DES MARTYRS,46127,Gourdon,4086,46,46107,Gourdon,4767,06-autres communes et unités urbaines,2,290,52,2130,28189,27547,2.3,De 20 à 30 000 entrées,,OUI,E,RDJPPR,FIXE,NON,I,369,261,15,60.2,21.4,13.5,4.9,240,41.3,36.8,44.737405,1.38428
3,181351,JEANNE D ARC,BRETAGNE,RUE HUGOT DERVILLE,56066,Gourin,3935,56,56117,Gourin,3935,06-autres communes et unités urbaines,1,227,53,1391,19367,18226,6.3,De 10 à 20 000 entrées,,OUI,E,RDJPPR,FIXE,NON,I,382,276,16,56.0,29.8,11.7,2.6,230,45.2,29.1,48.141023,-3.606192
3,181422,LES ECRANS,NORMANDIE,6 BIS PLACE NATIONALE,76312,Gournay-en-Bray,6120,76,76204,Gournay-en-Bray,7807,06-autres communes et unités urbaines,2,319,52,1930,43856,42629,2.9,De 40 à 50 000 entrées,,OUI,E,JPPR,FIXE,NON,C,310,251,35,54.5,31.2,12.3,2.0,181,41.0,21.9,49.482406,1.723715
2,181553,THEATRE SARAH BERNHARDT,ILE-DE-FRANCE,82 BD PAUL VAILLANT COUTURIER,95280,Goussainville,31052,95,00851,Paris,10947378,03-Grande couronne,1,562,2,3,461,1119,-58.8,Moins de 2000 entrées,,NON,NON,,FIXE,NON,B,1,0,0,100.0,0.0,0.0,0.0,1,100.0,100.0,49.03242,2.471796
4,182282,L'ATELIER,OCCITANIE,AVENUE PAUL MAZET,46128,Gramat,3539,46,46103,Gramat,3539,06-autres communes et unités urbaines,1,158,53,777,18672,17662,5.7,De 10 à 20 000 entrées,,OUI,E,,FIXE,NON,I,247,198,0,55.8,28.3,12.7,3.2,130,40.4,28.7,44.775936,1.72351
6,182461,LES RHODOS,AUVERGNE / RHONE-ALPES,ESPACE GRAND BORNAND,74136,Le Grand-Bornand,2135,74,74101,Le Grand-Bornand,2135,06-autres communes et unités urbaines,1,199,30,354,8056,8944,-9.9,De 5 à 10 000 entrées,,NON,NON,,FIXE,NON,I,143,112,42,58.3,24.9,14.4,2.4,55,26.4,20.2,45.935346,6.473902
6,182462,LE CHARMIEUX,AUVERGNE / RHONE-ALPES,LE CHINAILLON,74136,Le Grand-Bornand,2135,74,74101,Le Grand-Bornand,2135,06-autres communes et unités urbaines,1,150,28,328,5206,5494,-5.2,De 5 à 10 000 entrées,,NON,NON,,FIXE,NON,I,121,100,44,62.7,24.8,12.0,0.5,42,22.1,15.8,45.969321,6.446761
5,182931,LE VARLIN,HAUTS DE FRANCE,RUE DENIS PAPIN,59271,Grande-Synthe,20840,59,59602,Dunkerque,164347,04-Unités urbaines de 100 000 hbts ou plus,1,227,50,892,27382,25632,6.8,De 20 à 30 000 entrées,,NON,NON,,FIXE,NON,B,134,103,5,51.1,30.1,13.1,5.7,42,23.4,28.1,51.018143,2.300028
3,183301,GAUMONT GRAND QUEVILLY,NORMANDIE,26 BD PIERRE BROSSOLETTE,76322,Le Grand-Quevilly,26269,76,00755,Rouen,481277,04-Unités urbaines de 100 000 hbts ou plus,16,3828,53,26658,576981,602124,-4.2,De 450 à 700 000 entrées,CINEMAS PATHE,NON,NON,,FIXE,OUI,B,410,252,195,35.2,46.2,15.8,2.8,134,10.9,6.2,49.413966,1.041562
7,183942,ESPACE ROBERT HOSSEIN,PROVENCE-ALPES-COTE D'AZUR,BOULEVARD VICTOR JAUFFRET,13044,Grans,5286,13,13501,Salon-de-Provence,62587,05-Unités urbaines de 20 000 à 100 000 hbts,1,295,50,1074,16975,17238,-1.5,De 10 à 20 000 entrées,,OUI,D,RDJPPR,FIXE,NON,B,264,183,2,63.6,12.2,15.1,9.0,220,79.5,70.1,43.608373,5.064398
3,183951,SELECT,NORMANDIE,7 BD D HAUTESERVE,50218,Granville,13230,50,50402,Granville,26939,05-Unités urbaines de 20 000 à 100 000 hbts,3,514,53,5249,124286,111792,11.2,De 100 à 150 000 entrées,,OUI,D,JPPR,FIXE,NON,C,422,226,105,57.1,28.4,12.6,1.9,222,37.1,25.3,48.837706,-1.594566
7,184053,CINEMA  STUDIO,PROVENCE-ALPES-COTE D'AZUR,15 RUE DU JEU DE BALLON,06069,Grasse,49607,06,06701,Nice,966577,04-Unités urbaines de 100 000 hbts ou plus,2,230,49,1998,15084,16133,-6.5,De 10 à 20 000 entrées,,NON,NON,,FIXE,NON,B,392,314,40,64.0,11.4,18.1,6.6,267,65.2,67.4,43.659584,6.922053
7,184213,VOG,OCCITANIE,RUE DES IRIS,30133,Le Grau-du-Roi,8426,30,00361,Le Grau-du-Roi,17147,06-autres communes et unités urbaines,2,425,52,2650,44391,47264,-6.1,De 40 à 50 000 entrées,,OUI,E,RDJP,FIXE,NON,B,327,272,111,65.5,19.4,12.8,2.3,192,41.9,30.0,43.544412,4.131107
4,184252,CINEMA VERTIGO,OCCITANIE,RUE DE LA MEGISSERIE,81105,Graulhet,13153,81,81302,Graulhet,13893,06-autres communes et unités urbaines,2,280,52,2116,45038,40974,9.9,De 40 à 50 000 entrées,,OUI,E,JP,FIXE,NON,I,149,105,45,47.5,35.8,12.2,4.5,84,25.4,25.8,43.760736,1.999613
5,184364,CINEMA SPORTICA,HAUTS DE FRANCE,LE POLDER CENTRE ZAC DU POLDER,59273,Gravelines,11175,59,59602,Dunkerque,164347,04-Unités urbaines de 100 000 hbts ou plus,2,369,50,1585,24460,29408,-16.8,De 20 à 30 000 entrées,,OUI,C,JP,FIXE,NON,B,242,193,33,40.4,41.1,15.2,3.3,100,27.4,17.1,51.003064,2.131258
9,184581,CINEMAVIA,BOURGOGNE / FRANCHE-COMTE,3 QUAI MAVIA,70279,Gray,5980,70,70202,Gray,10000,06-autres communes et unités urbaines,2,252,51,1665,34721,34544,0.5,De 30 à 40 000 entrées,,OUI,E,JPPR,FIXE,NON,C,224,132,24,52.9,32.0,12.3,2.7,137,44.4,28.2,47.448741,5.587904
4,184852,L'ENTRACT,OCCITANIE,MAIRIE AVENUE LAZARE CARNOT,31232,Grenade,9016,31,31209,Grenade,9016,06-autres communes et unités urbaines,1,250,53,562,21690,19603,10.6,De 20 à 30 000 entrées,,OUI,E,JP,FIXE,NON,I,271,214,0,59.0,23.8,15.2,2.0,158,50.8,42.3,43.76859,1.296013
6,185002,REX,AUVERGNE / RHONE-ALPES,13 RUE ST JACQUES,38185,Grenoble,160483,38,38701,Grenoble,461802,04-Unités urbaines de 100 000 hbts ou plus,6,1009,13,2643,15480,82773,-81.3,De 10 à 20 000 entrées,,NON,NON,,FIXE,NON,C,37,21,20,47.1,30.5,18.3,4.1,7,12.7,8.2,45.189425,5.728332
6,185023,CLUB,AUVERGNE / RHONE-ALPES,9 BIS RUE DU PHALANSTERE,38185,Grenoble,160483,38,38701,Grenoble,461802,04-Unités urbaines de 100 000 hbts ou plus,5,479,53,9111,121721,131533,-7.5,De 100 à 150 000 entrées,,OUI,A,RD,FIXE,NON,C,322,195,180,57.5,10.8,24.4,7.3,288,93.7,91.4,45.187177,5.722453
6,185044, NEF,AUVERGNE / RHONE-ALPES,18 BD EDOUARD REY,38185,Grenoble,160483,38,38701,Grenoble,461802,04-Unités urbaines de 100 000 hbts ou plus,7,849,53,11106,116781,98405,18.7,De 100 à 150 000 entrées,,NON,NON,,FIXE,NON,C,180,142,113,55.5,26.7,14.6,3.2,79,32.9,28.7,45.190618,5.723517
6,185116,PATHE GRENOBLE,AUVERGNE / RHONE-ALPES,21 BOULEVARD MARECHAL LYAUTEY,38185,Grenoble,160483,38,38701,Grenoble,461802,04-Unités urbaines de 100 000 hbts ou plus,10,2950,53,14600,454715,443497,2.5,De 450 à 700 000 entrées,CINEMAS PATHE,NON,NON,,FIXE,OUI,C,384,201,172,35.3,42.8,17.0,4.9,161,34.8,22.7,45.185486,5.731291
7,185173,ECOCINE VERDON,PROVENCE-ALPES-COTE D'AZUR,AVENUE PIERRE BROSSOLETTE,04094,Gréoux-les-Bains,2825,04,04102,Gréoux-les-Bains,2825,06-autres communes et unités urbaines,2,641,53,2158,30537,27525,10.9,De 30 à 40 000 entrées,,OUI,E,JP,FIXE,NON,I,196,158,11,73.5,14.4,11.0,1.1,124,40.0,31.9,43.757246,5.886021
7,185175,CIRCUIT VERDON SECRET,PROVENCE-ALPES-COTE D'AZUR,AVENUE PIERRE BROSSOLETTE,04094,Gréoux-les-Bains,2825,04,04102,Gréoux-les-Bains,2825,06-autres communes et unités urbaines,1,,5,13,461,,#VALEUR !,Moins de 2000 entrées,,NON,NON,,ITINERANT,NON,I,5,4,0,61.7,30.9,7.4,0.0,1,14.3,7.4,43.757189,5.886009
6,185241,LE SCIALET,AUVERGNE / RHONE-ALPES,LES DOLOMITES,38186,Gresse-en-Vercors,380,38,00000,Zone rurale,14183345,06-autres communes et unités urbaines,1,154,53,106,3467,2521,37.5,De 2 à 5 000 entrées,,NON,NON,,FIXE,NON,R,77,67,1,61.4,24.7,11.9,2.0,25,25.5,23.2,44.900658,5.555056
3,186232,CINEMA DES FAMILLES,BRETAGNE,3 RUE DU GRIPP,56069,Groix,2303,56,00000,Zone rurale,14183345,06-autres communes et unités urbaines,1,236,53,311,11873,12613,-5.9,De 10 à 20 000 entrées,,OUI,E,JPPR,FIXE,NON,R,255,189,1,70.1,10.2,13.3,6.4,201,78.2,67.3,47.641631,-3.45272
8,187022,FLORIVAL,GRAND EST,9-11 RUE DE L'ANCIEN HÔPITAL,68112,Guebwiller,11281,68,68401,Guebwiller,29169,05-Unités urbaines de 20 000 à 100 000 hbts,5,740,53,6926,126447,135441,-6.6,De 100 à 150 000 entrées,,OUI,D,JPPR,FIXE,NON,C,329,216,110,39.2,39.1,19.3,2.4,177,25.1,17.5,47.908949,7.211201
3,187191,L ODEON,PAYS DE LA LOIRE,7 PLACE DE L EGLISE,44067,Guémené-Penfao,5322,44,44203,Guémené-Penfao,5322,06-autres communes et unités urbaines,1,165,52,325,6256,6722,-6.9,De 5 à 10 000 entrées,,OUI,E,,FIXE,NON,I,145,111,1,67.9,20.8,9.3,2.0,53,28.7,22.5,47.630162,-1.8325
3,187201,SALLE ROCH,BRETAGNE,13 RUE ST ROCH,56073,Guémené-sur-Scorff,1074,56,00000,Zone rurale,14183345,06-autres communes et unités urbaines,1,201,53,657,12709,12228,3.9,De 10 à 20 000 entrées,,OUI,E,JPPR,FIXE,NON,R,351,225,3,58.8,22.1,15.8,3.4,229,54.3,39.4,48.064952,-3.208011
3,187365,QUAI 56,BRETAGNE,AVENUE DU GENERAL DE GAULLE,56075,Guer,6378,56,56207,Guer,6378,06-autres communes et unités urbaines,1,184,51,565,13288,14000,-5.1,De 10 à 20 000 entrées,,OUI,E,,FIXE,NON,C,248,191,0,52.8,22.1,16.9,8.1,139,43.2,35.7,47.907692,-2.118355
3,187441,LE BRETAGNE,BRETAGNE,2 RUE DES SABLONNIERES,35125,La Guerche-de-Bretagne,4392,35,35204,La Guerche-de-Bretagne,5511,06-autres communes et unités urbaines,1,270,49,341,10283,9828,4.6,De 10 à 20 000 entrées,,OUI,E,,FIXE,NON,C,238,203,0,68.6,20.0,9.2,2.2,139,49.2,27.7,47.941328,-1.226507
4,187515,SENECHAL,NOUVELLE AQUITAINE,1 RUE DU SENECHAL,23096,Guéret,13327,23,23301,Guéret,14402,06-autres communes et unités urbaines,5,695,53,6330,94701,92816,2.0,De 80 à 100 000 entrées,,OUI,E,RDJPPR,FIXE,NON,C,401,313,117,48.2,35.2,12.9,3.7,253,38.2,24.8,46.169796,1.867356
4,187793,GETARI ENEA,NOUVELLE AQUITAINE,77 RUE DE L EGLISE,64249,Guéthary,1365,64,00751,Bayonne (partie française),267184,04-Unités urbaines de 100 000 hbts ou plus,1,128,52,1111,13432,13055,2.9,De 10 à 20 000 entrées,,OUI,C,JP,FIXE,NON,B,287,242,13,63.0,9.8,18.3,8.9,245,85.8,77.8,43.420117,-1.60616
6,187852,LE DANTON,BOURGOGNE / FRANCHE-COMTE,10 RUE DANTON,71230,Gueugnon,6862,71,71206,Gueugnon,6862,06-autres communes et unités urbaines,1,180,53,1119,15060,13840,8.8,De 10 à 20 000 entrées,,OUI,E,RDJPPR,FIXE,NON,I,251,191,8,58.2,26.3,11.8,3.8,132,35.1,31.5,46.600458,4.067349
3,188041,LE BRETAGNE,BRETAGNE,PEGUIN,35126,Guichen,8968,35,35221,Guichen,8968,06-autres communes et unités urbaines,2,284,53,844,26784,28644,-6.5,De 20 à 30 000 entrées,,OUI,E,JPPR,FIXE,NON,I,295,232,8,62.7,20.0,14.4,2.9,183,52.7,43.6,47.990181,-1.796621
6,188251,SALLE MUNICIPALE,AUVERGNE / RHONE-ALPES,222 AV GEORGES CLEMENCEAU,07102,Guilherand-Granges,11154,07,00652,Valence,135081,04-Unités urbaines de 100 000 hbts ou plus,1,238,47,285,26051,20910,24.6,De 20 à 30 000 entrées,,NON,NON,,FIXE,NON,B,93,66,0,76.4,13.9,9.8,0.0,34,28.0,20.2,44.932115,4.875562
7,188341, LE RIOUBEL,PROVENCE-ALPES-COTE D'AZUR,QUARTIER LA LONGEAGNE,05065,Guillestre,2374,05,05104,Guillestre,3361,06-autres communes et unités urbaines,1,185,48,726,10638,11106,-4.2,De 10 à 20 000 entrées,,OUI,E,JP,FIXE,NON,C,198,154,8,59.8,26.6,11.9,1.7,108,38.0,34.2,44.662223,6.649662
3,188591,LES KORRIGANS,BRETAGNE,6 RUE SAINT NICOLAS,22070,Guingamp,7682,22,22401,Guingamp,23280,05-Unités urbaines de 20 000 à 100 000 hbts,2,438,53,4906,97075,95412,1.7,De 80 à 100 000 entrées,,OUI,D,RDJPPR,FIXE,NON,C,747,535,333,52.6,32.1,13.1,2.2,451,39.4,22.0,48.559935,-3.148205
3,188681,ALLIANCE,BRETAGNE,22 RUE DE VANNES,35176,Guipry-Messac,7323,35,35214,Guipry-Messac,7323,06-autres communes et unités urbaines,1,185,53,731,16448,15441,6.5,De 10 à 20 000 entrées,,OUI,E,JP,FIXE,NON,B,280,226,13,52.7,30.4,11.8,5.1,143,39.3,28.0,47.8255858,-1.8447579999999562
3,188762,VOX,HAUTS DE FRANCE,"58, RUE LESUR",02361,Guise,4628,02,02119,Guise,4628,06-autres communes et unités urbaines,1,160,43,493,9888,10685,-7.5,De 5 à 10 000 entrées,,NON,NON,,FIXE,NON,I,153,125,0,62.6,26.1,10.6,0.7,54,20.6,13.9,49.898867,3.627448
4,188933,Gérard Philipe,NOUVELLE AQUITAINE,PLACE DU MARCHE   LA HUME,33199,Gujan-Mestras,22485,33,33501,La Teste-de-Buch-Arcachon,69504,05-Unités urbaines de 20 000 à 100 000 hbts,1,182,53,864,31540,32272,-2.3,De 30 à 40 000 entrées,,OUI,D,,FIXE,NON,C,293,230,27,67.9,13.8,13.5,4.8,195,54.5,51.5,44.638602,-1.111896
4,189661,AQUITAINE,NOUVELLE AQUITAINE,1 RUE CARNOT,40119,Hagetmau,4739,40,40203,Hagetmau,5456,06-autres communes et unités urbaines,1,415,49,607,8780,6997,25.5,De 5 à 10 000 entrées,,OUI,E,JP,FIXE,NON,C,219,192,5,66.2,22.5,9.5,1.8,101,39.2,27.4,43.656112,-0.592314
8,189741,MEGAREX,GRAND EST,5 RUE GEORGES MELIES,67180,Haguenau,36009,67,67501,Haguenau,61305,05-Unités urbaines de 20 000 à 100 000 hbts,10,1650,53,12338,255344,259214,-1.5,De 200 à 300 000 entrées,,NON,NON,,FIXE,OUI,C,234,164,146,32.5,48.9,17.2,1.3,49,9.5,4.9,48.80003,7.834416
4,189830,L'ENTREPOT DES JALLES,NOUVELLE AQUITAINE,13 RUE GEORGES CLEMENCEAU,33200,Le Haillan,11756,33,33701,Bordeaux,1008323,04-Unités urbaines de 100 000 hbts ou plus,1,480,44,252,4885,4447,9.8,De 2 à 5 000 entrées,,NON,NON,,FIXE,NON,B,157,131,1,59.0,23.2,15.8,2.0,73,36.2,33.6,44.874611,-0.677018
5,190194,LE FAMILIA,HAUTS DE FRANCE,PLACE JACQUARD,59279,Halluin,20934,59,59702,Lille (partie française),1062844,04-Unités urbaines de 100 000 hbts ou plus,1,218,50,532,24154,21537,12.2,De 20 à 30 000 entrées,,NON,NON,,FIXE,NON,B,195,136,0,46.0,36.3,16.1,1.5,76,25.2,17.3,50.780027,3.127664
3,190281,LE MELIES,HAUTS DE FRANCE,"7, RUE DU THEATRE",80410,Ham,4595,80,80206,Ham,7227,06-autres communes et unités urbaines,1,198,53,524,14570,14226,2.4,De 10 à 20 000 entrées,,OUI,E,,FIXE,NON,C,225,196,2,55.7,28.9,12.4,3.1,90,29.6,19.5,49.747151,3.074474
5,191372,LE PRÉVERT,HAUTS DE FRANCE,RUE DE MONTCEAU-LES-MINES,62413,Harnes,12369,62,00756,Douai-Lens,510310,04-Unités urbaines de 100 000 hbts ou plus,1,362,45,538,22479,21518,4.5,De 20 à 30 000 entrées,,NON,NON,,FIXE,NON,B,148,95,0,38.5,38.2,19.5,3.9,48,20.8,18.6,50.445859,2.905974
4,191591,HARITZ BARNE,NOUVELLE AQUITAINE,7 RUE YATS,64256,Hasparren,7808,64,64204,Hasparren,7808,06-autres communes et unités urbaines,1,193,52,646,13082,11911,9.8,De 10 à 20 000 entrées,,OUI,E,JP,FIXE,NON,I,238,205,3,58.0,25.1,11.8,5.2,123,45.2,34.9,43.382881,-1.306533
6,192631,NOVELTY,AUVERGNE / RHONE-ALPES,RUE DE LA REPUBLIQUE,01185,Hauteville-Lompnes,4981,01,01129,Plateau d'Hauteville,4981,06-autres communes et unités urbaines,1,177,49,624,10998,8969,22.6,De 10 à 20 000 entrées,,OUI,E,,FIXE,NON,I,180,159,1,60.2,28.4,9.7,1.6,77,25.9,29.7,45.977393,5.601461
3,192961,CINEMA DE LA PLAGE,NORMANDIE,34 RUE DE L AUMESLE,50231,Hauteville-sur-Mer,712,50,50101,Montmartin-sur-Mer,2140,06-autres communes et unités urbaines,2,282,53,1757,38940,36947,5.4,De 30 à 40 000 entrées,,OUI,E,RDJPPR,FIXE,NON,R,356,265,47,65.7,23.2,9.5,1.6,224,46.6,30.5,48.977726,-1.557167
3,193111,SIRIUS,NORMANDIE,5 RUE DUGUESCLIN,76351,Le Havre,167658,76,76701,Le Havre,233828,04-Unités urbaines de 100 000 hbts ou plus,5,492,53,7386,149574,140692,6.3,De 100 à 150 000 entrées,,OUI,A,RDJP,FIXE,NON,C,282,209,170,60.9,15.4,20.6,3.1,224,73.3,67.3,49.501072,0.145711
3,193185,LE STUDIO,NORMANDIE,3 RUE DU GENERAL SARRAIL,76351,Le Havre,167658,76,76701,Le Havre,233828,04-Unités urbaines de 100 000 hbts ou plus,1,86,48,1304,17297,20264,-14.6,De 10 à 20 000 entrées,,OUI,A,JPPR,FIXE,NON,C,136,5,0,41.8,17.5,23.0,17.7,129,98.0,97.6,49.492799,0.120219
3,193373,GAUMONT,NORMANDIE,QUAI DES ANTILLES,76351,Le Havre,167658,76,76701,Le Havre,233828,04-Unités urbaines de 100 000 hbts ou plus,12,2336,53,19810,350530,379470,-7.6,De 300 à 450 000 entrées,CINEMAS PATHE,NON,NON,,FIXE,OUI,C,366,242,188,32.2,48.0,17.4,2.4,122,14.0,6.8,49.48976,0.131344
2,193442,LA TOURNELLE,ILE-DE-FRANCE,14 RUE DISPAN,94038,L' Haÿ-les-Roses,31847,94,00851,Paris,10947378,02-Petite Couronne,1,274,48,1232,33407,30357,10.0,De 30 à 40 000 entrées,,OUI,C,JP,FIXE,NON,B,281,176,6,61.5,20.1,12.3,6.2,193,63.3,57.0,48.779749,2.339014
3,193591,RIALTO,NORMANDIE,RUE DE LA LIBERATION,50236,La Haye,4078,50,50110,La Haye,4078,06-autres communes et unités urbaines,1,250,51,719,16593,13822,20.0,De 10 à 20 000 entrées,,OUI,E,JP,FIXE,NON,C,258,206,1,72.4,15.3,11.3,1.0,142,45.0,30.6,49.288956,-1.544392
5,193731,ARC EN CIEL,HAUTS DE FRANCE,9 RUE FERDINAND PIHEN,59295,Hazebrouck,21869,59,59401,Hazebrouck,25018,05-Unités urbaines de 20 000 à 100 000 hbts,4,540,53,5143,140294,131040,7.1,De 100 à 150 000 entrées,,OUI,D,JP,FIXE,NON,C,255,180,101,50.6,34.1,14.0,1.2,112,17.3,12.6,50.724833,2.533715
4,194541,VARIETES,NOUVELLE AQUITAINE,12 RUE DU THEATRE,64260,Hendaye,18071,64,00751,Bayonne (partie française),267184,04-Unités urbaines de 100 000 hbts ou plus,1,324,50,894,19292,18013,7.1,De 10 à 20 000 entrées,,OUI,C,,FIXE,NON,B,292,230,10,53.5,24.5,17.3,4.7,182,54.6,43.5,43.355543,-1.773311
5,194671,CINEVILLE,HAUTS DE FRANCE,AVENUE DU BORD DES EAUX,62427,Hénin-Beaumont,26258,62,00756,Douai-Lens,510310,04-Unités urbaines de 100 000 hbts ou plus,12,2344,53,18053,517767,526223,-1.6,De 450 à 700 000 entrées,CINEVILLE,NON,NON,,FIXE,OUI,C,426,271,213,33.5,48.1,16.3,2.1,157,13.9,6.0,50.409044,2.9707
3,195211,LE GEN ERIC,PAYS DE LA LOIRE,RUE DE L'OCEAN,44073,Héric,6523,44,44208,Héric,6523,06-autres communes et unités urbaines,3,621,53,2845,94026,82779,13.6,De 80 à 100 000 entrées,,OUI,E,RDJPPR,FIXE,NON,I,357,267,71,55.2,31.6,11.7,1.5,242,45.5,23.0,47.414702,-1.655686
3,195741,CAFE DES IMAGES,NORMANDIE,4 SQUARE DU THEATRE,14327,Hérouville-Saint-Clair,22388,14,14701,Caen,212405,04-Unités urbaines de 100 000 hbts ou plus,4,1009,53,6218,113246,111077,2.0,De 100 à 150 000 entrées,,OUI,C,RDJPPR,FIXE,NON,B,404,198,159,58.6,20.2,13.9,7.3,339,87.2,81.4,49.202885,-0.332513
3,196901,SONHIR,HAUTS DE FRANCE,80 RUE CHARLES DE GAULLE,02381,Hirson,8874,02,02203,Hirson,9747,06-autres communes et unités urbaines,3,436,53,3194,52447,57777,-9.2,De 50 à 80 000 entrées,,NON,NON,,FIXE,NON,C,280,181,88,41.7,42.2,15.0,1.2,106,14.4,8.6,49.920188,4.084108
3,197622,CINEMA HENRI JEANSON,NORMANDIE,COURS DES FOSSES,14333,Honfleur,6933,14,00454,Honfleur,21765,05-Unités urbaines de 20 000 à 100 000 hbts,1,199,50,792,15337,14557,5.4,De 10 à 20 000 entrées,,NON,NON,,FIXE,NON,C,182,149,5,52.8,29.9,16.5,0.9,86,31.2,25.6,49.419105,0.234146
3,198581,Casino,NORMANDIE,41 RUE HENRI DOBERT,14338,Houlgate,1728,14,14402,Dives-sur-Mer,36529,05-Unités urbaines de 20 000 à 100 000 hbts,1,262,51,894,21242,19567,8.6,De 20 à 30 000 entrées,,OUI,D,,FIXE,NON,B,228,183,12,68.3,16.1,14.4,1.3,147,40.4,33.8,49.304867,-0.074371
4,198721,LOU HAPCHOT,NOUVELLE AQUITAINE,8 RUE LACHANAU,33203,Hourtin,4037,33,33116,Hourtin,4037,06-autres communes et unités urbaines,1,210,53,605,13271,13843,-4.1,De 10 à 20 000 entrées,,OUI,E,,FIXE,NON,I,256,222,12,63.3,23.6,11.2,2.0,116,33.4,22.9,45.184656,-1.059343
3,199121,ARTHUS CINE,BRETAGNE,VENELLE CARN AR GUILLOU,29081,Huelgoat,1431,29,00000,Zone rurale,14183345,06-autres communes et unités urbaines,1,97,53,598,8750,8609,1.6,De 5 à 10 000 entrées,,OUI,E,JPPR,FIXE,NON,R,278,196,1,51.2,24.2,20.1,4.5,201,68.7,54.5,48.363571,-3.746066
6,199153,PALAIS,AUVERGNE / RHONE-ALPES,AVENUE DE BRANDES,38191,Huez,1330,38,00000,Zone rurale,14183345,06-autres communes et unités urbaines,2,258,29,450,6546,7280,-10.1,De 5 à 10 000 entrées,,NON,NON,,FIXE,NON,R,122,101,34,52.6,30.3,15.0,2.2,43,22.1,12.8,45.090313,6.07033
7,199831,OLBIA,PROVENCE-ALPES-COTE D'AZUR,4 RUE DU SOLDAT BELLON,83069,Hyères,55528,83,00757,Toulon,598427,04-Unités urbaines de 100 000 hbts ou plus,6,730,53,7655,130389,130923,-0.4,De 100 à 150 000 entrées,,OUI,C,,FIXE,NON,B,242,141,106,55.1,29.6,13.5,1.8,133,33.9,25.9,43.118684,6.128014
4,199951,MERIDIEN,OCCITANIE,ROUTE DE PAU,65226,Ibos,3043,65,00000,Zone rurale,14183345,06-autres communes et unités urbaines,4,1052,52,3902,60844,62243,-2.2,De 50 à 80 000 entrées,,OUI,E,RDJPPR,FIXE,NON,R,508,203,60,63.7,11.5,16.5,8.3,423,88.0,88.7,43.242508,-0.005686
3,200262,LE CUBE,CENTRE-VAL DE LOIRE,14 ROUTE DE CHINON,37119,L' Île-Bouchard,1556,37,00000,Zone rurale,14183345,06-autres communes et unités urbaines,1,179,47,152,3815,3390,12.5,De 2 à 5 000 entrées,,NON,NON,,FIXE,NON,R,103,80,0,74.9,8.6,13.3,3.1,59,48.3,34.0,47.125566,0.414813
4,200332,CINE ILAIS,PAYS DE LA LOIRE,RUE PETIT CHIRON  PORT JOINVILLE,85113,L' Île-d'Yeu,5008,85,85136,L'Île-d'Yeu,5008,06-autres communes et unités urbaines,1,216,53,867,32423,30972,4.7,De 30 à 40 000 entrées,,OUI,E,JP,FIXE,NON,I,223,168,11,68.2,21.0,8.9,1.9,134,43.9,31.3,46.72447,-2.348624
3,201041,CINEMA ST CHARLES,PAYS DE LA LOIRE,RUE DU PONT,49160,Ingrandes-Le Fresne sur Loire,2747,49,49103,Ingrandes-Le Fresne sur Loire,2747,06-autres communes et unités urbaines,1,122,48,300,7732,6476,19.4,De 5 à 10 000 entrées,,OUI,E,,FIXE,NON,C,186,146,2,57.3,24.3,15.7,2.7,135,64.8,49.8,47.403746,-0.921463
3,201253,LE VULCAIN,BRETAGNE,10 RUE LEON BLUM,56090,Inzinzac-Lochrist,6669,56,56401,Hennebont,22969,05-Unités urbaines de 20 000 à 100 000 hbts,1,180,50,693,26348,25215,4.5,De 20 à 30 000 entrées,,OUI,E,JPPR,FIXE,NON,I,236,159,16,68.3,14.7,12.7,4.3,143,53.5,48.2,47.827604,-3.253047
3,201482,LE CLUB,NORMANDIE,PLACE DE VERDUN,14342,Isigny-sur-Mer,3630,14,00000,Zone rurale,14183345,06-autres communes et unités urbaines,1,308,53,311,4923,5909,-16.7,De 2 à 5 000 entrées,,NON,NON,,FIXE,NON,I,144,109,1,54.9,29.3,10.9,4.9,48,26.1,24.4,49.320073,-1.104154
2,201524,LE CONTI,ILE-DE-FRANCE,PLACE DU PATIS,95313,L' Isle-Adam,11923,95,00851,Paris,10947378,03-Grande couronne,5,739,53,6439,94144,89785,4.9,De 80 à 100 000 entrées,,OUI,C,,FIXE,NON,B,319,227,118,50.8,33.0,15.1,1.1,145,23.2,20.2,49.110771,2.211976
4,201632,Salle des Fêtes,OCCITANIE,BLD DES MARTYRS DE MEILHAN,31239,L' Isle-en-Dodon,1662,31,00000,Zone rurale,14183345,06-autres communes et unités urbaines,1,237,50,123,3195,3056,4.5,De 2 à 5 000 entrées,,NON,NON,,FIXE,NON,R,107,78,0,79.5,6.9,11.1,2.5,49,42.1,25.0,43.381163,0.836443
4,201661,OLYMPIA,OCCITANIE,6 RUE JEAN BART,32160,L' Isle-Jourdain,9454,32,32203,L'Isle-Jourdain,9454,06-autres communes et unités urbaines,2,191,53,1846,39378,38015,3.6,De 30 à 40 000 entrées,,OUI,E,RDJPPR,FIXE,NON,I,413,292,46,54.5,27.4,14.0,4.2,301,56.4,43.0,43.614931,1.089434
7,201753,LA STRADA,PROVENCE-ALPES-COTE D'AZUR,25 BOULEVARD PAUL PONS,84054,L' Isle-sur-la-Sorgue,20531,84,00754,Avignon,468293,04-Unités urbaines de 100 000 hbts ou plus,1,92,15,105,2445,8037,-69.6,De 2 à 5 000 entrées,,OUI,C,,FIXE,NON,B,49,27,0,55.4,6.7,35.3,2.6,36,79.8,85.3,43.916183,5.048509
7,201754,CINE SORGUE,PROVENCE-ALPES-COTE D'AZUR,ILOT DE LA TOUR D'ARGENT  RUE DE LA REPUBLIQUE,84054,Isle-sur-la-Sorgue,20531,84,00754,Avignon,468293,04-Unités urbaines de 100 000 hbts ou plus,3,365,33,2981,55349,,#VALEUR !,De 50 à 80 000 entrées,,NON,NON,,FIXE,NON,B,152,115,83,56.1,33.7,8.9,1.4,88,40.2,26.8,43.9193274,5.0523639
7,201821, CINEMA CLUB 2000,PROVENCE-ALPES-COTE D'AZUR,STATION ISOLA 2000,06073,Isola,667,06,00000,Zone rurale,14183345,06-autres communes et unités urbaines,1,150,31,321,4444,3483,27.6,De 2 à 5 000 entrées,,NON,NON,,FIXE,NON,R,118,100,33,52.2,30.2,16.2,1.3,29,18.4,8.2,44.18736,7.045728
6,202085,CINE MODERN,AUVERGNE / RHONE-ALPES,PLACE DU POSTILLON,63178,Issoire,15681,63,63304,Issoire,16591,06-autres communes et unités urbaines,3,408,53,4575,91874,79512,15.5,De 80 à 100 000 entrées,,OUI,E,JP,FIXE,NON,C,205,138,69,51.9,35.4,11.1,1.6,105,22.7,15.7,45.543752,3.244977
3,202162,ELYSEE,CENTRE-VAL DE LOIRE,BOULEVARD ROOSEVELT,36088,Issoudun,11578,36,36301,Issoudun,11578,06-autres communes et unités urbaines,3,469,52,2360,35276,30743,14.7,De 30 à 40 000 entrées,,OUI,E,JP,FIXE,NON,I,254,191,55,50.3,36.2,11.4,2.0,158,33.0,19.1,46.949327,1.995229
2,202214,CINE D ISSY,ILE-DE-FRANCE,MAIL RAYMOND MENAND,92040,Issy-les-Moulineaux,68641,92,00851,Paris,10947378,02-Petite Couronne,1,376,45,422,17721,12658,40.0,De 10 à 20 000 entrées,,NON,NON,,FIXE,NON,B,113,85,15,52.1,30.9,5.0,12.0,75,67.9,65.1,48.825247,2.271161
2,202232,UGC ISSY LES MOULINEAUX,ILE-DE-FRANCE,24 AVENUE CHARLES DE GAULLE,92040,Issy-les-Moulineaux,68641,92,00851,Paris,10947378,02-Petite Couronne,7,1248,53,10472,229978,211957,8.5,De 200 à 300 000 entrées,UGC,NON,NON,,FIXE,NON,B,342,145,126,46.1,34.1,17.8,2.1,188,39.1,32.4,48.818131,2.277208
7,202292,LE COLUCHE,PROVENCE-ALPES-COTE D'AZUR,ALLEES JEAN JAURES,13047,Istres,45119,13,00759,Marseille-Aix-en-Provence,1635844,04-Unités urbaines de 100 000 hbts ou plus,4,435,53,6032,83165,85398,-2.6,De 80 à 100 000 entrées,,OUI,C,JP,FIXE,NON,B,330,226,91,33.7,47.0,16.2,3.0,189,27.1,17.5,43.514195,4.987268
2,202370,0SALLE GEORGES BRASSENS,ILE-DE-FRANCE,SALLE GEORGES BRASSENS,91315,Itteville,6701,91,91303,Ballancourt-sur-Essonne,17593,03-Grande couronne,1,,35,91,5107,4668,9.4,De 5 à 10 000 entrées,,NON,NON,,ITINERANT,NON,C,52,27,1,59.5,26.1,12.9,1.5,26,45.5,36.5,48.515193,2.341767
2,202551,LE LUXY,ILE-DE-FRANCE,77 AV GEORGES GOSNAT,94041,Ivry-sur-Seine,64248,94,00851,Paris,10947378,02-Petite Couronne,2,507,52,2589,78038,69018,13.1,De 50 à 80 000 entrées,,OUI,C,RDJPPR,FIXE,NON,B,481,264,80,55.1,19.9,14.2,10.8,410,91.0,81.1,48.81362,2.389338
2,202562,PATHE QUAI D'IVRY,ILE-DE-FRANCE,5 RUE FRANCOIS MITTERRAND,94041,Ivry-sur-Seine,64248,94,00851,Paris,10947378,02-Petite Couronne,14,2078,53,24609,647212,643085,0.6,De 450 à 700 000 entrées,CINEMAS PATHE,NON,NON,,FIXE,OUI,B,341,193,181,21.3,58.2,17.1,3.4,62,12.4,8.0,48.824074,2.387803
3,203311,STELLA,BRETAGNE,RUE DES TROIS SAPINS,35136,Janzé,8687,35,35220,Janzé,8687,06-autres communes et unités urbaines,1,274,53,517,22992,22724,1.2,De 20 à 30 000 entrées,,OUI,E,,FIXE,NON,I,219,181,3,61.2,23.5,12.2,3.1,97,35.9,22.0,47.959564,-1.491109
4,203343,SALLE DES ORMEAUX,PAYS DE LA LOIRE,RUE DES ECHOLERES,85114,Jard-sur-Mer,2701,85,85131,Jard-sur-Mer,4046,06-autres communes et unités urbaines,1,191,51,812,17697,19673,-10.0,De 10 à 20 000 entrées,,OUI,E,JP,FIXE,NON,C,235,179,3,72.6,17.4,9.0,1.1,113,32.5,19.7,46.414996,-1.574373
9,203523,ESPACE Gérard Philipe,GRAND EST,"3, RUE CLEMENT HUMBERT",54273,Jarny,8369,54,54301,Jarny,12391,06-autres communes et unités urbaines,1,310,53,644,15680,15424,1.7,De 10 à 20 000 entrées,,OUI,E,,FIXE,NON,C,119,89,5,49.1,28.3,21.4,1.2,47,31.1,27.0,49.157279,5.882037
3,203672,SALLE SAINT MICHEL,PAYS DE LA LOIRE,RUE LOUIS TOUCHET,49163,Jarzé Villages,2797,49,00000,Zone rurale,14183345,06-autres communes et unités urbaines,1,244,45,168,5247,4201,24.9,De 5 à 10 000 entrées,,NON,NON,,FIXE,NON,R,134,104,0,60.2,27.2,10.3,2.3,76,49.1,32.9,47.5524248,-0.23296830000003865
3,203910,MAJESTIC COMPIEGNE,HAUTS DE FRANCE,PLACE JACQUES TATI,60325,Jaux,2346,60,60502,Compiègne,72962,05-Unités urbaines de 20 000 à 100 000 hbts,14,2466,53,21521,391773,402203,-2.6,De 300 à 450 000 entrées,,OUI,D,JP,FIXE,OUI,B,524,322,286,43.0,40.4,14.7,1.9,230,24.3,12.6,49.402871,2.774688
9,204111,FOYER RURAL,GRAND EST,FOYER RURAL,54276,Jeandelaincourt,794,54,00000,Zone rurale,14183345,06-autres communes et unités urbaines,1,,38,105,5280,4440,18.9,De 5 à 10 000 entrées,,NON,NON,,ITINERANT,NON,R,46,31,0,64.3,27.3,7.8,0.5,19,29.7,27.8,48.842059,6.241568
6,204141,SALLE DE LA CANTINE,AUVERGNE / RHONE-ALPES,"3, RUE DU GEYSER",42039,Chalmazel-Jeansagnière,458,42,00000,Zone rurale,14183345,06-autres communes et unités urbaines,1,,41,89,6195,4819,28.6,De 5 à 10 000 entrées,,NON,NON,,ITINERANT,NON,R,71,53,0,64.0,23.0,7.7,5.3,34,44.3,32.4,45.72693270000001,3.834929299999999
5,204312,REGENT,HAUTS DE FRANCE,RUE HECTOR DESPRET,59324,Jeumont,10544,59,59601,Maubeuge (partie française),111761,04-Unités urbaines de 100 000 hbts ou plus,1,580,49,506,9685,8956,8.1,De 5 à 10 000 entrées,,NON,NON,,FIXE,NON,B,132,105,0,52.2,27.5,15.4,4.9,33,17.3,28.7,50.296328,4.097609
9,204451,Casino,GRAND EST,8 RUE DE FRANCHEPRE,54280,Jœuf,6636,54,00455,Jœuf,23314,05-Unités urbaines de 20 000 à 100 000 hbts,1,234,51,497,15142,13513,12.1,De 10 à 20 000 entrées,,OUI,D,,FIXE,NON,C,126,99,2,57.6,18.2,19.0,5.2,73,50.6,46.3,49.229366,6.019184
3,204507,Agnès Varda,BOURGOGNE / FRANCHE-COMTE,Place Cassini,89206,Joigny,9691,89,89204,Joigny,9691,06-autres communes et unités urbaines,1,118,51,1009,23147,22266,4.0,De 20 à 30 000 entrées,,OUI,E,JPPR,FIXE,NON,I,236,178,35,46.9,35.5,15.6,1.9,124,24.2,25.3,47.983463,3.395496
2,204534,SALLE PIERRE ET JACQUES PREVERT,ILE-DE-FRANCE,RUE DE PARIS,94042,Joinville-le-Pont,19278,94,00851,Paris,10947378,02-Petite Couronne,1,300,46,229,14046,13735,2.3,De 10 à 20 000 entrées,,NON,NON,,FIXE,NON,B,184,158,0,60.0,19.2,15.7,5.1,107,56.3,51.5,48.816711,2.468136
4,204891,FAMILIA,NOUVELLE AQUITAINE,RUE SADI CARNOT,17197,Jonzac,3766,17,17201,Jonzac,5745,06-autres communes et unités urbaines,2,354,53,1475,36386,33778,7.7,De 30 à 40 000 entrées,,OUI,E,JP,FIXE,NON,C,229,172,23,62.8,27.1,8.8,1.3,134,38.3,26.0,45.445545,-0.433778
3,205001,LE BEAUMANOIR,BRETAGNE,RUE DES DOUVES,56091,Josselin,2613,56,56105,Josselin,2613,06-autres communes et unités urbaines,1,321,52,392,8070,8282,-2.6,De 5 à 10 000 entrées,,OUI,E,,FIXE,NON,I,236,189,0,60.0,19.6,15.7,4.7,156,60.7,53.6,47.953858,-2.545992
3,205213,CENTRE CULTUREL ESPACE MALRAUX,CENTRE-VAL DE LOIRE,ALLEE ANDRE MALRAUX,37122,Joué-lès-Tours,39143,37,37701,Tours,371410,04-Unités urbaines de 100 000 hbts ou plus,1,670,7,7,1254,1129,11.1,Moins de 2000 entrées,,NON,NON,,FIXE,NON,B,7,6,0,100.0,0.0,0.0,0.0,2,28.6,21.7,47.351751,0.6454439999999977
2,205601,CENTRE CULTUREL,ILE-DE-FRANCE,96 AVENUE DES BRUZACQUES,95323,Jouy-le-Moutier,17357,95,00851,Paris,10947378,03-Grande couronne,1,346,31,91,6975,6346,9.9,De 5 à 10 000 entrées,,NON,NON,,FIXE,NON,B,52,31,0,47.9,36.1,15.4,0.6,37,77.8,80.7,49.011314,2.043572
2,206924,CINEMA AGNES VARDA,ILE-DE-FRANCE,37-39 GRANDE RUE,91326,Juvisy-sur-Orge,17773,91,00851,Paris,10947378,03-Grande couronne,1,123,49,913,15395,16458,-6.5,De 10 à 20 000 entrées,,OUI,C,JP,FIXE,NON,B,238,174,3,60.8,18.9,14.3,6.0,147,61.1,61.6,48.688996,2.376314
8,207170,ESPACE RHENAN,GRAND EST,"2, ALLÉE EUGÈNE MOSER",68163,Kembs,5721,68,68206,Kembs,9870,06-autres communes et unités urbaines,1,244,44,92,5225,4696,11.3,De 5 à 10 000 entrées,,NON,NON,,FIXE,NON,C,81,61,0,53.1,29.2,14.7,2.9,20,23.9,16.7,47.668953,7.496743
4,208981,SALLE JACQUES BREL,OCCITANIE,SALLE JACQUES BREL,81115,Labastide-Rouairoux,1438,81,00000,Zone rurale,14183345,06-autres communes et unités urbaines,1,,48,377,13139,12568,4.5,De 10 à 20 000 entrées,,OUI,E,JP,ITINERANT,NON,R,89,52,0,74.5,11.7,7.7,6.2,55,57.1,55.2,43.474778,2.646568
4,209151,PATHE LABEGE,OCCITANIE,105 LA MERIDIENNE,31254,Labège,4268,31,00758,Toulouse,1062736,04-Unités urbaines de 100 000 hbts ou plus,16,3642,53,26703,772439,848642,-9.0,De 700 000 à 1 million d'entrées,CINEMAS PATHE,NON,NON,,FIXE,OUI,B,504,277,227,33.6,47.0,16.4,3.0,178,16.7,9.4,43.539479,1.511109
4,209494,LE FELIX,NOUVELLE AQUITAINE,PLACE DE LA MAIRIE,40134,Labouheyre,2831,40,40106,Labouheyre,2831,06-autres communes et unités urbaines,1,236,50,673,8914,9171,-2.8,De 5 à 10 000 entrées,,OUI,E,JP,FIXE,NON,I,242,202,1,52.2,27.7,16.0,4.1,141,47.3,35.0,44.213874,-0.919094
4,209682,LE ROND POINT,OCCITANIE,1 PLACE DE L'EUROPE,81120,Labruguière,6624,81,81201,Labruguière,6624,06-autres communes et unités urbaines,1,167,49,375,8503,9872,-13.9,De 5 à 10 000 entrées,,OUI,E,JP,FIXE,NON,I,284,238,0,65.2,12.1,14.2,8.5,166,55.7,48.8,43.538478,2.263266
7,210701,LA STRADA,PROVENCE-ALPES-COTE D'AZUR,BOULODROME LA STRADA (PLEIN AIR),84058,Lacoste,432,84,00000,Zone rurale,14183345,06-autres communes et unités urbaines,1,,53,654,23148,22427,3.2,De 20 à 30 000 entrées,,OUI,E,JP,ITINERANT,NON,R,173,123,1,65.2,20.5,11.3,3.0,120,71.7,61.4,43.847212,5.273548
2,211844,CINEMA LE CINQ,ILE-DE-FRANCE,5 RUE DELAMBRE,77243,Lagny-sur-Marne,21332,77,00851,Paris,10947378,03-Grande couronne,3,492,51,6074,111674,114127,-2.1,De 100 à 150 000 entrées,,OUI,C,,FIXE,NON,B,293,202,74,50.3,34.0,13.7,2.1,172,28.4,22.1,48.879604,2.706124
6,212450,VOX,BOURGOGNE / FRANCHE-COMTE,5 GRANDE RUE MAISON DIEU,21336,Laignes,675,21,00000,Zone rurale,14183345,06-autres communes et unités urbaines,1,66,48,160,3216,2860,12.4,De 2 à 5 000 entrées,,OUI,E,,FIXE,NON,R,149,117,0,73.4,10.7,11.9,4.0,96,63.0,53.4,47.842504,4.365197
4,212871,LE LALANO,OCCITANIE,LE LALANO,65250,Lalanne-Trie,120,65,00000,Zone rurale,14183345,06-autres communes et unités urbaines,1,252,46,239,4638,4355,6.5,De 2 à 5 000 entrées,,OUI,E,,FIXE,NON,R,185,147,0,70.1,11.5,15.4,3.0,107,55.2,43.2,43.310067,0.33742
6,213122,LE FOYER,AUVERGNE / RHONE-ALPES,RUE DES CEVENNES,07128,Lalouvesc,380,07,00000,Zone rurale,14183345,06-autres communes et unités urbaines,1,400,11,46,3075,2910,5.7,De 2 à 5 000 entrées,,NON,NON,,FIXE,NON,R,28,25,0,80.8,10.8,3.4,5.0,15,50.0,37.1,45.120045,4.534213
7,213233,L'IMPERIAL,OCCITANIE,24 AVENUE CHARCOT,34126,Lamalou-les-Bains,2501,34,34304,Bédarieux,13194,06-autres communes et unités urbaines,1,107,46,450,7417,6405,15.8,De 5 à 10 000 entrées,,OUI,E,JP,FIXE,NON,B,145,129,2,76.1,13.9,8.0,2.1,71,43.2,39.3,43.593733,3.082206
3,213462,CINE PENTHIEVRE,BRETAGNE,18 BIS RUE DE BOUIN,22093,Lamballe,17169,22,22302,Lamballe-Armor,18144,06-autres communes et unités urbaines,1,210,53,386,18951,17915,5.8,De 10 à 20 000 entrées,,OUI,E,JP,FIXE,NON,I,165,113,3,62.3,15.1,19.2,3.3,70,37.8,46.1,48.46778,-2.510319
5,213491,CINE LAMBERSART,HAUTS DE FRANCE,"15, PLACE FELIX CLOUET",59328,Lambersart,27868,59,59702,Lille (partie française),1062844,04-Unités urbaines de 100 000 hbts ou plus,1,250,48,569,23534,22188,6.1,De 20 à 30 000 entrées,,NON,NON,,FIXE,NON,B,158,128,0,64.6,18.8,15.5,1.0,72,37.3,39.6,50.651234,3.02797
7,213542,SALLE SEVIGNE,PROVENCE-ALPES-COTE D'AZUR,SALLE SEVIGNE,13050,Lambesc,10273,13,13214,Lambesc,10273,06-autres communes et unités urbaines,1,,52,1283,32272,33849,-4.7,De 30 à 40 000 entrées,,NON,NON,,ITINERANT,NON,I,137,92,0,62.6,23.6,9.7,4.1,53,28.7,29.9,43.653486,5.262357
3,213933,LE MELIES,CENTRE-VAL DE LOIRE,3 RUE GAUGIRAN,41106,Lamotte-Beuvron,4666,41,41111,Lamotte-Beuvron,4666,06-autres communes et unités urbaines,1,168,47,383,8822,10188,-13.4,De 5 à 10 000 entrées,,NON,NON,,FIXE,NON,I,114,91,8,68.7,19.5,10.4,1.4,38,17.6,13.8,47.60131,2.026127
3,214544,CINE GALAXY,BRETAGNE,12 ALLEE DU BOIS NOIR,29103,Landerneau,16627,29,29309,Landerneau,20614,05-Unités urbaines de 20 000 à 100 000 hbts,5,724,46,2247,67284,,#VALEUR !,De 50 à 80 000 entrées,,OUI,E,JP,FIXE,NON,C,183,140,60,45.9,40.1,13.2,0.9,88,21.9,15.7,48.448194,-4.26516
3,214841,STUDIO,BRETAGNE,3 AV FOCH,29105,Landivisiau,9522,29,29302,Landivisiau,11594,06-autres communes et unités urbaines,2,394,50,1474,42673,41955,1.7,De 40 à 50 000 entrées,,OUI,E,JP,FIXE,NON,C,175,137,47,49.2,37.9,11.2,1.7,75,19.1,9.8,48.510619,-4.069393
6,215092,L'ETERLOU,AUVERGNE / RHONE-ALPES,VALLANDRY,73142,Landry,822,73,00000,Zone rurale,14183345,06-autres communes et unités urbaines,1,160,32,357,4829,4545,6.2,De 2 à 5 000 entrées,,NON,NON,,FIXE,NON,R,116,100,11,64.6,21.0,13.9,0.6,60,41.7,24.3,45.557325,6.763374
3,215183,MEGA CGR,BRETAGNE,RUE GUSTAVE ZEDE,56098,Lanester,23421,56,56601,Lorient,126358,04-Unités urbaines de 100 000 hbts ou plus,12,2173,53,23522,440644,447914,-1.6,De 300 à 450 000 entrées,CGR,NON,NON,,FIXE,OUI,B,327,214,207,39.3,43.5,15.0,2.2,71,11.3,4.7,47.775894,-3.35298
3,215502,ESPACE JEAN-HUGUES ANGLADE,CENTRE-VAL DE LOIRE,PLACE LEON BROYER,37123,Langeais,4411,37,37108,Langeais,4411,06-autres communes et unités urbaines,1,189,50,447,15087,13773,9.5,De 10 à 20 000 entrées,,OUI,E,JPPR,FIXE,NON,I,168,122,0,61.7,20.3,15.9,2.0,102,56.9,54.4,47.326633,0.408328
7,215581,CENTRE CULTUREL  RENE RAYNAL,OCCITANIE,RUE DES RIBES,48080,Langogne,3069,48,48101,Langogne,3069,06-autres communes et unités urbaines,1,191,53,625,12379,10527,17.6,De 10 à 20 000 entrées,,NON,NON,,FIXE,NON,C,177,154,1,65.9,20.7,11.0,2.4,68,34.3,23.8,44.726847,3.856667
4,215621,GRAND ECRAN LANGON CENTRE-VILLE,NOUVELLE AQUITAINE,16 ALLEE JEAN JAURES,33227,Langon,7516,33,33304,Langon,14120,06-autres communes et unités urbaines,2,465,40,846,5862,9859,-40.5,De 5 à 10 000 entrées,GRAND ECRAN,OUI,E,,FIXE,NON,C,110,89,18,63.2,4.5,28.2,4.1,67,62.9,54.7,44.553056,-0.245112
4,215634,GRAND ECRAN LANGON,NOUVELLE AQUITAINE,LIEU-DIT PIED MOURTEAU,33227,LANGON,7516,33,33304,Langon,14120,06-autres communes et unités urbaines,6,993,53,8783,179063,170814,4.8,De 150 à 200 000 entrées,GRAND ECRAN,NON,NON,,FIXE,NON,C,270,187,125,44.1,41.5,13.1,1.4,101,12.6,5.9,44.5231,-0.232774
3,215723,NEW VOX,GRAND EST,15 RUE GRAND BIE,52269,Langres,8081,52,52202,Langres,9649,06-autres communes et unités urbaines,2,344,53,2846,43669,41701,4.7,De 40 à 50 000 entrées,,OUI,E,JPPR,FIXE,NON,C,247,191,66,51.2,33.9,13.2,1.7,131,25.7,20.9,47.861736,5.332835
4,216065,LE GRAND RIO,OCCITANIE,Place du Château,65258,Lannemezan,5964,65,65204,Lannemezan,7656,06-autres communes et unités urbaines,3,369,22,1720,28281,,#VALEUR !,De 20 à 30 000 entrées,,NON,NON,,FIXE,NON,I,119,89,32,52.6,31.9,14.6,0.8,68,33.6,21.4,43.125824,0.382887
3,216171,LES BALADINS,BRETAGNE,34 AV DU GAL DE GAULLE,22113,Lannion,21356,22,22403,Lannion,49285,05-Unités urbaines de 20 000 à 100 000 hbts,5,828,53,6187,189934,192221,-1.2,De 150 à 200 000 entrées,,OUI,D,JP,FIXE,NON,C,283,193,125,50.6,33.6,14.1,1.7,130,24.2,17.7,48.72808,-3.460577
6,216371,LE CAIRN,AUVERGNE / RHONE-ALPES,PLACE DE L EGLISE,38205,Lans-en-Vercors,2794,38,38109,Lans-en-Vercors,2794,06-autres communes et unités urbaines,1,184,49,479,13171,13533,-2.7,De 10 à 20 000 entrées,,OUI,E,JP,FIXE,NON,R,241,188,1,66.1,9.4,16.3,8.2,189,78.1,78.0,45.128093,5.589034
6,216451,LA RAMASSE,AUVERGNE / RHONE-ALPES,9 RUE DES JARDINS,73290,Val-Cenis,2106,73,00000,Zone rurale,14183345,06-autres communes et unités urbaines,1,180,45,186,3799,2611,45.5,De 2 à 5 000 entrées,,NON,NON,,FIXE,NON,R,113,97,6,49.4,30.8,18.2,1.5,49,40.5,33.7,45.285761,6.879713
6,216471,CHANTELOUVE,AUVERGNE / RHONE-ALPES,SALLE COMMUNALE,73290,Val-Cenis,2106,73,00000,Zone rurale,14183345,06-autres communes et unités urbaines,1,166,28,212,4575,4696,-2.6,De 2 à 5 000 entrées,,NON,NON,,FIXE,NON,R,85,73,31,64.6,20.7,14.2,0.5,28,22.6,15.6,45.302343,6.947815
3,216843,CINE LAON,HAUTS DE FRANCE,17 AV CARNOT,02408,Laon,24738,02,02403,Laon,28251,05-Unités urbaines de 20 000 à 100 000 hbts,5,790,53,6945,103708,104625,-0.9,De 100 à 150 000 entrées,,NON,NON,,FIXE,NON,C,274,163,113,40.8,43.2,14.8,1.2,103,9.0,7.8,49.569175,3.623996
3,216851,MAISON DES ARTS ET LOISIRS,HAUTS DE FRANCE,PLACE AUBRY,02408,Laon,24738,02,02403,Laon,28251,05-Unités urbaines de 20 000 à 100 000 hbts,1,117,5,11,585,779,-24.9,Moins de 2000 entrées,,NON,NON,,FIXE,NON,C,1,1,0,0.0,0.0,0.0,100.0,1,100.0,100.0,49.564845,3.62504
7,217372,Cinéma Théâtre le Phénix,PROVENCE-ALPES-COTE D'AZUR,1 RUE DE LA PAIX,05070,Laragne-Montéglin,3631,05,05106,Laragne-Montéglin,3986,06-autres communes et unités urbaines,1,162,50,1015,18293,16589,10.3,De 10 à 20 000 entrées,,OUI,E,JPPR,FIXE,NON,C,258,198,2,61.9,21.4,14.8,1.9,142,44.7,38.1,44.314841,5.822237
4,218381,LOUIS JOUVET,NOUVELLE AQUITAINE,1 AVENUE DE LA GARE,64320,Laruns,1205,64,00000,Zone rurale,14183345,06-autres communes et unités urbaines,1,155,53,310,3263,3022,8.0,De 2 à 5 000 entrées,,OUI,E,,FIXE,NON,R,172,145,31,62.8,23.8,8.9,4.6,91,38.0,27.8,42.988146,-0.425403
7,219191,MEGA CGR,OCCITANIE,ZAC DES COMMANDEURS,34129,Lattes,17909,34,34701,Montpellier,472000,04-Unités urbaines de 100 000 hbts ou plus,12,2458,53,23747,420995,384689,9.4,De 300 à 450 000 entrées,CGR,NON,NON,,FIXE,OUI,B,318,215,203,39.7,42.9,15.6,1.8,67,10.8,5.5,43.584563,3.935363
3,220074,CINEVILLE,PAYS DE LA LOIRE,25 QUAI GAMBETTA,53130,Laval,52169,53,53501,Laval,66284,05-Unités urbaines de 20 000 à 100 000 hbts,9,1836,53,14677,358037,352677,1.5,De 300 à 450 000 entrées,CINEVILLE,OUI,D,JPPR,FIXE,OUI,C,444,232,202,50.8,34.5,12.6,2.1,204,23.0,14.3,48.072111,-0.771727
3,220083,L'AVANT-SCENE CINEMA,PAYS DE LA LOIRE,31 ALLEE DU VIEUX SAINT-LOUIS,53130,Laval,52169,53,53501,Laval,66284,05-Unités urbaines de 20 000 à 100 000 hbts,1,128,47,1457,20312,4524,349.0,De 20 à 30 000 entrées,,NON,NON,,FIXE,NON,C,293,160,73,72.7,3.5,11.8,11.9,255,94.5,92.6,48.072591,-0.773373
7,220334,THEATRE DE VERDURE,PROVENCE-ALPES-COTE D'AZUR,AVENUE DU GRAND JARDIN,83070,Le Lavandou,6048,83,83307,Bormes-les-Mimosas-Le Lavandou,14984,06-autres communes et unités urbaines,1,544,11,71,8765,7331,19.6,De 5 à 10 000 entrées,,NON,NON,,FIXE,NON,B,24,24,8,55.0,42.6,2.4,0.0,3,8.5,10.6,43.135578,6.358877
7,220335,LE GRAND BLEU,PROVENCE-ALPES-COTE D'AZUR,LA BAOU,83070,Le Lavandou,6048,83,83307,Bormes-les-Mimosas-Le Lavandou,14984,06-autres communes et unités urbaines,3,406,53,4380,96263,89070,8.1,De 80 à 100 000 entrées,,OUI,E,JP,FIXE,NON,B,298,202,77,59.4,26.5,13.1,1.0,169,22.3,16.4,43.137825,6.355187
4,220681,Casino,OCCITANIE,RUE RENE CASSIN,09160,Lavelanet,6177,09,09202,Lavelanet,7130,06-autres communes et unités urbaines,2,480,53,2513,36802,34402,7.0,De 30 à 40 000 entrées,,OUI,E,RDJPPR,FIXE,NON,C,439,292,28,46.1,35.9,13.4,4.6,274,37.5,26.0,42.935388,1.849583
4,221712,LE SENECHAL,OCCITANIE,102 RUE NATIONALE,32208,Lectoure,4049,32,32103,Lectoure,4049,06-autres communes et unités urbaines,2,174,53,1140,18268,16839,8.5,De 10 à 20 000 entrées,,OUI,E,RDJPPR,FIXE,NON,I,373,279,44,56.3,22.4,15.2,6.1,258,57.2,47.1,43.934628,0.620319
5,221842,AMICAL CINE,HAUTS DE FRANCE,"35, RUE JOSEPH LEROY",59339,Leers,9628,59,59702,Lille (partie française),1062844,04-Unités urbaines de 100 000 hbts ou plus,1,154,49,633,17676,16331,8.2,De 10 à 20 000 entrées,,OUI,C,JP,FIXE,NON,B,191,139,0,67.5,13.4,13.8,5.3,105,51.5,43.0,50.679317,3.243787
3,221971,CINEMA ST MICHEL,PAYS DE LA LOIRE,PLACE DU GENERAL CHARETTE,44081,Legé,4742,44,44115,Legé,4742,06-autres communes et unités urbaines,1,234,52,462,11901,11438,4.0,De 10 à 20 000 entrées,,OUI,E,,FIXE,NON,I,208,169,2,65.1,22.4,10.6,1.8,106,46.0,32.7,46.88534,-1.59841
4,222030,TEMPO,OCCITANIE,1 ROUTE DE TOULOUSE,31291,Léguevin,9615,31,00758,Toulouse,1062736,04-Unités urbaines de 100 000 hbts ou plus,1,252,50,383,8441,9480,-11.0,De 5 à 10 000 entrées,,OUI,C,,FIXE,NON,B,215,177,0,62.2,24.4,11.6,1.8,113,42.9,45.5,43.600031,1.239756
4,222481,ETOILE,NOUVELLE AQUITAINE,33 GRAND'RUE,86128,Lencloître,2513,86,86103,Lencloître,2513,06-autres communes et unités urbaines,1,289,53,683,12152,9705,25.2,De 10 à 20 000 entrées,,OUI,E,JP,FIXE,NON,I,197,157,3,61.5,23.4,13.3,1.8,74,32.5,34.6,46.815557,0.327879
4,222821,ESPACE CULTUREL GEORGES BRASSENS,NOUVELLE AQUITAINE,13 RUE DU 9 MARS 1962,33238,Léognan,10804,33,33701,Bordeaux,1008323,04-Unités urbaines de 100 000 hbts ou plus,1,349,48,680,15876,15934,-0.4,De 10 à 20 000 entrées,,OUI,C,,FIXE,NON,B,231,173,0,64.5,16.5,15.8,3.2,135,53.7,53.5,44.730648,-0.600381
4,222841,CENTRE CULTUREL LEON,NOUVELLE AQUITAINE,PLACE DU DOCTEUR DUFAU,40150,Léon,1985,40,00000,Zone rurale,14183345,06-autres communes et unités urbaines,1,222,53,697,13935,13514,3.1,De 10 à 20 000 entrées,,OUI,E,JP,FIXE,NON,R,253,213,14,61.7,24.6,10.6,3.1,135,43.2,35.9,43.875113,-1.302436
3,223593,EVEN,BRETAGNE,18 RUE ALSACE LORRAINE,29124,Lesneven,7506,29,29305,Lesneven,13424,06-autres communes et unités urbaines,1,340,53,552,35850,33650,6.5,De 30 à 40 000 entrées,,OUI,E,JPPR,FIXE,NON,C,263,201,2,55.5,22.5,17.5,4.4,150,47.3,39.2,48.572208,-4.327487
4,223612,JEAN DUJARDIN,NOUVELLE AQUITAINE,20 RUE DU PALAIS DE JUSTICE,33240,Lesparre-Médoc,5920,33,33213,Lesparre-Médoc,8317,06-autres communes et unités urbaines,1,212,49,574,15712,15566,0.9,De 10 à 20 000 entrées,,OUI,E,,FIXE,NON,C,239,203,8,55.5,31.1,12.1,1.3,118,38.7,22.5,45.307833,-0.938774
7,224165,CLAP CINE,OCCITANIE,RUE SALVADOR DALI,11202,Leucate,4635,11,00457,Saint-Laurent-de-la-Salanque,24665,05-Unités urbaines de 20 000 à 100 000 hbts,3,451,53,3988,63554,55872,13.7,De 50 à 80 000 entrées,,OUI,E,JP,FIXE,NON,R,261,190,97,56.7,30.5,11.4,1.3,149,28.5,18.5,42.841052,3.039151
2,224413,PATHE LEVALLOIS,ILE-DE-FRANCE,28 RUE D'ALSACE,92044,Levallois-Perret,67809,92,00851,Paris,10947378,02-Petite Couronne,8,1538,53,14378,361144,373538,-3.3,De 300 à 450 000 entrées,CINEMAS PATHE,NON,NON,,FIXE,OUI,B,346,232,172,35.5,45.3,17.6,1.5,152,25.6,16.1,48.891726,2.296363
7,224532,FOYER,PROVENCE-ALPES-COTE D'AZUR,FOYER,06075,Levens,5011,06,06108,Levens,5011,06-autres communes et unités urbaines,1,,52,286,11984,12343,-2.9,De 10 à 20 000 entrées,,NON,NON,,ITINERANT,NON,I,109,87,3,51.7,33.8,10.7,3.8,38,27.7,27.4,43.860403,7.223268
7,225081,PALACE,OCCITANIE,29  COURS DE LA REPUBLIQUE,11203,Lézignan-Corbières,11338,11,11301,Lézignan-Corbières,11338,06-autres communes et unités urbaines,1,199,51,472,9743,10197,-4.5,De 5 à 10 000 entrées,,OUI,E,RDJPPR,FIXE,NON,I,257,169,2,60.0,22.1,14.2,3.8,175,60.3,64.6,43.200704,2.758263
4,225444,GRAND ECRAN,NOUVELLE AQUITAINE,56 AVENUE GALLIENI,33243,Libourne,24941,33,33401,Libourne,37286,05-Unités urbaines de 20 000 à 100 000 hbts,10,1367,53,13743,243861,235731,3.4,De 200 à 300 000 entrées,GRAND ECRAN,OUI,D,,FIXE,OUI,C,447,302,243,47.5,36.1,14.4,1.9,230,30.9,17.1,44.913546,-0.237461
2,226040,PATHE CARRE SENART,ILE-DE-FRANCE,3 ALLEE DU PREAMBULE,77251,Lieusaint,13891,77,00851,Paris,10947378,03-Grande couronne,17,3778,53,31768,"1,247,544","1,416,469",-11.9,"De 1 à 1,5 million d'entrées",CINEMAS PATHE,NON,NON,,FIXE,OUI,B,405,276,262,28.1,52.9,16.5,2.5,129,19.1,9.3,48.616119,2.547927
5,226125,PATHE LIEVIN,HAUTS DE FRANCE,RUE FRANÇOIS COURTIN,62510,Liévin,30432,62,00756,Douai-Lens,510310,04-Unités urbaines de 100 000 hbts ou plus,15,2523,53,25148,407781,428767,-4.9,De 300 à 450 000 entrées,CINEMAS PATHE,NON,NON,,FIXE,OUI,C,402,267,212,35.0,46.6,16.2,2.2,129,13.1,7.0,50.42314,2.777484
3,226211,SALLE ST MICHEL,BRETAGNE,1 RUE ARISTIDE BRIAND,35152,Liffré,8265,35,35217,Liffré,8265,06-autres communes et unités urbaines,1,300,37,298,21683,24393,-11.1,De 20 à 30 000 entrées,,OUI,E,,FIXE,NON,I,138,106,0,61.7,20.2,15.3,2.9,76,47.6,39.2,48.213038,-1.504786
2,226883,THEATRE DU GARDE CHASSE,ILE-DE-FRANCE,2 AVENUE WALDECK ROUSSEAU,93045,Les Lilas,23396,93,00851,Paris,10947378,02-Petite Couronne,1,308,37,440,11821,11030,7.2,De 10 à 20 000 entrées,,OUI,C,,FIXE,NON,B,168,115,2,61.9,7.3,18.6,12.3,150,89.6,92.7,48.881921,2.419546
5,226974,UGC Ciné Cité LILLE,HAUTS DE FRANCE,40/48 RUE DE BETHUNE,59350,Lille,238104,59,59702,Lille (partie française),1062844,04-Unités urbaines de 100 000 hbts ou plus,14,2705,53,22049,713380,696212,2.5,De 700 000 à 1 million d'entrées,UGC,NON,NON,,FIXE,OUI,C,451,196,164,36.3,41.3,18.8,3.5,198,21.9,24.0,50.633831,3.063221
5,227031,METROPOLE,HAUTS DE FRANCE,26 RUE DES PONTS DE COMINES,59350,Lille,238104,59,59702,Lille (partie française),1062844,04-Unités urbaines de 100 000 hbts ou plus,4,454,53,5826,103845,100879,2.9,De 100 à 150 000 entrées,UGC,OUI,A,RD,FIXE,NON,C,188,128,105,67.2,2.6,17.6,12.6,169,91.0,94.7,50.636559,3.066988
5,227281,MAJESTIC,HAUTS DE FRANCE,54 / 56 RUE DE BETHUNE,59350,Lille,238104,59,59702,Lille (partie française),1062844,04-Unités urbaines de 100 000 hbts ou plus,6,587,53,9118,190029,182146,4.3,De 150 à 200 000 entrées,UGC,OUI,A,PR,FIXE,NON,C,335,167,139,49.6,20.7,16.6,13.1,310,96.5,98.2,50.633401,3.06284
3,227982,CENTRE CULTUREL JULIOBONA,NORMANDIE,PLACE DE COUBERTIN,76384,Lillebonne,8904,76,76402,Lillebonne,22369,05-Unités urbaines de 20 000 à 100 000 hbts,1,377,25,117,3711,4692,-20.9,De 2 à 5 000 entrées,,NON,NON,,FIXE,NON,C,65,43,0,42.7,22.0,29.3,6.0,26,38.5,59.7,49.518115,0.53231
2,228122,ATELIER BARBARA,ILE-DE-FRANCE,22-24 RUE ALSACE LORRAINE,94044,Limeil-Brévannes,28391,94,00851,Paris,10947378,02-Petite Couronne,1,165,43,155,3866,3443,12.3,De 2 à 5 000 entrées,,NON,NON,,FIXE,NON,B,129,110,1,55.9,22.1,19.9,2.0,53,40.4,29.1,48.744182,2.503331
4,228305,LIDO 2,NOUVELLE AQUITAINE,3 AV CHARLES DE GAULLE,87085,Limoges,132768,87,87601,Limoges,189370,04-Unités urbaines de 100 000 hbts ou plus,3,686,45,3072,43129,46235,-6.7,De 40 à 50 000 entrées,GRAND ECRAN,OUI,B,JP,FIXE,NON,C,185,121,93,60.0,10.4,22.5,7.1,157,96.8,96.9,45.854302,1.256414
4,228311,HORIZON GRANDS ECRANS,NOUVELLE AQUITAINE,11 PLACE DENIS DUSSOUBS,87085,Limoges,132768,87,87601,Limoges,189370,04-Unités urbaines de 100 000 hbts ou plus,14,2252,53,18989,256170,257649,-0.6,De 200 à 300 000 entrées,GRAND ECRAN,NON,NON,,FIXE,OUI,C,320,275,247,52.3,29.2,16.0,2.5,192,46.8,31.7,45.83291,1.255375
4,228370,GRAND ECRAN ESTER,NOUVELLE AQUITAINE,RUE ARISTIDE BRIAND,87085,Limoges,132768,87,87601,Limoges,189370,04-Unités urbaines de 100 000 hbts ou plus,14,2465,53,19623,427980,433873,-1.4,De 300 à 450 000 entrées,GRAND ECRAN,NON,NON,,FIXE,OUI,C,288,207,186,45.3,39.8,13.0,2.0,89,11.1,4.7,45.845477,1.276023
7,228531,ELYSEE,OCCITANIE,9 AV DES MARRONNIERS,11206,Limoux,10681,11,11302,Limoux,13477,06-autres communes et unités urbaines,1,350,50,526,11764,12260,-4.0,De 10 à 20 000 entrées,,OUI,E,,FIXE,NON,C,257,175,2,52.2,27.7,16.3,3.8,181,60.6,56.9,43.055193,2.214156
3,229082,TRIANON,NORMANDIE,BD DE LA PLAGE,14365,Lion-sur-Mer,2539,14,14203,Hermanville-sur-Mer,5726,06-autres communes et unités urbaines,1,111,53,215,4521,5190,-12.9,De 2 à 5 000 entrées,,OUI,E,,FIXE,NON,B,181,134,0,52.6,23.8,17.9,5.8,108,60.0,57.5,49.301809,-0.316265
3,229261,ROYAL,NORMANDIE,12 14 RUE DU 11 NOVEMBRE,14366,Lisieux,20366,14,14401,Lisieux,30651,05-Unités urbaines de 20 000 à 100 000 hbts,3,536,53,3481,68369,64029,6.8,De 50 à 80 000 entrées,,OUI,D,,FIXE,NON,C,221,149,73,51.7,35.1,11.7,1.4,114,16.6,12.9,49.143794,0.227798
4,229552,CINELIT,NOUVELLE AQUITAINE,RUE DE L HOTEL DE VILLE,40157,Lit-et-Mixe,1721,40,00000,Zone rurale,14183345,06-autres communes et unités urbaines,1,192,53,357,11263,8839,27.4,De 10 à 20 000 entrées,,OUI,E,,FIXE,NON,R,209,186,18,71.3,17.3,9.3,2.2,111,39.0,28.7,44.033784,-1.257554
2,229833,CINE MUNICIPAL YVES MONTAND,ILE-DE-FRANCE,36 RUE EUGENE MASSE,93046,Livry-Gargan,45818,93,00851,Paris,10947378,02-Petite Couronne,1,264,50,1042,25773,30382,-15.2,De 20 à 30 000 entrées,,OUI,C,JP,FIXE,NON,B,206,146,4,54.1,23.0,15.9,7.0,116,52.7,45.0,48.92579,2.545121
3,230152,VIGNY,CENTRE-VAL DE LOIRE,42 RUE BOURDILLET,37132,Loches,6691,37,37302,Loches,10678,06-autres communes et unités urbaines,2,503,47,735,23590,20470,15.2,De 20 à 30 000 entrées,,OUI,E,,FIXE,NON,C,124,105,4,74.4,13.9,10.8,1.0,58,33.6,25.4,47.129518,0.993278
3,230301,LE CLUB,BRETAGNE,1 RUE JEAN MARIE LAMMENAIS,56117,Locminé,4815,56,56215,Locminé,8613,06-autres communes et unités urbaines,1,228,53,1129,34736,30856,12.6,De 30 à 40 000 entrées,,OUI,E,JP,FIXE,NON,C,236,169,22,54.0,30.5,12.5,3.0,129,29.7,21.7,47.88976,-2.835941
7,230475,LES CINEMAS LUTEVA,OCCITANIE,BD JOSEPH MAURY,34142,Lodève,7618,34,34215,Lodève,10188,06-autres communes et unités urbaines,2,270,53,2015,38786,35118,10.4,De 30 à 40 000 entrées,,OUI,E,RDJPPR,FIXE,NON,C,292,220,19,57.1,25.2,13.9,3.8,190,52.7,42.4,43.732596,3.314911
5,231270,Kinepolis,HAUTS DE FRANCE,ZA DU GRAND BUT,59350,Lille,238104,59,59702,Lille (partie française),1062844,04-Unités urbaines de 100 000 hbts ou plus,23,7358,53,35607,"1,338,060","1,459,783",-8.3,"De 1 à 1,5 million d'entrées",Kinepolis,NON,NON,,FIXE,OUI,C,558,347,337,32.9,48.1,16.6,2.4,173,21.5,6.9,50.651256,2.975116
2,231939,THEATRE DE LONGJUMEAU,ILE-DE-FRANCE,20 AVENUE DU GENERAL DE GAULLE,91345,Longjumeau,21242,91,00851,Paris,10947378,03-Grande couronne,1,862,43,287,9568,11081,-13.7,De 5 à 10 000 entrées,,NON,NON,,FIXE,NON,B,162,137,1,53.9,30.1,14.9,1.1,62,36.9,28.3,48.679684,2.313256
9,232454,UTOPOLIS LONGWY,GRAND EST,AVENUE DE SAINTIGNON,54323,Longwy,15357,54,54405,Longwy (partie française),50704,05-Unités urbaines de 20 000 à 100 000 hbts,7,1330,53,10896,151392,165533,-8.5,De 150 à 200 000 entrées,Kinepolis,NON,NON,,FIXE,NON,C,311,178,124,35.7,47.0,16.1,1.2,136,16.1,9.5,49.518361,5.770719
6,232572,LE PALACE,BOURGOGNE / FRANCHE-COMTE,9 RUE PASTEUR,39300,Lons-le-Saunier,17921,39,39401,Lons-le-Saunier,27869,05-Unités urbaines de 20 000 à 100 000 hbts,3,445,49,2431,19197,21284,-9.8,De 10 à 20 000 entrées,MEGARAMA,OUI,D,,FIXE,NON,C,155,107,70,79.0,5.5,14.7,0.8,104,73.3,60.0,46.673494,5.556147
6,232584,4C,BOURGOGNE / FRANCHE-COMTE,RUE DES CORDELIERS,39300,Lons-le-Saunier,17921,39,39401,Lons-le-Saunier,27869,05-Unités urbaines de 20 000 à 100 000 hbts,2,256,53,2422,29838,25852,15.4,De 20 à 30 000 entrées,,OUI,D,RDJPPR,FIXE,NON,C,206,149,115,70.1,6.5,16.6,6.8,196,98.1,97.6,46.674335,5.555107
6,232586,MEGARAMA,BOURGOGNE / FRANCHE-COMTE,PROMENADE DE LA CHEVALERIE,39300,Lons-le-Saunier,17921,39,39401,Lons-le-Saunier,27869,05-Unités urbaines de 20 000 à 100 000 hbts,7,995,53,11133,186399,167904,11.0,De 150 à 200 000 entrées,MEGARAMA,NON,NON,,FIXE,NON,C,235,174,161,49.2,37.2,12.2,1.3,48,9.1,11.5,46.673143,5.558777
7,232943,LE CINEMA,PROVENCE-ALPES-COTE D'AZUR,BOULEVARD CLEMENCEAU,83072,Lorgues,9589,83,83208,Lorgues,9589,06-autres communes et unités urbaines,1,120,50,635,13368,11963,11.7,De 10 à 20 000 entrées,,OUI,E,RDJP,FIXE,NON,C,229,171,4,62.2,13.6,18.1,6.1,176,75.1,73.1,43.493104,6.361864
3,233001,CINEVILLE,BRETAGNE,4 BOULEVARD DU MARECHAL  JOFFRE,56121,Lorient,58881,56,56601,Lorient,126358,04-Unités urbaines de 100 000 hbts ou plus,11,2148,53,16859,316514,314288,0.7,De 300 à 450 000 entrées,CINEVILLE,NON,NON,,FIXE,OUI,C,505,316,252,55.8,26.2,15.1,2.9,314,44.6,39.1,47.751879,-3.366695
6,233062,ESPACE(S),AUVERGNE / RHONE-ALPES,12 AVENUE DE LA RÉPUBLIQUE,26166,Loriol-sur-Drôme,6722,26,26304,Livron-sur-Drôme,16758,06-autres communes et unités urbaines,1,124,46,799,19172,17793,7.8,De 10 à 20 000 entrées,,OUI,E,JP,FIXE,NON,B,186,158,3,60.5,24.1,12.3,3.1,84,37.6,26.8,44.75382,4.824625
3,233181,CINE LOROUX,PAYS DE LA LOIRE,RUE DE LA LIOTTERIE,44084,Le Loroux-Bottereau,8654,44,44305,Saint-Julien-de-Concelles,16268,06-autres communes et unités urbaines,1,198,48,392,11449,10758,6.4,De 10 à 20 000 entrées,,OUI,E,,FIXE,NON,C,227,182,0,64.6,19.7,10.0,5.7,131,53.4,53.4,47.236043,-1.348969
3,233722,QUAI DES IMAGES,BRETAGNE,BLVD VICTOR ETIENNE,22136,Loudéac,10031,22,22206,Loudéac,10031,06-autres communes et unités urbaines,2,409,48,2049,34359,36530,-5.9,De 30 à 40 000 entrées,,OUI,E,RDJPPR,FIXE,NON,I,349,241,53,50.4,35.7,10.9,3.1,238,48.9,31.1,48.172681,-2.751236
4,233742,L ARIXO,OCCITANIE,L'ARIXO,65282,Loudenvielle,301,65,00000,Zone rurale,14183345,06-autres communes et unités urbaines,1,107,49,269,6847,5707,20.0,De 5 à 10 000 entrées,,OUI,E,,FIXE,NON,R,151,124,27,59.2,31.0,7.7,2.1,77,35.7,23.3,42.795333,0.411078
4,233802,CINEMA CORNAY,NOUVELLE AQUITAINE,RUE DE L ABREUVOIR,86137,Loudun,7052,86,86204,Loudun,7052,06-autres communes et unités urbaines,1,151,53,718,20145,19715,2.2,De 20 à 30 000 entrées,,OUI,E,JPPR,FIXE,NON,I,198,140,2,61.6,25.9,10.6,1.9,98,28.3,33.3,47.010932,0.084051
4,234273,LE PALAIS,OCCITANIE,SQUARE DU GENERAL DE GAULLE,65286,Lourdes,13546,65,65302,Lourdes,17363,06-autres communes et unités urbaines,1,487,49,235,7556,5891,28.3,De 5 à 10 000 entrées,,NON,NON,,FIXE,NON,C,177,100,15,52.3,15.6,25.5,6.7,131,74.3,61.8,43.085637,-0.04492
4,234296,LE PAX,OCCITANIE,7 RUE DU REVEREND PERE,65286,Lourdes,13546,65,65302,Lourdes,17363,06-autres communes et unités urbaines,3,492,53,2745,14641,17463,-16.2,De 10 à 20 000 entrées,,NON,NON,,FIXE,NON,C,75,67,49,32.9,49.8,15.4,1.9,7,6.9,2.8,43.102921,-0.039469
4,234297,LE MAJESTIC,OCCITANIE,11 AVENUE MARANSIN,65286,Lourdes,13546,65,65302,Lourdes,17363,06-autres communes et unités urbaines,1,249,52,402,2953,2079,42.0,De 2 à 5 000 entrées,,NON,NON,,FIXE,NON,C,15,7,4,79.7,8.3,12.1,0.0,0,0.0,0.0,43.098225,-0.045524
3,234801,MEGARAMA LOUVIERS,NORMANDIE,PLACE GEORGES MELIES,27375,Louviers,19022,27,27402,Louviers,40141,05-Unités urbaines de 20 000 à 100 000 hbts,5,960,53,3822,52929,66014,-19.8,De 50 à 80 000 entrées,MEGARAMA,NON,NON,,FIXE,NON,C,158,122,71,32.0,50.0,16.2,1.8,70,11.6,10.8,49.216151,1.170764
7,235561,LE CINEMA,PROVENCE-ALPES-COTE D'AZUR,11 RUE DE LA REPUBLIQUE,83073,Le Luc,11166,83,83309,Le Luc,15552,06-autres communes et unités urbaines,1,100,49,519,10098,7336,37.6,De 10 à 20 000 entrées,,OUI,E,,FIXE,NON,C,159,126,3,54.1,26.6,16.8,2.5,65,35.7,32.3,43.395569,6.311016
4,235771,CINE TRISKELL,PAYS DE LA LOIRE,BOULEVARD PHELIPON,85128,Luçon,9918,85,85215,Luçon,9918,06-autres communes et unités urbaines,5,766,53,6839,117987,107539,9.7,De 100 à 150 000 entrées,,OUI,E,JPPR,FIXE,NON,I,428,262,157,52.2,33.2,13.0,1.7,235,24.6,13.6,46.460681,-1.176832
3,235831,DRAKKAR,NORMANDIE,PLACE ABEL DOUCET,14384,Luc-sur-Mer,3301,14,14212,Luc-sur-Mer,9858,06-autres communes et unités urbaines,1,340,34,75,3405,3563,-4.4,De 2 à 5 000 entrées,,NON,NON,,FIXE,NON,C,37,26,0,48.3,36.7,14.2,0.8,10,15.2,21.9,49.310786,-0.361997
3,235942,ESPACE RONSARD,PAYS DE LA LOIRE,PLACE DU CHAMP DE FOIRE,72176,Le Lude,4173,72,72119,Le Lude,4173,06-autres communes et unités urbaines,1,425,44,102,4883,3022,61.6,De 2 à 5 000 entrées,,NON,NON,,FIXE,NON,I,66,52,2,80.0,13.6,4.1,2.2,19,31.0,18.2,47.643316,0.156442
9,236001,UGC Ciné Cité,GRAND EST,350 RUE DES MAZUROTS,54328,Ludres,6219,54,54204,Ludres,8445,06-autres communes et unités urbaines,14,3048,53,22225,485556,489702,-0.8,De 450 à 700 000 entrées,UGC,NON,NON,,FIXE,OUI,C,323,188,184,51.3,34.1,13.4,1.1,114,19.5,13.7,48.617851,6.173437
7,236511,ATHENEE,OCCITANIE,52 RUE LAKANAL,34145,Lunel,26626,34,00551,Lunel,53290,05-Unités urbaines de 20 000 à 100 000 hbts,3,375,49,2816,69263,64745,7.0,De 50 à 80 000 entrées,,OUI,D,,FIXE,NON,C,202,166,61,48.9,36.3,12.9,1.9,118,24.8,23.1,43.677738,4.131204
9,236594,CINE LUN,GRAND EST,39 RUE DE LA REPUBLIQUE,54329,Lunéville,18160,54,54402,Lunéville,21872,05-Unités urbaines de 20 000 à 100 000 hbts,4,551,53,5384,102656,101833,0.8,De 100 à 150 000 entrées,,NON,NON,,FIXE,NON,C,235,176,106,49.8,34.6,14.8,0.8,94,15.3,11.3,48.593047,6.489720
9,236833,ESPACE MELIES,BOURGOGNE / FRANCHE-COMTE,ESPLANADE CHARLES DE GAULLE,70310,Lure,8143,70,70302,Lure,11440,06-autres communes et unités urbaines,2,352,53,1409,39151,38679,1.2,De 30 à 40 000 entrées,,OUI,E,JP,FIXE,NON,C,225,166,3,57.4,25.4,14.2,3.0,95,27.2,24.8,47.686072,6.497922
9,237554,ESPACE MOLIERE,BOURGOGNE / FRANCHE-COMTE,16 AVENUE DES THERMES,70311,Luxeuil-les-Bains,6903,70,70303,Luxeuil-les-Bains,12456,06-autres communes et unités urbaines,2,490,53,1196,26355,24834,6.1,De 20 à 30 000 entrées,,OUI,E,JP,FIXE,NON,C,213,160,29,57.7,27.2,11.0,4.2,118,29.2,25.7,47.820086,6.375487
4,237793,MAISON DE LA VALLEE,OCCITANIE,MAISON DE LA VALLEE,65295,Luz-Saint-Sauveur,944,65,65101,Luz-Saint-Sauveur,2290,06-autres communes et unités urbaines,1,137,53,332,5892,6242,-5.6,De 5 à 10 000 entrées,,OUI,E,JP,FIXE,NON,R,207,162,0,66.7,16.0,12.2,5.2,147,65.9,49.0,42.87365,-0.003171
6,237821,VOX,BOURGOGNE / FRANCHE-COMTE,9 RUE DES REMPARTS,58149,Luzy,2033,58,00000,Zone rurale,14183345,06-autres communes et unités urbaines,1,178,51,503,4467,3633,23.0,De 2 à 5 000 entrées,,OUI,E,,FIXE,NON,R,185,160,3,68.3,21.0,6.9,3.8,126,59.7,42.7,46.790178,3.969574
6,237903,PATHE BELLECOUR,AUVERGNE / RHONE-ALPES,79 RUE DE LA REPUBLIQUE,69123,Lyon ,528633,69,00760,Lyon,1714833,04-Unités urbaines de 100 000 hbts ou plus,10,2038,53,15867,506720,519510,-2.5,De 450 à 700 000 entrées,CINEMAS PATHE,NON,NON,,FIXE,OUI,C,310,158,130,38.8,38.7,19.5,3.0,134,37.5,25.5,45.758734,4.834873
6,237933,COMOEDIA,AUVERGNE / RHONE-ALPES,13 AV BERTHELOT,69123,Lyon ,528633,69,00760,Lyon,1714833,04-Unités urbaines de 100 000 hbts ou plus,9,1281,53,15004,382196,345010,10.8,De 300 à 450 000 entrées,,OUI,A,RDJPPR,FIXE,OUI,C,463,248,223,57.8,18.2,17.1,7.0,390,85.0,81.3,45.747368,4.835557
6,237945,LE CINEMA,AUVERGNE / RHONE-ALPES,18 RUE SAINT POLYCARPE,69123,Lyon ,528633,69,00760,Lyon,1714833,04-Unités urbaines de 100 000 hbts ou plus,1,46,49,941,3183,2747,15.9,De 2 à 5 000 entrées,,NON,NON,,FIXE,NON,C,119,102,5,56.9,7.5,16.8,18.8,118,99.9,99.9,45.768607,4.834444
6,238013,CINEDUCHERE,AUVERGNE / RHONE-ALPES,RUE ANDREI SAKHAROV,69123,Lyon ,528633,69,00760,Lyon,1714833,04-Unités urbaines de 100 000 hbts ou plus,1,91,50,1061,22591,22998,-1.8,De 20 à 30 000 entrées,,OUI,A,JPPR,FIXE,NON,C,262,171,2,63.0,17.3,14.8,4.9,218,82.4,82.1,45.787163,4.799719
6,238021,Lumière Bellecour,AUVERGNE / RHONE-ALPES,12 RUE DE LA BARRE,69123,Lyon ,528633,69,00760,Lyon,1714833,04-Unités urbaines de 100 000 hbts ou plus,3,214,53,4687,69462,76151,-8.8,De 50 à 80 000 entrées,,OUI,A,RDPR,FIXE,NON,C,278,169,121,64.9,9.8,12.6,12.6,253,98.7,98.0,45.757455,4.835595
6,238032,ASTORIA,AUVERGNE / RHONE-ALPES,31-33 COURS VITTON,69123,Lyon ,528633,69,00760,Lyon,1714833,04-Unités urbaines de 100 000 hbts ou plus,5,898,53,7586,149059,147428,1.1,De 100 à 150 000 entrées,UGC,NON,NON,,FIXE,NON,C,167,103,88,71.5,11.6,13.1,3.8,127,74.0,71.8,45.769811,4.855776
6,238163,Lumière Fourmi,AUVERGNE / RHONE-ALPES,68 RUE PIERRE CORNEILLE,69123,Lyon ,528633,69,00760,Lyon,1714833,04-Unités urbaines de 100 000 hbts ou plus,3,136,53,4754,61033,61796,-1.2,De 50 à 80 000 entrées,,OUI,A,RDJPPR,FIXE,NON,C,404,228,19,54.8,17.1,15.1,13.0,354,83.2,84.1,45.763283,4.843832
6,238244,CINEMA BELLECOMBE,AUVERGNE / RHONE-ALPES,61 RUE D INKERMANN,69123,Lyon ,528633,69,00760,Lyon,1714833,04-Unités urbaines de 100 000 hbts ou plus,1,290,44,270,11665,11007,6.0,De 10 à 20 000 entrées,,NON,NON,,FIXE,NON,C,199,146,0,63.7,17.7,12.8,5.8,118,55.3,54.2,45.765819,4.865911
6,238351,Lumière Terreaux,AUVERGNE / RHONE-ALPES,40 RUE DU PRESIDENT EDOUARD HERRIOT,69123,Lyon ,528633,69,00760,Lyon,1714833,04-Unités urbaines de 100 000 hbts ou plus,4,326,53,7786,134873,140127,-3.7,De 100 à 150 000 entrées,,OUI,A,RDPR,FIXE,NON,C,193,117,87,52.7,19.0,20.5,7.8,171,91.0,90.0,45.765294,4.834225
6,238421,CINEMA OPERA,AUVERGNE / RHONE-ALPES,6 RUE JOSEPH SERLIN,69123,Lyon ,528633,69,00760,Lyon,1714833,04-Unités urbaines de 100 000 hbts ou plus,1,97,49,1103,10363,9822,5.5,De 10 à 20 000 entrées,,OUI,A,RD,FIXE,NON,C,170,97,24,54.5,9.1,26.1,10.3,139,88.3,77.9,45.76732,4.835049
6,238461,UGC Ciné Cité,AUVERGNE / RHONE-ALPES,80 QUAI CHARLES DE GAULLE,69123,Lyon ,528633,69,00760,Lyon,1714833,04-Unités urbaines de 100 000 hbts ou plus,14,2830,53,21912,252330,259913,-2.9,De 200 à 300 000 entrées,UGC,NON,NON,,FIXE,OUI,C,465,212,182,37.5,39.5,14.2,8.7,198,26.6,22.0,45.784585,4.852131
6,238494,SAINT DENIS,AUVERGNE / RHONE-ALPES,77 GRANDE RUE CROIX ROUSSE,69123,Lyon ,528633,69,00760,Lyon,1714833,04-Unités urbaines de 100 000 hbts ou plus,1,237,45,634,45156,43175,4.6,De 40 à 50 000 entrées,,OUI,A,JP,FIXE,NON,C,189,120,1,70.4,11.9,13.5,4.2,137,71.8,70.0,45.779971,4.832347
6,238886,PATHE VAISE,AUVERGNE / RHONE-ALPES,43 RUE DES DOCKS,69123,Lyon ,528633,69,00760,Lyon,1714833,04-Unités urbaines de 100 000 hbts ou plus,14,2523,53,22755,534602,584477,-8.5,De 450 à 700 000 entrées,CINEMAS PATHE,NON,NON,,FIXE,OUI,C,488,295,231,42.3,40.0,15.1,2.6,186,21.7,12.2,45.787335,4.812112
3,239121,CINÉMACHECOUL,PAYS DE LA LOIRE,23 RUE DES CAPUCINS,44087,Machecoul-Saint-Même,7859,44,44218,Machecoul-Saint-Même,7859,06-autres communes et unités urbaines,2,327,53,1250,38690,34941,10.7,De 30 à 40 000 entrées,,OUI,E,JP,FIXE,NON,I,222,162,15,60.3,27.3,10.7,1.7,111,25.6,20.1,46.993184,-1.823515
6,239353,PATHE MACON,BOURGOGNE / FRANCHE-COMTE,70 RUE MICHEL DEBRE,71270,Mâcon,35137,71,00554,Mâcon,63023,05-Unités urbaines de 20 000 à 100 000 hbts,11,2081,53,17165,384977,377548,2.0,De 300 à 450 000 entrées,CINEMAS PATHE,OUI,D,JPPR,FIXE,OUI,C,579,351,252,51.6,32.0,14.2,2.1,317,34.1,23.7,46.316471,4.838508
6,239412,LES ECRINS,AUVERGNE / RHONE-ALPES,STATION DE LA PLAGNE,73150,La Plagne Tarentaise,3959,73,00000,Zone rurale,14183345,06-autres communes et unités urbaines,1,289,31,394,8157,8470,-3.7,De 5 à 10 000 entrées,,NON,NON,,FIXE,NON,B,174,152,47,52.5,30.6,15.0,1.9,89,38.6,14.8,45.508685,6.679705
6,240661,SALLE SAINT MICHEL,BOURGOGNE / FRANCHE-COMTE,3 RUE AUBERT,25356,Maîche,4362,25,25112,Maîche,4559,06-autres communes et unités urbaines,1,320,50,398,17923,13059,37.2,De 10 à 20 000 entrées,,OUI,E,,FIXE,NON,I,208,174,0,66.0,21.6,10.7,1.7,95,40.9,35.7,47.252947,6.800494
2,241923,THEATRE CLAUDE DEBUSSY,ILE-DE-FRANCE,116 AVENUE DU GENERAL DE GAULLE,94046,Maisons-Alfort,57944,94,00851,Paris,10947378,02-Petite Couronne,1,406,42,167,15955,16372,-2.5,De 10 à 20 000 entrées,,NON,NON,,FIXE,NON,B,89,85,0,70.5,9.7,19.2,0.6,61,70.4,64.7,48.801474,2.430493
2,242003,L'ATALANTE,ILE-DE-FRANCE,48 RUE DU PRIEURE,78358,Maisons-Laffitte,23700,78,00851,Paris,10947378,03-Grande couronne,1,163,48,1100,37564,42193,-11.0,De 30 à 40 000 entrées,,OUI,C,JP,FIXE,NON,B,166,119,26,62.4,13.2,20.1,4.3,107,61.3,57.7,48.946355,2.147062
2,242422,MARCEL PAGNOL,ILE-DE-FRANCE,17 RUE BERANGER,92046,Malakoff,31412,92,00851,Paris,10947378,02-Petite Couronne,1,198,48,826,36057,35121,2.7,De 30 à 40 000 entrées,,OUI,C,JP,FIXE,NON,B,185,136,18,67.7,11.7,16.2,4.4,156,86.9,81.6,48.820911,2.302756
3,242852,ARMORIC CINEMA,BRETAGNE,RUE DANIEL RIALET,56124,Malestroit,2564,56,56122,Malestroit,4926,06-autres communes et unités urbaines,1,234,53,406,11499,11792,-2.5,De 10 à 20 000 entrées,,OUI,E,,FIXE,NON,C,212,170,1,58.4,22.2,13.0,6.5,108,44.9,37.7,47.808963,-2.386134
3,243552,REX,PAYS DE LA LOIRE,2 RUE DE LA GARE,72180,Mamers,5252,72,72203,Mamers,5761,06-autres communes et unités urbaines,2,271,53,2646,46801,43000,8.8,De 40 à 50 000 entrées,,OUI,E,JPPR,FIXE,NON,C,385,281,94,62.7,21.5,12.1,3.7,203,32.0,28.7,48.347714,0.363927
7,243839,SALLE LEONARD DE VINCI,PROVENCE-ALPES-COTE D'AZUR,ESTEREL GALLERY,06079,Mandelieu-la-Napoule,22067,06,06701,Nice,966577,04-Unités urbaines de 100 000 hbts ou plus,1,259,26,62,3290,6375,-48.4,De 2 à 5 000 entrées,,NON,NON,,FIXE,NON,B,47,41,0,63.8,13.9,22.2,0.1,21,36.2,22.4,43.535959,6.929182
3,244455,CINE POCHE,PAYS DE LA LOIRE,97 GRANDE RUE,72181,Le Mans,147983,72,72701,Le Mans,221529,04-Unités urbaines de 100 000 hbts ou plus,1,99,6,6,110,85,29.4,Moins de 2000 entrées,,NON,NON,,FIXE,NON,C,6,0,0,60.9,39.1,0.0,0.0,6,100.0,100.0,48.007214,0.195479
3,244481,CGR COLISEE,PAYS DE LA LOIRE,11 RUE DU PORT,72181,Le Mans,147983,72,72701,Le Mans,221529,04-Unités urbaines de 100 000 hbts ou plus,7,1126,53,9997,72443,55044,31.6,De 50 à 80 000 entrées,CGR,NON,NON,,FIXE,NON,C,203,130,112,42.6,38.1,12.2,7.0,56,9.8,15.5,48.002865,0.194124
3,244491,LE ROYAL,PAYS DE LA LOIRE,409 AVENUE FELIX GENESLAY,72181,Le Mans,147983,72,72701,Le Mans,221529,04-Unités urbaines de 100 000 hbts ou plus,1,94,50,621,14940,12643,18.2,De 10 à 20 000 entrées,,NON,NON,,FIXE,NON,C,202,139,1,73.4,7.1,12.0,7.6,114,55.4,56.7,47.968733,0.203923
3,244492,LES CINEASTES,PAYS DE LA LOIRE,PLACE DES COMTES DU MAINE,72181,Le Mans,147983,72,72701,Le Mans,221529,04-Unités urbaines de 100 000 hbts ou plus,4,383,49,6178,119687,113285,5.7,De 100 à 150 000 entrées,,OUI,A,RDJPPR,FIXE,NON,C,558,230,184,61.6,11.7,18.0,8.7,510,97.6,96.8,48.004856,0.20079
3,244496,PATHE LE MANS,PAYS DE LA LOIRE,3 PLACE DES JACOBINS,72181,Le Mans,147983,72,72701,Le Mans,221529,04-Unités urbaines de 100 000 hbts ou plus,11,1811,53,18784,397173,419829,-5.4,De 300 à 450 000 entrées,CINEMAS PATHE,NON,NON,,FIXE,OUI,C,450,256,197,46.2,37.2,15.1,1.5,181,22.3,15.9,48.007113,0.199047
2,244700,MEGA CGR,ILE-DE-FRANCE,PLACE HENRI DUNANT,78361,Mantes-la-Jolie,44114,78,00851,Paris,10947378,03-Grande couronne,9,2053,53,17481,355019,373743,-5.0,De 300 à 450 000 entrées,CGR,NON,NON,,FIXE,OUI,B,270,171,158,30.5,52.9,14.8,1.8,49,11.0,4.9,48.989664,1.715981
2,244715,LE CHAPLIN,ILE-DE-FRANCE,PLACE MENDES FRANCE,78361,Mantes-la-Jolie,44114,78,00851,Paris,10947378,03-Grande couronne,1,300,46,268,9841,8830,11.4,De 5 à 10 000 entrées,,NON,NON,,FIXE,NON,B,87,37,10,36.0,19.6,19.9,24.5,64,85.2,80.5,49.000101,1.683456
4,245883,CINE JIM 32,OCCITANIE,PLACE DU CHEVALIER D'ANTRAS,32233,Marciac,1288,32,00000,Zone rurale,14183345,06-autres communes et unités urbaines,1,88,52,417,8103,7352,10.2,De 5 à 10 000 entrées,,OUI,E,JP,FIXE,NON,R,278,237,15,60.1,19.6,15.8,4.5,184,62.9,59.1,43.525284,0.161702
6,245911,VOX,BOURGOGNE / FRANCHE-COMTE,RUE DES ECOLES,71275,Marcigny,1754,71,71108,Marcigny,2900,06-autres communes et unités urbaines,1,166,52,582,9686,8515,13.8,De 5 à 10 000 entrées,,OUI,E,,FIXE,NON,C,254,198,0,65.4,19.8,10.6,4.2,159,52.4,38.0,46.276444,4.040561
2,246432,ATMOSPHERE,ILE-DE-FRANCE,PARC DES CELESTINS,91363,Marcoussis,8398,91,00851,Paris,10947378,03-Grande couronne,1,231,53,926,22456,20200,11.2,De 20 à 30 000 entrées,,OUI,C,JP,FIXE,NON,B,230,186,1,63.3,21.6,11.1,4.0,157,56.5,48.5,48.642026,2.222592
5,246522,LE PONT DES ARTS,HAUTS DE FRANCE,PLACE DOUMER,59378,Marcq-en-Barœul,39319,59,59702,Lille (partie française),1062844,04-Unités urbaines de 100 000 hbts ou plus,3,426,53,5950,215370,196905,9.4,De 200 à 300 000 entrées,,OUI,C,JPPR,FIXE,NON,B,245,131,94,56.5,26.8,14.9,1.8,162,43.4,35.4,50.6668,3.075466
4,246763,L'ESTRAN,NOUVELLE AQUITAINE,PLACE CARNOT,17219,Marennes,6304,17,17206,Marennes-Hiers-Brouage,9948,06-autres communes et unités urbaines,1,206,52,935,22680,18792,20.7,De 20 à 30 000 entrées,,OUI,E,JPPR,FIXE,NON,C,255,172,3,61.6,21.3,9.5,7.6,160,43.3,39.8,45.821371,-1.108436
7,247550,MAISTRALE,CORSE,A ROTA,2A154,Marignana,112,2A,00000,Zone rurale,14183345,06-autres communes et unités urbaines,1,97,52,342,2039,1405,45.1,De 2 à 5 000 entrées,,OUI,E,PR,FIXE,NON,R,152,107,1,70.5,14.9,10.8,3.8,109,64.0,65.4,42.235245,8.804724
7,247565,SAINT-EXUPERY CINEMA,PROVENCE-ALPES-COTE D'AZUR,AVENUE JEAN MERMOZ,13054,Marignane,32735,13,00759,Marseille-Aix-en-Provence,1635844,04-Unités urbaines de 100 000 hbts ou plus,2,252,53,2707,39627,34567,14.6,De 30 à 40 000 entrées,,OUI,C,JP,FIXE,NON,B,271,202,45,42.0,40.2,15.1,2.8,141,27.2,22.6,43.419763,5.213706
8,248151,MARLYMAGES,GRAND EST,"1, RUE DE METZ",57447,Marly,10187,57,57701,Metz,294959,04-Unités urbaines de 100 000 hbts ou plus,1,146,53,705,24944,25528,-2.3,De 20 à 30 000 entrées,,OUI,C,,FIXE,NON,B,307,226,18,65.6,12.5,18.1,3.8,181,54.6,46.3,49.06744,6.148929
2,248192,FONTENELLE,ILE-DE-FRANCE,10 RUE CARNOT,78372,Marly-le-Roi,16857,78,00851,Paris,10947378,03-Grande couronne,2,336,50,2209,42460,53676,-20.9,De 40 à 50 000 entrées,,OUI,C,JP,FIXE,NON,B,243,183,74,65.4,13.1,16.9,4.6,167,65.9,65.9,48.871284,2.095564
4,248254,PLAZA,NOUVELLE AQUITAINE,32/36 BOULEVARD DE MARE,47157,Marmande,17797,47,00458,Marmande,29122,05-Unités urbaines de 20 000 à 100 000 hbts,4,513,52,5074,97538,94533,3.2,De 80 à 100 000 entrées,,OUI,D,JPPR,FIXE,NON,C,451,345,85,46.5,37.5,14.1,1.9,279,33.6,16.7,44.497638,0.168923
3,248763, ESPACE CULTUREL BEAUMARCHAIS,NORMANDIE,13 RUE DE LA REPUBLIQUE,76410,Maromme,10971,76,00755,Rouen,481277,04-Unités urbaines de 100 000 hbts ou plus,1,245,39,85,6450,4086,57.9,De 5 à 10 000 entrées,,NON,NON,,FIXE,NON,B,46,29,0,76.6,15.3,5.9,2.2,13,23.5,24.7,49.479355,1.042864
7,249441,PRADO,PROVENCE-ALPES-COTE D'AZUR,36 AVENUE DU PRADO,13055,Marseille,876602,13,00759,Marseille-Aix-en-Provence,1635844,04-Unités urbaines de 100 000 hbts ou plus,11,1433,53,17660,285191,265745,7.3,De 200 à 300 000 entrées,,NON,NON,,FIXE,OUI,C,275,196,186,47.1,37.4,14.2,1.4,73,19.5,14.9,43.28385,5.384511
7,249451,BONNEVEINE,PROVENCE-ALPES-COTE D'AZUR,AVENUE DE HAMBOURG,13055,Marseille,876602,13,00759,Marseille-Aix-en-Provence,1635844,04-Unités urbaines de 100 000 hbts ou plus,5,806,53,9381,90989,94694,-3.9,De 80 à 100 000 entrées,,NON,NON,,FIXE,NON,C,194,112,77,44.6,38.7,14.0,2.7,78,18.3,18.6,43.249625,5.389984
7,249471,PATHE MADELEINE,PROVENCE-ALPES-COTE D'AZUR,36 AVENUE DU MARECHAL FOCH,13055,Marseille,876602,13,00759,Marseille-Aix-en-Provence,1635844,04-Unités urbaines de 100 000 hbts ou plus,8,1358,53,11659,164805,160705,2.6,De 150 à 200 000 entrées,CINEMAS PATHE,NON,NON,,FIXE,OUI,C,409,250,172,50.0,28.7,16.9,4.4,258,63.1,52.8,43.300347,5.399852
7,249581,CHAMBORD,PROVENCE-ALPES-COTE D'AZUR,283 AVENUE DU PRADO,13055,Marseille,876602,13,00759,Marseille-Aix-en-Provence,1635844,04-Unités urbaines de 100 000 hbts ou plus,4,460,53,5692,98866,96241,2.7,De 80 à 100 000 entrées,,NON,NON,,FIXE,NON,C,99,78,64,47.2,23.6,27.7,1.6,54,55.6,53.1,43.273044,5.391418
7,249791, LES VARIETES,PROVENCE-ALPES-COTE D'AZUR,35 37 RUE VINCENT SCOTTO,13055,Marseille,876602,13,00759,Marseille-Aix-en-Provence,1635844,04-Unités urbaines de 100 000 hbts ou plus,7,565,53,12028,237271,215031,10.3,De 200 à 300 000 entrées,,OUI,A,RDJPPR,FIXE,NON,C,513,262,249,62.2,14.2,14.0,9.6,445,96.9,95.9,43.297447,5.379767
7,249831,LES TROIS PALMES,PROVENCE-ALPES-COTE D'AZUR,2 BOULEVARD LEON BANCAL,13055,Marseille,876602,13,00759,Marseille-Aix-en-Provence,1635844,04-Unités urbaines de 100 000 hbts ou plus,11,2436,53,18020,655082,657412,-0.4,De 450 à 700 000 entrées,CINEMAS PATHE,NON,NON,,FIXE,OUI,C,279,181,125,33.2,48.9,16.9,1.1,92,7.1,4.6,43.289155,5.481134
7,249942,ALHAMBRA,PROVENCE-ALPES-COTE D'AZUR,2 RUE DU CINEMA,13055,Marseille,876602,13,00759,Marseille-Aix-en-Provence,1635844,04-Unités urbaines de 100 000 hbts ou plus,1,256,50,1497,44676,42210,5.8,De 40 à 50 000 entrées,,OUI,A,JPPR,FIXE,NON,C,275,168,44,68.6,11.2,12.7,7.5,211,84.4,80.2,43.360713,5.330247
7,250410,CHATEAU DE LA BUZINE,PROVENCE-ALPES-COTE D'AZUR,56 TRAVERSE DE LA BUZINE,13055,Marseille,876602,13,00759,Marseille-Aix-en-Provence,1635844,04-Unités urbaines de 100 000 hbts ou plus,1,345,52,1086,17210,22995,-25.2,De 10 à 20 000 entrées,,NON,NON,,FIXE,NON,C,185,102,0,59.5,11.4,23.4,5.7,128,63.6,54.7,43.294553,5.498707
7,250412,GYPTIS,PROVENCE-ALPES-COTE D'AZUR,136 RUE LOUBON,13055,Marseille,876602,13,00759,Marseille-Aix-en-Provence,1635844,04-Unités urbaines de 100 000 hbts ou plus,1,230,44,822,21124,25250,-16.3,De 20 à 30 000 entrées,,OUI,A,JPPR,FIXE,NON,C,169,72,8,51.1,21.0,16.0,11.8,135,79.0,78.5,43.312724,5.384422
4,250751,LE SILVERADO,NOUVELLE AQUITAINE,LA CLE DES CHANTS,16211,Marthon,566,16,00000,Zone rurale,14183345,06-autres communes et unités urbaines,1,150,53,329,6214,5828,6.6,De 5 à 10 000 entrées,,OUI,E,,FIXE,NON,R,291,251,0,50.7,18.8,26.0,4.5,227,79.0,65.6,45.611664,0.44206
7,251251,TRIANON,OCCITANIE,4 RUE PAUL MENDRAS,48092,Marvejols,4956,48,48201,Marvejols,6201,06-autres communes et unités urbaines,1,177,50,1224,22343,21891,2.1,De 20 à 30 000 entrées,,OUI,E,JP,FIXE,NON,C,263,194,17,57.2,27.0,11.9,3.9,141,38.0,30.2,44.551614,3.291609
4,251922,SALLE NOTRE-DAME,OCCITANIE,QUARTIER CHANTEGRENOUILLE,32242,Masseube,1897,32,00000,Zone rurale,14183345,06-autres communes et unités urbaines,1,153,53,391,6121,6842,-10.5,De 5 à 10 000 entrées,,OUI,E,JP,FIXE,NON,R,258,216,24,50.6,28.1,18.1,3.2,159,54.4,41.1,43.42733,0.576514
2,252134,CINEMASSY,ILE-DE-FRANCE,PLACE DE FRANCE,91377,Massy,50844,91,00851,Paris,10947378,03-Grande couronne,3,263,53,5668,36714,31907,15.1,De 30 à 40 000 entrées,,OUI,C,RDJPPR,FIXE,NON,B,433,277,118,61.2,12.4,15.6,10.8,350,88.9,81.9,48.732679,2.288638
4,252212,LE FORUM,NOUVELLE AQUITAINE,RUE DES DOUVES,17224,Matha,2257,17,17104,Matha,2257,06-autres communes et unités urbaines,1,154,48,246,3981,3662,8.7,De 2 à 5 000 entrées,,NON,NON,,FIXE,NON,I,148,133,0,72.0,13.1,11.2,3.7,87,52.1,55.0,45.868856,-0.320748
6,252342,CINEMATOUR,BOURGOGNE / FRANCHE-COMTE,CINEMATOUR,71289,Matour,1176,71,00000,Zone rurale,14183345,06-autres communes et unités urbaines,1,199,53,267,7626,6445,18.3,De 5 à 10 000 entrées,,OUI,E,,FIXE,NON,R,223,174,0,71.6,13.1,9.9,5.4,130,56.7,48.3,46.306676,4.481344
4,252701,CINE CASTEL,NOUVELLE AQUITAINE,9 RUE DU CHÂTEAU,79079,Mauléon,8844,79,79207,Mauléon,8844,06-autres communes et unités urbaines,1,269,49,299,6221,5551,12.1,De 5 à 10 000 entrées,,OUI,E,,FIXE,NON,I,113,96,0,69.4,13.5,12.2,4.8,55,43.0,27.9,46.9250409,-0.7596104000000423
2,252712,LES 2 SCENES,ILE-DE-FRANCE,PLACE HENRI DUNANT,78380,Maule,6182,78,78401,Épône,21305,03-Grande couronne,1,102,50,1426,33409,31498,6.1,De 30 à 40 000 entrées,,OUI,E,RDJP,FIXE,NON,C,278,237,4,63.3,19.3,14.8,2.7,177,59.2,49.2,48.916554,1.821165
4,252742,MAULE BAITHA,NOUVELLE AQUITAINE,15 RUE ARNAUD DE MAYTIE,64371,Mauléon-Licharre,3189,64,64202,Mauléon-Licharre,6789,06-autres communes et unités urbaines,2,416,53,1223,19691,17859,10.3,De 10 à 20 000 entrées,,OUI,E,JP,FIXE,NON,C,375,303,75,54.0,29.5,13.2,3.3,201,45.0,30.9,43.221421,-0.889467
3,252991,L AURORE,BRETAGNE,5 RUE DU FRERE CYPRIEN,35168,Val d'Anast,4025,35,00000,Zone rurale,14183345,06-autres communes et unités urbaines,1,173,49,319,8674,7548,14.9,De 5 à 10 000 entrées,,OUI,E,,FIXE,NON,R,212,160,0,61.3,24.8,12.3,1.6,86,32.1,25.1,47.891029,-1.991909
6,253164,LE PRE BOURGES,AUVERGNE / RHONE-ALPES,RUE DU HUIT MAI,15120,Mauriac,3701,15,15104,Mauriac,3701,06-autres communes et unités urbaines,1,256,50,527,13726,13331,3.0,De 10 à 20 000 entrées,,OUI,E,JP,FIXE,NON,C,160,128,0,58.6,21.2,15.0,5.2,96,50.3,38.1,45.216795,2.333982
7,253313,Salle des Fêtes,OCCITANIE,Salle des Fêtes,66107,Maury,801,66,00000,Zone rurale,14183345,06-autres communes et unités urbaines,1,,48,304,14426,12786,12.8,De 10 à 20 000 entrées,,OUI,E,JP,ITINERANT,NON,R,133,101,12,60.3,26.1,13.0,0.6,62,38.0,31.3,42.814211,2.600537
4,253442,CINEMAUV,OCCITANIE,PLACE DU FOIRAL,32249,Mauvezin,2287,32,00000,Zone rurale,14183345,06-autres communes et unités urbaines,1,88,52,240,5703,5142,10.9,De 5 à 10 000 entrées,,OUI,E,JP,FIXE,NON,R,166,139,11,48.7,20.7,21.9,8.7,82,50.7,60.7,43.731827,0.878411
3,253763,VOX,PAYS DE LA LOIRE,16 PLACE JUHEL,53147,Mayenne,13495,53,53301,Mayenne,16575,06-autres communes et unités urbaines,3,374,53,4444,88865,87491,1.6,De 80 à 100 000 entrées,,OUI,E,RDJPPR,FIXE,NON,C,416,244,103,58.9,26.1,11.3,3.6,270,39.7,22.6,48.302362,-0.620404
4,254005,CINEMA APOLLO,OCCITANIE,PLACE DU MARECHAL LECLERC,81163,Mazamet,10361,81,81401,Mazamet,25228,05-Unités urbaines de 20 000 à 100 000 hbts,4,585,53,4850,49859,50993,-2.2,De 40 à 50 000 entrées,,OUI,D,JP,FIXE,NON,C,320,235,80,52.8,29.4,14.1,3.7,202,38.3,28.0,43.493101,2.374957
2,254801,UGC LE MAJESTIC,ILE-DE-FRANCE,11 PLACE HENRI IV,77284,Meaux,56191,77,77502,Meaux,82327,03-Grande couronne,7,846,36,8766,185847,,#VALEUR !,De 150 à 200 000 entrées,UGC,NON,NON,,FIXE,NON,C,297,119,79,34.3,49.7,14.3,1.7,164,18.4,13.1,48.9595301,2.8827296
6,255072,PANORAMIC,AUVERGNE / RHONE-ALPES,90 ROUTE CRET DU MIDI,74173,Megève,3123,74,00465,Sallanches,48255,05-Unités urbaines de 20 000 à 100 000 hbts,1,315,26,260,5287,5718,-7.5,De 5 à 10 000 entrées,,NON,NON,,FIXE,NON,B,86,72,41,63.4,24.1,12.5,0.0,25,18.5,15.7,45.861574,6.626043
6,255421,SALLE COMMUNALE,AUVERGNE / RHONE-ALPES,SALLE COMMUNALE,01241,Meillonnas,1414,01,00000,Zone rurale,14183345,06-autres communes et unités urbaines,1,,43,346,10239,8237,24.3,De 10 à 20 000 entrées,,NON,NON,,ITINERANT,NON,R,25,18,0,89.1,10.4,0.0,0.5,7,26.3,21.5,46.245266,5.347704
4,255911,LE MELIES,NOUVELLE AQUITAINE,PLACE BUJAULT,79174,Melle,6319,79,79206,Melle,6319,06-autres communes et unités urbaines,2,381,49,1093,29974,27648,8.4,De 20 à 30 000 entrées,,OUI,E,RDJPPR,FIXE,NON,C,253,177,3,66.5,19.0,10.3,4.2,190,71.4,53.2,46.222661,-0.144659
2,255991,VARIETES,ILE-DE-FRANCE,20 BD CHAMBLAIN,77288,Melun,41867,77,00851,Paris,10947378,03-Grande couronne,3,566,53,3123,49765,46145,7.8,De 40 à 50 000 entrées,,OUI,C,JPPR,FIXE,NON,B,394,268,71,46.9,31.7,12.9,8.4,234,40.9,40.4,48.533449,2.6548
7,256211,TRIANON,OCCITANIE,BD LUCIEN ARNAULT,48095,Mende,13143,48,48301,Mende,13143,06-autres communes et unités urbaines,4,516,51,4159,71176,59129,20.4,De 50 à 80 000 entrées,,OUI,E,JP,FIXE,NON,I,292,236,74,52.1,31.8,12.8,3.3,166,32.1,22.8,44.519155,3.499538
2,256983,CINEMA CONFLUENCES MENNECY,ILE-DE-FRANCE,ZAC MONTVRAIN II,91386,Mennecy,15914,91,00851,Paris,10947378,03-Grande couronne,6,421,53,9180,117662,93103,26.4,De 100 à 150 000 entrées,,NON,NON,,FIXE,NON,B,266,183,130,47.6,36.7,13.7,2.0,128,23.5,16.2,48.564849,2.441479
7,257302,EDEN,PROVENCE-ALPES-COTE D'AZUR,11 RUE DE LA REPUBLIQUE,06083,Menton,31163,06,06501,Menton-Monaco (partie française),71500,05-Unités urbaines de 20 000 à 100 000 hbts,3,377,53,4722,79940,75511,5.9,De 50 à 80 000 entrées,,OUI,D,,FIXE,NON,C,204,153,99,47.8,35.9,15.3,1.0,107,25.7,19.1,43.775396,7.50197
3,257772,LE STUDIO,BRETAGNE,CHEMIN DES DAMES,22147,Merdrignac,3186,22,22103,Merdrignac,3186,06-autres communes et unités urbaines,1,142,53,336,6242,7182,-13.1,De 5 à 10 000 entrées,,OUI,E,,FIXE,NON,I,158,130,0,60.4,24.4,13.7,1.4,55,32.8,30.6,48.19242,-2.416156
4,258161,MERIGNAC CINE,NOUVELLE AQUITAINE,PLACE CHARLES DE GAULLE,33281,Mérignac,74775,33,33701,Bordeaux,1008323,04-Unités urbaines de 100 000 hbts ou plus,4,1036,53,6939,207436,195670,6.0,De 200 à 300 000 entrées,,NON,NON,,FIXE,NON,B,235,149,107,47.4,35.8,15.4,1.4,86,13.1,10.5,44.842142,-0.647041
3,258652,Gérard Philipe,HAUTS DE FRANCE,RUE PAUL DOUMER,80533,Mers-les-Bains,2632,80,00359,Eu,16202,06-autres communes et unités urbaines,1,161,53,1431,49419,45199,9.3,De 40 à 50 000 entrées,,NON,NON,,FIXE,NON,B,191,156,80,61.8,25.8,11.2,1.3,93,23.3,18.7,50.066803,1.384364
3,258732,DOMINO,HAUTS DE FRANCE,RUE FRANÇOIS TRUFFAUT,60395,Méru,14546,60,60302,Méru,14546,06-autres communes et unités urbaines,2,237,50,1649,22368,26109,-14.3,De 20 à 30 000 entrées,,OUI,E,JPPR,FIXE,NON,I,228,174,53,36.6,47.1,13.8,2.5,84,24.1,25.1,49.234352,2.134691
5,258812,ESPACE CULTUREL ROBERT HOSSEIN,HAUTS DE FRANCE,"19, RUE DU PONT DE PIERRE",59400,Merville,9780,59,00752,Béthune,360499,04-Unités urbaines de 100 000 hbts ou plus,1,305,53,722,26892,25212,6.7,De 20 à 30 000 entrées,,NON,NON,,FIXE,NON,B,207,167,5,51.7,27.8,15.3,5.1,92,31.1,29.1,50.641083,2.637315
2,258952,LA LUCIOLE,ILE-DE-FRANCE,1 ROUTE DE PONTOISE,95394,Méry-sur-Oise,10083,95,00851,Paris,10947378,03-Grande couronne,1,228,41,340,5200,5567,-6.6,De 5 à 10 000 entrées,,NON,NON,,FIXE,NON,B,160,131,0,55.8,22.6,12.8,8.7,60,32.1,38.2,49.060326,2.170288
4,259022,FAMILY FUN PARK,NOUVELLE AQUITAINE,49 ROUTE DE SEMUSSAC,17230,Meschers-sur-Gironde,3201,17,17403,Royan,40635,05-Unités urbaines de 20 000 à 100 000 hbts,1,133,35,681,6432,9726,-33.9,De 5 à 10 000 entrées,,OUI,D,JP,FIXE,NON,B,175,122,1,59.3,22.0,14.1,4.6,122,57.6,41.5,45.564042,-0.95352
6,260602,CINEMA LE MONT D'OR,BOURGOGNE / FRANCHE-COMTE,16 RUE DU VILLAGE,25380,Métabief,1449,25,00000,Zone rurale,14183345,06-autres communes et unités urbaines,2,212,51,1250,20729,17964,15.4,De 20 à 30 000 entrées,,OUI,E,,FIXE,NON,R,196,171,33,53.6,33.5,11.8,1.1,91,23.8,17.6,46.773516,6.350469
8,260731,KLUB,GRAND EST,5/7 RUE FABERT,57463,Metz,122036,57,57701,Metz,294959,04-Unités urbaines de 100 000 hbts ou plus,7,972,53,10764,120880,121231,-0.3,De 100 à 150 000 entrées,Kinepolis,OUI,A,RDJPPR,FIXE,NON,C,539,293,248,58.6,15.6,18.0,7.9,468,96.2,92.0,49.118892,6.175464
8,260741,Kinepolis AMPHITHEATRE,GRAND EST,Rue des messageries ZAC de l'Amphithéâtre,57463,Metz,122036,57,57701,Metz,294959,04-Unités urbaines de 100 000 hbts ou plus,8,1105,53,11700,137996,137579,0.3,De 100 à 150 000 entrées,Kinepolis,NON,NON,,FIXE,OUI,C,172,121,112,33.4,47.4,17.7,1.5,21,5.7,4.2,49.105987,6.181481
2,260903,CENTRE D ART ET DE CULTURE,ILE-DE-FRANCE,15 BOULEVARD DES NATIONS-UNIES,92048,Meudon,46517,92,00851,Paris,10947378,02-Petite Couronne,1,458,47,456,24359,23649,3.0,De 20 à 30 000 entrées,,OUI,C,,FIXE,NON,B,201,128,1,48.1,24.5,19.7,7.7,146,70.1,64.9,48.81334,2.235774
2,260904,ESPACE CULTUREL ROBERT-DOISNEAU,ILE-DE-FRANCE,16 AV DE LATTRE DE TASSIGNY,92048,Meudon,46517,92,00851,Paris,10947378,02-Petite Couronne,1,268,47,405,13279,12997,2.2,De 10 à 20 000 entrées,,NON,NON,,FIXE,NON,B,181,128,1,58.5,22.4,14.4,4.8,121,65.0,57.7,48.7873,2.23254
3,261032,LA FABRIQUE,CENTRE-VAL DE LOIRE,5 RUE DES MAUVES,45203,Meung-sur-Loire,6660,45,45208,Meung-sur-Loire,9776,06-autres communes et unités urbaines,1,143,43,117,6536,6344,3.0,De 5 à 10 000 entrées,,NON,NON,,FIXE,NON,C,92,71,1,51.0,24.2,23.5,1.3,37,43.7,41.0,47.826282,1.696401
6,261273,CINEMA L HORLOGE,AUVERGNE / RHONE-ALPES,1 PLACE LIEUTENANT GIRAUD,01244,Meximieux,8141,01,01302,Meximieux,10998,06-autres communes et unités urbaines,1,166,49,1076,41653,38206,9.0,De 40 à 50 000 entrées,,OUI,E,JPPR,FIXE,NON,C,261,180,4,52.8,30.6,13.7,2.8,151,39.4,28.4,45.90391,5.192869
4,261351,LE SOUBISE,NOUVELLE AQUITAINE,13 BD DU PRE SOUBISE,19136,Meymac,2494,19,00000,Zone rurale,14183345,06-autres communes et unités urbaines,1,244,25,163,3389,5487,-38.2,De 2 à 5 000 entrées,,OUI,E,,FIXE,NON,I,115,108,0,58.1,28.0,10.6,3.3,67,48.4,32.3,45.532714,2.146857
6,261581,CINEMA LE RABELAIS,AUVERGNE / RHONE-ALPES,21 ROUTE DE FRANGY,74010,Annecy,134942,74,74601,Annecy,187946,04-Unités urbaines de 100 000 hbts ou plus,1,287,49,698,18153,16000,13.5,De 10 à 20 000 entrées,,NON,NON,,FIXE,NON,C,197,150,1,64.0,19.3,13.6,3.1,112,43.8,41.0,45.916394,6.090209
6,261603,CINE-MEYZIEU,AUVERGNE / RHONE-ALPES,27 RUE LOUIS SAULNIER,69282,Meyzieu,35468,69,00760,Lyon,1714833,04-Unités urbaines de 100 000 hbts ou plus,3,408,53,3944,74779,61618,21.4,De 50 à 80 000 entrées,,OUI,C,JP,FIXE,NON,B,324,222,77,49.8,34.4,14.1,1.7,174,31.4,23.7,45.765107,5.00317
7,261623,LE TAURUS,OCCITANIE,RUE DE LA MEDITERRANEE,34157,Mèze,12549,34,34303,Mèze,12549,06-autres communes et unités urbaines,1,144,49,1084,25875,23262,11.2,De 20 à 30 000 entrées,,OUI,E,JPPR,FIXE,NON,I,313,228,10,56.6,27.6,12.2,3.7,188,52.2,36.8,43.421612,3.601996
3,261730,MEGA CGR,BRETAGNE,CAP MALO - BORDURE D27 & RN 137,35177,La Mézière,5055,35,35131,La Mézière,5055,06-autres communes et unités urbaines,12,2475,53,23661,508620,504428,0.8,De 450 à 700 000 entrées,CGR,NON,NON,,FIXE,OUI,I,350,235,229,42.2,41.5,13.9,2.4,72,13.9,6.1,48.202673,-1.730539
3,262263,Le Prisme,BOURGOGNE / FRANCHE-COMTE,RUE PIERRE ET MARIE CURIE,89257,MIGENNES,7402,89,89301,Migennes,12152,06-autres communes et unités urbaines,2,231,53,2371,34384,32365,6.2,De 30 à 40 000 entrées,,OUI,E,JP,FIXE,NON,C,251,202,26,51.7,36.6,10.5,1.3,127,38.1,24.0,47.962079,3.50782
6,262461,Salle des Fêtes,AUVERGNE / RHONE-ALPES,RUE DAME PERNETTE,01247,Mijoux,312,01,00000,Zone rurale,14183345,06-autres communes et unités urbaines,1,,18,43,2009,802,150.5,De 2 à 5 000 entrées,,NON,NON,,ITINERANT,NON,R,30,23,6,77.1,18.6,4.4,0.0,10,24.4,27.2,46.36675,5.996859
4,262622,LES CINEMAS DE MILLAU,OCCITANIE,15 RUE DE LA CONDAMINE,12145,Millau,22178,12,12401,Millau,23791,05-Unités urbaines de 20 000 à 100 000 hbts,4,552,53,5062,86899,82245,5.7,De 80 à 100 000 entrées,,OUI,D,RDJPPR,FIXE,NON,C,392,260,84,54.9,29.4,13.1,2.6,254,33.0,26.8,44.100489,3.076198
4,262921,LE PARNASSE,NOUVELLE AQUITAINE,3 AVENUE DE LA GARE,40184,Mimizan,7489,40,40207,Mimizan,7489,06-autres communes et unités urbaines,1,450,53,626,20474,18304,11.9,De 20 à 30 000 entrées,,OUI,E,,FIXE,NON,I,204,173,40,54.2,32.2,11.2,2.4,101,28.3,18.4,44.20143,-1.228686
7,263261,COMOEDIA,PROVENCE-ALPES-COTE D'AZUR,15 RUE LOUIS CASTAGNE,13063,Miramas,26807,13,00759,Marseille-Aix-en-Provence,1635844,04-Unités urbaines de 100 000 hbts ou plus,1,165,48,1299,20731,23211,-10.7,De 20 à 30 000 entrées,,OUI,C,JPPR,FIXE,NON,B,280,173,6,56.1,19.5,16.7,7.7,198,64.3,53.4,43.581558,5.001721
4,263372,CINE ASTARAC,OCCITANIE,RUE DESMONTS,32256,Mirande,3733,32,32106,Mirande,4211,06-autres communes et unités urbaines,1,250,53,409,10980,10750,2.1,De 10 à 20 000 entrées,,OUI,E,JP,FIXE,NON,C,244,190,19,52.5,23.9,19.3,4.3,132,50.1,52.1,43.513752,0.405519
9,263484,RIO,GRAND EST,4 BIS RUE STE CECILE,88304,Mirecourt,5292,88,88205,Mirecourt,7311,06-autres communes et unités urbaines,1,332,53,700,17823,18536,-3.8,De 10 à 20 000 entrées,,NON,NON,,FIXE,NON,C,137,112,14,58.3,26.7,14.7,0.3,45,19.7,19.6,48.299898,6.132591
4,263563,ESPACE CULTUREL ANDRE MALRAUX,OCCITANIE,14 RUE VIDAL LABLACHE,09194,Mirepoix,3236,09,09103,Mirepoix,3236,06-autres communes et unités urbaines,1,106,50,831,9713,9781,-0.7,De 5 à 10 000 entrées,,OUI,E,JPPR,FIXE,NON,I,259,188,3,61.8,20.7,14.8,2.7,161,50.1,47.2,43.089583,1.87481
6,263612,Salle des Fêtes,AUVERGNE / RHONE-ALPES,Salle des Fêtes,01249,Miribel,10355,01,00760,Lyon,1714833,04-Unités urbaines de 100 000 hbts ou plus,1,,47,286,10760,12075,-10.9,De 10 à 20 000 entrées,,OUI,C,,ITINERANT,NON,B,165,117,1,67.7,17.5,12.7,2.1,98,54.8,45.1,45.871817,4.913437
2,263912,CONCORDE,ILE-DE-FRANCE,4 AV DES BOSQUETS,77294,Mitry-Mory,20713,77,00851,Paris,10947378,03-Grande couronne,1,210,50,1281,27226,30107,-9.6,De 20 à 30 000 entrées,,OUI,C,JPPR,FIXE,NON,B,368,257,6,48.9,21.6,18.3,11.2,249,63.4,49.7,48.956929,2.603083
6,264123,LE GRAND AIR,AUVERGNE / RHONE-ALPES,LE GRAND AIR,73157,Modane,3154,73,73106,Modane,3862,06-autres communes et unités urbaines,1,220,27,142,5275,3182,65.8,De 5 à 10 000 entrées,,NON,NON,,FIXE,NON,C,72,62,9,49.0,34.9,14.4,1.8,18,23.9,7.3,45.14954,6.634433
3,264151,LE KERFANY,BRETAGNE,13 RUE DES MOULINS,29150,Moëlan-sur-Mer,6906,29,29301,Moëlan-sur-Mer,11648,06-autres communes et unités urbaines,1,172,53,1202,56337,54682,3.0,De 50 à 80 000 entrées,,OUI,E,JPPR,FIXE,NON,I,332,256,40,66.1,16.0,14.0,3.9,208,57.9,52.1,47.808314,-3.635534
6,264442,FRANCOIS TRUFFAUT,BOURGOGNE / FRANCHE-COMTE,12 RUE DE LA POYAT,39333,Moirans-en-Montagne,2241,39,39101,Moirans-en-Montagne,2241,06-autres communes et unités urbaines,1,330,45,295,5179,5231,-1.0,De 5 à 10 000 entrées,,OUI,E,JP,FIXE,NON,I,231,203,1,64.2,21.9,9.7,4.2,146,58.4,42.7,46.457868,5.758014
4,264591, CONCORDE,OCCITANIE,19 BD DELBREL,82112,Moissac,14074,82,82401,Castelsarrasin,28478,05-Unités urbaines de 20 000 à 100 000 hbts,6,737,47,4670,42748,30803,38.8,De 40 à 50 000 entrées,,NON,NON,,FIXE,NON,B,229,185,78,42.9,42.7,13.5,0.9,96,20.3,12.3,44.132684,1.066545
2,264672,LA ROTONDE,ILE-DE-FRANCE,PLACE DU 14 JUILLET,77296,Moissy-Cramayel,18117,77,00851,Paris,10947378,03-Grande couronne,1,349,49,633,15813,18169,-13.0,De 10 à 20 000 entrées,,OUI,C,JP,FIXE,NON,B,193,138,2,52.0,25.7,15.7,6.7,116,54.7,54.6,48.628281,2.589982
4,266213,CINE'MONCLAR,OCCITANIE,PLACE DES CAPITOULS,82115,Monclar-de-Quercy,2051,82,00000,Zone rurale,14183345,06-autres communes et unités urbaines,1,153,53,247,3760,3384,11.1,De 2 à 5 000 entrées,,OUI,E,,FIXE,NON,R,225,182,0,59.1,18.2,16.3,6.4,144,62.3,61.5,43.966813,1.584453
4,266292,STELLA,NOUVELLE AQUITAINE,RUE JEANNE D ARC,79179,Moncoutant,5251,79,79201,Moncoutant-sur-Sèvre,5251,06-autres communes et unités urbaines,1,295,50,626,7590,6054,25.4,De 5 à 10 000 entrées,,OUI,E,JP,FIXE,NON,I,173,134,2,68.5,21.4,7.6,2.4,58,24.0,17.6,46.724207,-0.587156
3,266361,UGC Ciné Cité,NORMANDIE,RUE ERNEST COGNACQ,14437,Mondeville,10285,14,14701,Caen,212405,04-Unités urbaines de 100 000 hbts ou plus,12,2452,53,19481,472465,473203,-0.2,De 450 à 700 000 entrées,UGC,NON,NON,,FIXE,OUI,B,383,170,158,45.4,39.5,13.9,1.2,131,12.1,6.2,49.166065,-0.30018
4,266571,LA BOBINE,NOUVELLE AQUITAINE,22 RUE DU COMMERCE,64393,Monein,4520,64,64302,Mourenx,14053,06-autres communes et unités urbaines,1,159,52,751,9113,8642,5.5,De 5 à 10 000 entrées,,OUI,E,JP,FIXE,NON,C,274,225,0,59.4,19.5,13.1,8.0,157,55.7,48.8,43.320215,-0.579262
7,266752,LOUIS LUMIERE,PROVENCE-ALPES-COTE D'AZUR,RUE DES ECOLES,05079,Le Monêtier-les-Bains,1085,05,00000,Zone rurale,14183345,06-autres communes et unités urbaines,2,128,36,867,10514,10528,-0.1,De 10 à 20 000 entrées,,OUI,E,JP,FIXE,NON,R,169,102,1,61.6,17.6,14.4,6.4,135,74.2,62.0,44.975571,6.50728
6,266962,LA CAPITELLE,AUVERGNE / RHONE-ALPES,BOULEVARD DE MAZEL,43137,Monistrol-sur-Loire,9393,43,43301,Monistrol-sur-Loire,13923,06-autres communes et unités urbaines,2,348,52,1925,62664,57533,8.9,De 50 à 80 000 entrées,,OUI,E,JP,FIXE,NON,C,295,237,23,56.1,30.1,12.2,1.6,167,34.8,16.6,45.284509,4.176668
3,267061,FOYER RURAL,CENTRE-VAL DE LOIRE,SALLE RAYMOND DEVOS,37153,Monnaie,4732,37,37106,Monnaie,4732,06-autres communes et unités urbaines,1,,46,396,22509,18290,23.1,De 20 à 30 000 entrées,,OUI,E,JP,ITINERANT,NON,I,104,62,0,67.3,21.3,9.8,1.6,52,50.9,49.2,47.499906,0.752013
4,267243,LE LASCAUX,NOUVELLE AQUITAINE,RUE WILSON,24294,Montpon-Ménestérol,5878,24,00352,Montpon-Ménestérol,12136,06-autres communes et unités urbaines,1,179,53,659,16112,16342,-1.4,De 10 à 20 000 entrées,,OUI,E,JP,FIXE,NON,C,211,145,1,56.7,25.7,13.4,4.1,124,46.7,30.0,45.008093,0.159645
4,267391,EDEN,NOUVELLE AQUITAINE,7 RUE PORTE DU DROPT,33289,Monségur,1668,33,00000,Zone rurale,14183345,06-autres communes et unités urbaines,1,189,53,907,14099,12933,9.0,De 10 à 20 000 entrées,,OUI,E,JPPR,FIXE,NON,R,336,267,2,66.7,15.8,14.1,3.4,228,62.1,52.0,44.650724,0.079158
4,267433,LE LIBERTY 1,NOUVELLE AQUITAINE,RUE DE LA FRATERNITE,47179,Monsempron-Libos,2088,47,47302,Fumel,13116,06-autres communes et unités urbaines,2,312,53,1657,38046,34525,10.2,De 30 à 40 000 entrées,,OUI,E,RDJPPR,FIXE,NON,B,396,247,6,56.4,28.7,11.4,3.4,268,49.6,36.1,44.481887,0.946365
3,267832,LE MONTAGNARD,PAYS DE LA LOIRE,RUE DE VERDUN,44101,La Montagne,6515,44,44701,Nantes,683510,04-Unités urbaines de 100 000 hbts ou plus,1,205,47,395,15969,15323,4.2,De 10 à 20 000 entrées,,OUI,C,,FIXE,NON,B,224,175,0,59.3,21.8,14.5,4.4,118,47.3,41.4,47.18723,-1.679304
4,268124,GRAND ECRAN MONTAIGU-VENDEE,PAYS DE LA LOIRE,21 AVENUE VILLEBOIS-MAREUIL,85146,Montaigu-Vendée,21206,85,85401,Montaigu-Vendée,21206,05-Unités urbaines de 20 000 à 100 000 hbts,6,871,27,4505,77246,,#VALEUR !,De 50 à 80 000 entrées,GRAND ECRAN,NON,NON,,FIXE,NON,C,179,137,70,48.3,40.1,11.3,0.3,84,20.6,10.0,46.980486,-1.316563
3,268583,ALTICINE,CENTRE-VAL DE LOIRE,6 RUE DU PORT,45208,Montargis,15220,45,45501,Montargis,58722,05-Unités urbaines de 20 000 à 100 000 hbts,9,1499,53,13645,243148,246518,-1.4,De 200 à 300 000 entrées,,OUI,D,PR,FIXE,OUI,C,523,368,205,43.3,40.1,14.4,2.2,331,29.2,14.8,48.001962,2.729169
3,268733,PATHE MONTATAIRE,HAUTS DE FRANCE,91 RUE LOUIS BLANC & EMILE ZOLA,60414,Montataire,13834,60,60601,Creil,128302,04-Unités urbaines de 100 000 hbts ou plus,14,3292,53,22854,418984,454006,-7.7,De 300 à 450 000 entrées,CINEMAS PATHE,NON,NON,,FIXE,OUI,B,414,264,210,33.1,48.7,15.4,2.7,150,15.4,9.1,49.261576,2.452904
4,268813,CGR LE PARIS,OCCITANIE,21 BD GUSTAVE GARRISSON,82121,Montauban,63158,82,82501,Montauban,82406,05-Unités urbaines de 20 000 à 100 000 hbts,3,461,50,4268,44452,41890,6.1,De 40 à 50 000 entrées,CGR,OUI,D,RDJPPR,FIXE,NON,C,315,187,119,62.5,12.2,17.7,7.6,271,93.6,88.4,44.016766,1.361386
3,268841,CINE MONTAL,BRETAGNE,20 RUE DU PERRY,35184,Montauban-de-Bretagne,6487,35,35207,Montauban-de-Bretagne,6487,06-autres communes et unités urbaines,1,150,48,318,11998,11002,9.1,De 10 à 20 000 entrées,,OUI,E,,FIXE,NON,I,216,164,2,63.4,19.7,11.8,5.1,105,41.8,38.8,48.200293,-2.049655
7,268972,MAISON POUR TOUS,PROVENCE-ALPES-COTE D'AZUR,ROND POINT DU 8 MAI,83081,Montauroux,6730,83,83209,Montauroux,10297,06-autres communes et unités urbaines,1,284,53,938,23305,23322,-0.1,De 20 à 30 000 entrées,,OUI,E,JP,FIXE,NON,C,251,217,3,58.6,23.6,15.2,2.6,149,51.9,41.2,43.618473,6.771904
6,269141,LE PHENIX,BOURGOGNE / FRANCHE-COMTE,33 RUE D ABRANTES,21425,Montbard,4965,21,21203,Montbard,5290,06-autres communes et unités urbaines,1,167,53,1038,23029,21324,8.0,De 20 à 30 000 entrées,,OUI,E,JP,FIXE,NON,C,257,208,1,56.9,28.8,12.8,1.5,130,44.0,24.7,47.6229,4.338005
3,269222,LE GENERIQUE,CENTRE-VAL DE LOIRE,10 RUE DE MONTS,37154,Montbazon,4694,37,37701,Tours,371410,04-Unités urbaines de 100 000 hbts ou plus,1,182,49,684,28363,24522,15.7,De 20 à 30 000 entrées,,OUI,C,,FIXE,NON,B,165,135,9,62.9,24.9,11.7,0.5,76,34.2,35.5,47.286138,0.703952
6,269255,COLISEE CONCORDE,BOURGOGNE / FRANCHE-COMTE,8 RUE HENRI MOUHOT,25388,Montbéliard,26269,25,00651,Montbéliard,114985,04-Unités urbaines de 100 000 hbts ou plus,3,862,53,3901,36169,26225,37.9,De 30 à 40 000 entrées,,OUI,C,,FIXE,NON,C,201,154,93,63.1,19.6,12.5,4.8,157,74.2,80.6,47.50866,6.801618
6,269635,Cinéma REX,AUVERGNE / RHONE-ALPES,10 AVENUE CHARLES DE GAULLE,42147,Montbrison,16545,42,42401,Montbrison,24444,05-Unités urbaines de 20 000 à 100 000 hbts,5,816,53,6235,207094,189698,9.2,De 200 à 300 000 entrées,,OUI,D,JPPR,FIXE,NON,C,350,219,127,53.7,30.6,13.9,1.8,181,28.0,15.3,45.612675,4.067565
6,269854,L EMBARCADERE,BOURGOGNE / FRANCHE-COMTE,PLACE DES DROITS DE L HOMME,71306,Montceau-les-Mines,17488,71,71402,Montceau-les-Mines,37692,05-Unités urbaines de 20 000 à 100 000 hbts,1,850,52,703,21061,4897,330.1,De 20 à 30 000 entrées,,OUI,D,JP,FIXE,NON,C,204,160,0,55.2,25.8,14.9,4.1,103,34.5,39.1,46.675989,4.359989
3,270633,HOLLYWOOD AVENUE,HAUTS DE FRANCE,"2 BIS,  AV PAUL DOUMER",80561,Montdidier,6152,80,80203,Montdidier,6313,06-autres communes et unités urbaines,1,178,53,1228,31698,30100,5.3,De 30 à 40 000 entrées,,NON,NON,,FIXE,NON,C,193,151,20,51.2,34.7,12.1,2.0,59,19.0,16.4,49.647736,2.570756
6,270673,OLYMPIC,AUVERGNE / RHONE-ALPES,RUE LAVIALLE,63236,Mont-Dore,1292,63,00000,Zone rurale,14183345,06-autres communes et unités urbaines,1,178,46,403,9988,7756,28.8,De 5 à 10 000 entrées,,NON,NON,,FIXE,NON,R,67,60,3,84.9,8.7,6.5,0.0,24,20.6,14.0,45.575851,2.809534
6,271052,PALACE,AUVERGNE / RHONE-ALPES,16 BD DU PECHER,26198,Montélimar,40969,26,00553,Montélimar,59460,05-Unités urbaines de 20 000 à 100 000 hbts,5,613,53,4725,100670,73995,36.0,De 100 à 150 000 entrées,,NON,NON,,FIXE,NON,C,132,106,97,51.6,32.8,14.9,0.7,40,19.4,10.7,44.561459,4.748988
6,271055,SALLE DES TEMPLIERS,AUVERGNE / RHONE-ALPES,IMPASSE DU LION D'OR,26198,Montélimar,40969,26,00553,Montélimar,59460,05-Unités urbaines de 20 000 à 100 000 hbts,1,118,48,1394,29400,27370,7.4,De 20 à 30 000 entrées,,OUI,D,RDJPPR,FIXE,NON,C,308,160,40,57.4,10.2,25.4,7.1,257,92.1,86.3,44.557962,4.751413
6,271071,NEF,AUVERGNE / RHONE-ALPES,17 BD ARISTIDE BRIAND,26198,Montélimar,40969,26,00553,Montélimar,59460,05-Unités urbaines de 20 000 à 100 000 hbts,7,627,53,8552,88821,110249,-19.4,De 80 à 100 000 entrées,,NON,NON,,FIXE,NON,C,186,147,135,38.4,47.6,12.2,1.8,52,15.6,8.9,44.560981,4.749382
4,271162,ANDRONIS,NOUVELLE AQUITAINE,CENTRE CULTUREL1 RUE JACQUES BEAUMONT,17240,Montendre,3274,17,17120,Montendre,3645,06-autres communes et unités urbaines,1,120,49,476,6837,8606,-20.6,De 5 à 10 000 entrées,,OUI,E,JP,FIXE,NON,C,281,244,3,61.4,22.8,12.5,3.3,166,45.8,40.2,45.283756,-0.408153
3,272101,LA CANE,BRETAGNE,13 BD CARNOT,35188,Montfort-sur-Meu,6917,35,35212,Montfort-sur-Meu,6917,06-autres communes et unités urbaines,1,264,49,653,35435,34380,3.1,De 30 à 40 000 entrées,,OUI,E,JP,FIXE,NON,I,269,196,10,63.6,21.1,12.3,3.0,139,40.0,31.0,48.134411,-1.950548
7,272358,CINEMA JEAN GABIN,PROVENCE-ALPES-COTE D'AZUR,RUE DES ECOLES,05085,Montgenèvre,466,05,00000,Zone rurale,14183345,06-autres communes et unités urbaines,1,188,32,302,4468,4345,2.8,De 2 à 5 000 entrées,,NON,NON,,FIXE,NON,R,122,101,32,56.3,30.7,10.9,2.0,42,23.8,12.1,44.932175,6.724754
2,272392,LE CYRANO,ILE-DE-FRANCE,114 AVENUE DE LA REPUBLIQUE,91421,Montgeron,24217,91,00851,Paris,10947378,03-Grande couronne,1,329,51,1265,48281,40199,20.1,De 40 à 50 000 entrées,,OUI,C,JP,FIXE,NON,B,278,171,2,65.4,17.2,12.4,5.0,222,82.4,75.5,48.703763,2.46109
4,272481,LE CINE,NOUVELLE AQUITAINE,ALLEE DES PLATANES,17241,Montguyon,1583,17,00000,Zone rurale,14183345,06-autres communes et unités urbaines,1,133,53,539,8503,8562,-0.7,De 5 à 10 000 entrées,,OUI,E,JP,FIXE,NON,R,230,194,2,55.9,29.2,11.4,3.4,119,46.7,41.3,45.217551,-0.186333
4,272701,VOX,NOUVELLE AQUITAINE,PLACE BERTRAN DE BORN,24291,Montignac,2811,24,24105,Montignac-Lascaux,2811,06-autres communes et unités urbaines,1,176,52,801,20127,18253,10.3,De 20 à 30 000 entrées,,OUI,E,JPPR,FIXE,NON,I,258,181,3,57.9,23.5,14.1,4.5,172,55.4,48.7,45.063871,1.163498
2,273071,JACQUES BREL,ILE-DE-FRANCE,RUE DE LA MARE AUX CARATS,78423,Montigny-le-Bretonneux,32335,78,00851,Paris,10947378,03-Grande couronne,1,282,52,351,14648,14298,2.4,De 10 à 20 000 entrées,,NON,NON,,FIXE,NON,B,130,86,0,57.4,10.6,21.5,10.4,66,50.1,60.4,48.77004,2.03446
2,273182,CENTRE PICASSO,ILE-DE-FRANCE,RUE GUY DE MAUPASSANT,95424,Montigny-lès-Cormeilles,22305,95,00851,Paris,10947378,03-Grande couronne,1,304,28,64,6001,5097,17.7,De 5 à 10 000 entrées,,NON,NON,,FIXE,NON,B,27,11,0,36.1,31.6,28.5,3.8,13,63.0,71.6,48.997001,2.200873
3,273565,CINEMA LES ARTS,NORMANDIE,ZAC DE LA VALLEE                AVENUE DE LA BELLE ETOILE,76447,Montivilliers,15719,76,76701,Le Havre,233828,04-Unités urbaines de 100 000 hbts ou plus,4,861,53,5858,233340,221172,5.5,De 200 à 300 000 entrées,,NON,NON,,FIXE,NON,B,265,157,66,38.0,47.7,13.6,0.6,136,4.8,2.9,49.534592,0.181289
3,273631,MONTJEAN CINEMA,PAYS DE LA LOIRE,RUE DE L AUMONERIE,49244,Mauges-sur-Loire,18559,49,49307,Mauges-sur-Loire,18559,06-autres communes et unités urbaines,1,155,53,612,19713,16770,17.5,De 10 à 20 000 entrées,,NON,NON,,FIXE,NON,C,154,130,7,58.5,30.7,9.4,1.4,50,18.9,8.5,47.38864,-0.8621689999999944
6,274201,PALACE,AUVERGNE / RHONE-ALPES,30 BD DE COURTAIS,03185,Montluçon,34868,03,03501,Montluçon,53570,05-Unités urbaines de 20 000 à 100 000 hbts,5,662,53,6090,147058,143010,2.8,De 100 à 150 000 entrées,,OUI,D,,FIXE,NON,C,266,187,111,48.6,37.3,12.7,1.4,134,24.5,13.4,46.338813,2.602249
6,274272,SALLE LES AUGUSTINS,AUVERGNE / RHONE-ALPES,AVENUE DE LA GARE,01262,Montluel,6944,01,00760,Lyon,1714833,04-Unités urbaines de 100 000 hbts ou plus,1,171,43,120,5857,4944,18.5,De 5 à 10 000 entrées,,NON,NON,,FIXE,NON,B,99,76,0,72.2,14.6,9.5,3.7,51,50.4,43.3,45.85006,5.057372
9,274502,CINEMA LUX,GRAND EST,"1, RUE DU GÉNÉRAL LECLERC",55351,Montmédy,2124,55,55101,Montmédy,2124,06-autres communes et unités urbaines,1,98,51,338,4828,4744,1.8,De 2 à 5 000 entrées,,OUI,E,,FIXE,NON,I,164,140,0,57.6,21.4,16.1,4.9,81,47.4,33.4,49.519626,5.363556
6,274543,CHARLIE CHAPLIN,AUVERGNE / RHONE-ALPES,PLACE DU CENTENAIRE,73171,Montmélian,4137,73,73201,Montmélian,5987,06-autres communes et unités urbaines,1,158,49,300,9393,11370,-17.4,De 5 à 10 000 entrées,,OUI,E,,FIXE,NON,C,228,187,1,68.2,15.8,12.4,3.7,164,71.4,59.2,45.500407,6.048642
3,274603,LE DON CAMILLO,GRAND EST,AV DE GAULLE/RUE DE LA MOLOTTE,51380,Montmirail,3609,51,51108,Montmirail,3609,06-autres communes et unités urbaines,2,288,50,1335,15251,17231,-11.5,De 10 à 20 000 entrées,,OUI,E,JP,FIXE,NON,I,192,171,30,53.0,36.4,10.1,0.5,76,17.3,12.0,48.873643,3.534231
4,274682,LE MONTMORELIEN,NOUVELLE AQUITAINE,AVENUE D'AQUITAINE,16230,Montmoreau,2604,16,00000,Zone rurale,14183345,06-autres communes et unités urbaines,1,92,53,210,5935,5132,15.6,De 5 à 10 000 entrées,,OUI,E,,FIXE,NON,R,166,128,1,50.1,28.8,17.9,3.1,104,58.9,61.3,45.396196,0.130119
2,274702,L'EDEN,ILE-DE-FRANCE,5 RUE DE PONTOISE,95428,Montmorency,21942,95,00851,Paris,10947378,03-Grande couronne,2,222,53,2981,25015,24456,2.3,De 20 à 30 000 entrées,,NON,NON,,FIXE,NON,B,250,210,31,62.3,18.5,16.7,2.4,137,50.1,52.7,48.988818,2.318091
4,274732,MAJESTIC,NOUVELLE AQUITAINE,52 BD DE STRASBOURG,86165,Montmorillon,6372,86,86202,Montmorillon,6372,06-autres communes et unités urbaines,1,166,53,972,21482,19440,10.5,De 20 à 30 000 entrées,,OUI,E,JPPR,FIXE,NON,I,317,223,0,63.4,23.8,10.9,1.9,202,55.7,39.2,46.424909,0.870092
6,274900, SALLE D'ANIMATION RURALE,AUVERGNE / RHONE-ALPES,CHEMIN DE CHAMBE,26208,Montoison,1976,26,00000,Zone rurale,14183345,06-autres communes et unités urbaines,1,,8,83,14875,12934,15.0,De 10 à 20 000 entrées,,NON,NON,,ITINERANT,NON,R,33,24,0,79.4,8.9,8.5,3.3,25,51.9,59.1,44.794674,4.937598
7,275201,DIAGONAL CAPITOLE,OCCITANIE,5 RUE DE VERDUN,34172,Montpellier,302425,34,34701,Montpellier,472000,04-Unités urbaines de 100 000 hbts ou plus,6,1067,53,11681,359973,349457,3.0,De 300 à 450 000 entrées,,OUI,A,RDJPPR,FIXE,NON,C,488,283,261,57.2,17.9,16.1,8.9,416,91.4,88.2,43.607742,3.880324
7,275205,UTOPIA SAINTE BERNADETTE,OCCITANIE,5 AV DU DOCTEUR PEZET,34172,Montpellier,302425,34,34701,Montpellier,472000,04-Unités urbaines de 100 000 hbts ou plus,3,265,53,5285,70962,70290,1.0,De 50 à 80 000 entrées,,OUI,A,RDJPPR,FIXE,NON,C,457,196,37,57.1,14.5,16.5,11.8,379,94.6,90.3,43.628684,3.868881
7,275273,GAUMONT COMEDIE,OCCITANIE,10 PLACE DE LA COMEDIE,34172,Montpellier,302425,34,34701,Montpellier,472000,04-Unités urbaines de 100 000 hbts ou plus,8,1113,53,13192,286114,275611,3.8,De 200 à 300 000 entrées,CINEMAS PATHE,NON,NON,,FIXE,OUI,C,412,214,138,33.4,44.1,18.4,4.1,195,25.4,18.7,43.609061,3.880069
7,275311,PATHE ODYSSEUM,OCCITANIE,235 RUE GEORGES MELIES,34172,Montpellier,302425,34,34701,Montpellier,472000,04-Unités urbaines de 100 000 hbts ou plus,17,3786,53,30094,953097,"1,023,227",-6.9,De 700 000 à 1 million d'entrées,CINEMAS PATHE,NON,NON,,FIXE,OUI,C,373,230,226,33.2,47.7,16.5,2.5,116,19.2,11.7,43.603985,3.91557
7,275334,CINEMA NESTOR BURMA,OCCITANIE,2 RUE MARCELIN ALBERT,34172,Montpellier,302425,34,34701,Montpellier,472000,04-Unités urbaines de 100 000 hbts ou plus,1,107,50,1609,26487,25987,1.9,De 20 à 30 000 entrées,,OUI,A,JPPR,FIXE,NON,C,349,234,7,57.1,20.5,13.0,9.4,288,80.0,81.7,43.61435,3.828731
7,275336,Maison pour Tous et Cinéma Louis Feuillade,OCCITANIE,410 AVENUE DE BARCELONE,34172,Montpellier,302425,34,34701,Montpellier,472000,04-Unités urbaines de 100 000 hbts ou plus,1,88,31,271,4280,4679,-8.5,De 2 à 5 000 entrées,,NON,NON,,FIXE,NON,C,51,40,0,44.2,39.2,1.3,15.4,26,64.2,88.0,43.624323,3.817591
6,275460,SALLE POLYVALENTE,AUVERGNE / RHONE-ALPES,SALLE POLYVALENTE,07189,Ribes,332,07,00000,Zone rurale,14183345,06-autres communes et unités urbaines,1,,51,306,15358,16213,-5.3,De 10 à 20 000 entrées,,OUI,E,JP,ITINERANT,NON,R,159,109,1,73.6,4.2,13.1,9.0,119,73.1,58.8,44.495224,4.20018
4,275751,CINE SELECT,OCCITANIE,25 ROUTE DEREALMONT,81182,Montredon-Labessonnié,2060,81,00000,Zone rurale,14183345,06-autres communes et unités urbaines,1,202,38,110,3753,3032,23.8,De 2 à 5 000 entrées,,NON,NON,,FIXE,NON,R,71,54,0,64.7,25.6,5.9,3.8,17,20.6,19.3,43.720217,2.323868
4,275771,VARIETES,OCCITANIE,7 PLACE DE VERDUN,31390,Montréjeau,2758,31,00254,Montréjeau,5568,06-autres communes et unités urbaines,1,200,49,459,5813,5643,3.0,De 5 à 10 000 entrées,,OUI,E,JP,FIXE,NON,C,278,214,0,64.9,13.3,13.4,8.4,197,65.0,58.6,43.084724,0.571254
2,276086,MELIES,ILE-DE-FRANCE,PLACE JEAN JAURES,93048,Montreuil,111954,93,00851,Paris,10947378,02-Petite Couronne,6,1139,53,10348,414327,354890,16.7,De 300 à 450 000 entrées,,OUI,C,RDJPPR,FIXE,NON,B,798,371,290,52.9,22.7,14.7,9.7,559,78.0,69.7,48.862437,2.442502
5,276221,THÉÂTRE DE MONTREUIL-SUR-MER,HAUTS DE FRANCE,PLACE DU GÉNÉRAL DE GAULLE,62588,Montreuil,2036,62,62203,Montreuil-sur-Mer,6702,06-autres communes et unités urbaines,1,200,38,227,5398,7320,-26.3,De 5 à 10 000 entrées,,OUI,E,JP,FIXE,NON,C,103,73,0,67.0,14.0,14.3,4.7,69,64.8,60.6,50.461411,1.759867
3,276351,LE REGENT,CENTRE-VAL DE LOIRE,3 BD PHILIPPE AUGUSTE,41151,Montrichard Val de Cher,3716,41,41204,Montrichard Val de Cher,7561,06-autres communes et unités urbaines,1,195,53,837,30518,27221,12.1,De 30 à 40 000 entrées,,OUI,E,JPPR,FIXE,NON,C,269,207,13,61.4,19.7,13.8,5.1,157,44.5,30.3,47.343448,1.182804
6,276361,FORUM,AUVERGNE / RHONE-ALPES,STATION DES KARELLIS,73173,Montricher-Albanne,487,73,00000,Zone rurale,14183345,06-autres communes et unités urbaines,1,315,25,231,3363,3703,-9.2,De 2 à 5 000 entrées,,NON,NON,,FIXE,NON,R,87,72,30,55.1,29.4,14.5,1.0,23,22.6,12.4,45.22819,6.404581
2,276554,CINE MONTROUGE,ILE-DE-FRANCE,88 RUE RACINE,92049,Montrouge,48174,92,00851,Paris,10947378,02-Petite Couronne,1,154,48,689,23935,23345,2.5,De 20 à 30 000 entrées,,OUI,C,JP,FIXE,NON,B,172,130,2,65.9,15.4,14.4,4.3,116,65.0,63.0,48.813222,2.311441
3,276712,ARIEL,NORMANDIE,PLACE COLBERT,76451,Mont-Saint-Aignan,20101,76,00755,Rouen,481277,04-Unités urbaines de 100 000 hbts ou plus,1,278,48,968,23696,23326,1.6,De 20 à 30 000 entrées,,OUI,C,RDJPPR,FIXE,NON,B,186,120,0,72.8,4.5,18.5,4.2,165,90.9,88.0,49.462477,1.070892
3,277201,MAJESTIC,PAYS DE LA LOIRE,8 RUE DE GESNES,53161,Montsûrs-Saint-Céneré,3250,53,53110,Montsûrs,3250,06-autres communes et unités urbaines,1,290,49,308,6900,6185,11.6,De 5 à 10 000 entrées,,OUI,E,,FIXE,NON,I,142,116,1,61.6,22.5,11.9,4.1,53,26.4,21.9,48.136733,-0.555009
6,277331,RUITOR,AUVERGNE / RHONE-ALPES,CENTRE COMMERCIAL LES TERRASSES,73176,Montvalezan,728,73,00000,Zone rurale,14183345,06-autres communes et unités urbaines,2,291,32,463,4799,4819,-0.4,De 2 à 5 000 entrées,,NON,NON,,FIXE,NON,R,133,104,31,60.3,23.5,15.5,0.6,55,26.8,16.8,45.62746,6.848058
4,277721,CINELOISIRS,NOUVELLE AQUITAINE,PLACE LEO BOUYSSOU,40197,Morcenx,5108,40,40201,Morcenx-la-Nouvelle,5108,06-autres communes et unités urbaines,1,309,53,735,14463,12918,12.0,De 10 à 20 000 entrées,,OUI,E,JP,FIXE,NON,I,207,165,47,52.3,31.4,14.0,2.3,94,29.6,23.3,44.033295,-0.911916
6,277851,LE DAUPHIN,AUVERGNE / RHONE-ALPES,PLACE ANTOINE CHANOZ,38261,Morestel,4606,38,38405,La Tour-du-Pin,40313,05-Unités urbaines de 20 000 à 100 000 hbts,1,161,53,858,24207,20493,18.1,De 20 à 30 000 entrées,,OUI,E,JP,FIXE,NON,C,197,152,5,56.9,28.4,9.8,4.9,95,33.8,28.8,45.676633,5.469622
3,277893,Salle des Fêtes,HAUTS DE FRANCE,Salle des Fêtes,80570,Moreuil,4022,80,80117,Moreuil,4518,06-autres communes et unités urbaines,1,,26,78,2696,4137,-34.8,De 2 à 5 000 entrées,,NON,NON,,ITINERANT,NON,C,41,19,0,72.2,11.8,15.2,0.8,23,52.1,61.1,49.780148,2.47974
6,277940,Casino,BOURGOGNE / FRANCHE-COMTE,RUE DE L'INDUSTRIE,39368,Hauts de Bienne,5496,39,39202,Hauts de Bienne,7854,06-autres communes et unités urbaines,2,308,50,1101,13386,10592,26.4,De 10 à 20 000 entrées,,OUI,E,,FIXE,NON,C,196,166,49,53.7,33.2,11.7,1.4,72,21.1,22.4,46.523212,6.020616
3,278231,RIALTO,BRETAGNE,3 RUE DE L HOSPICE,29151,Morlaix,15172,29,29403,Morlaix,26478,05-Unités urbaines de 20 000 à 100 000 hbts,3,697,53,3310,64218,58563,9.7,De 50 à 80 000 entrées,,NON,NON,,FIXE,NON,C,90,80,63,47.3,38.9,13.1,0.7,6,5.2,2.4,48.575673,-3.827938
3,278243,SEW,BRETAGNE,39 QUAI LEON,29151,Morlaix,15172,29,29403,Morlaix,26478,05-Unités urbaines de 20 000 à 100 000 hbts,3,289,53,3600,60570,70415,-14.0,De 50 à 80 000 entrées,,OUI,D,RDJPPR,FIXE,NON,C,429,265,81,60.0,16.4,16.3,7.2,377,93.8,93.6,48.583319,-3.834328
6,278432,CINEMA JEAN CARMET,AUVERGNE / RHONE-ALPES,BOULEVARD DU PILAT,69141,Mornant,6413,69,69202,Mornant,6413,06-autres communes et unités urbaines,1,298,50,873,31570,29377,7.5,De 30 à 40 000 entrées,,OUI,E,JPPR,FIXE,NON,C,236,153,0,66.5,15.1,12.7,5.8,174,65.1,61.5,45.616568,4.675055
3,278721,ETOILE,NORMANDIE,56 PLACE DU GENERAL DE GAULLE,61293,Mortagne-au-Perche,4055,61,61106,Mortagne-au-Perche,4956,06-autres communes et unités urbaines,1,146,49,1020,33903,32004,5.9,De 30 à 40 000 entrées,,OUI,E,JP,FIXE,NON,C,225,172,8,61.1,23.1,14.3,1.6,131,43.1,36.4,48.520588,0.545946
6,278802,LE PARIS,BOURGOGNE / FRANCHE-COMTE,9 BIS GRANDE RUE,25411,Morteau,7187,25,25301,Morteau,10469,06-autres communes et unités urbaines,1,120,47,836,20705,16515,25.4,De 20 à 30 000 entrées,,NON,NON,,FIXE,NON,C,89,70,1,52.0,34.1,11.8,2.1,22,14.1,21.6,47.056013,6.605836
6,278805,L ATALANTE,BOURGOGNE / FRANCHE-COMTE,PLACE DE L HOTEL DE VILLE,25411,Morteau,7187,25,25301,Morteau,10469,06-autres communes et unités urbaines,1,340,47,346,11489,10297,11.6,De 10 à 20 000 entrées,,OUI,E,JP,FIXE,NON,C,110,79,2,62.8,17.0,17.1,3.1,90,88.0,74.5,47.05651,6.604743
6,279184,REX,AUVERGNE / RHONE-ALPES,LE BOURG,74191,Morzine,2764,74,74113,Morzine,4615,06-autres communes et unités urbaines,1,288,37,399,13645,13219,3.2,De 10 à 20 000 entrées,,NON,NON,,FIXE,NON,C,108,85,48,48.2,35.1,15.2,1.5,36,16.9,10.3,46.179604,6.706652
6,279192,LES PORTES DU SOLEIL,AUVERGNE / RHONE-ALPES,PLACE CENTRALE,74191,Morzine,2764,74,74113,Morzine,4615,06-autres communes et unités urbaines,1,261,29,360,19709,19508,1.0,De 10 à 20 000 entrées,,NON,NON,,FIXE,NON,C,84,67,46,41.8,45.4,11.6,1.2,18,10.3,3.3,46.190882,6.776907
7,279662,PLEIN AIR LE CHATEAU,PROVENCE-ALPES-COTE D'AZUR,13 PLACE SUZANNE VILLENEUVE,06084,Mouans-Sartoux,10397,06,06701,Nice,966577,04-Unités urbaines de 100 000 hbts ou plus,1,200,8,8,1439,1435,0.3,Moins de 2000 entrées,,NON,NON,,FIXE,NON,B,8,8,1,30.7,69.3,0.0,0.0,0,0.0,0.0,43.620396,6.969027
7,279663,CINE LA STRADA,PROVENCE-ALPES-COTE D'AZUR,AVENUE DE CANNES,06084,Mouans-Sartoux,10397,06,06701,Nice,966577,04-Unités urbaines de 100 000 hbts ou plus,5,847,53,7249,175797,198742,-11.5,De 150 à 200 000 entrées,,NON,NON,,FIXE,NON,B,284,225,110,45.6,40.0,13.3,1.1,160,24.5,14.4,43.617882,6.97286
6,280653,CGR MOULINS,AUVERGNE / RHONE-ALPES,RUE MARCELLIN DESBOUTINS,03190,Moulins,19997,03,03401,Moulins,39082,05-Unités urbaines de 20 000 à 100 000 hbts,9,1118,53,15242,185780,178577,4.0,De 150 à 200 000 entrées,CGR,OUI,D,JP,FIXE,OUI,C,399,259,158,51.8,32.9,13.4,1.8,216,23.6,15.5,46.56427,3.339458
4,280894,CINE M,NOUVELLE AQUITAINE,8 BOULEVARD DE LA REPUBLIQUE,64410,Mourenx,6075,64,64302,Mourenx,14053,06-autres communes et unités urbaines,2,238,53,3114,19811,20161,-1.7,De 10 à 20 000 entrées,,OUI,E,RDJPPR,FIXE,NON,C,365,288,82,48.9,27.4,18.3,5.4,233,55.2,39.9,43.369451,-0.629102
6,281723,REX,AUVERGNE / RHONE-ALPES,AVENUE DES BELLEVILLE,73181,Moûtiers,3932,73,73109,Moûtiers,4946,06-autres communes et unités urbaines,2,263,50,1163,14590,14851,-1.8,De 10 à 20 000 entrées,,OUI,E,JP,FIXE,NON,C,220,169,11,53.4,29.1,11.8,5.8,105,30.2,27.2,45.483587,6.527476
3,282092,Salle des Fêtes,GRAND EST,Salle des Fêtes,08311,Mouzon,2266,08,00000,Zone rurale,14183345,06-autres communes et unités urbaines,1,,53,767,38864,34476,12.7,De 30 à 40 000 entrées,,OUI,E,JPPR,ITINERANT,NON,I,143,82,2,65.9,17.6,12.7,3.7,95,52.8,51.8,49.582217,5.079352
4,282411,ENTRACTE,NOUVELLE AQUITAINE,PLACE FREDERIC BASTIAT,40201,Mugron,1432,40,00000,Zone rurale,14183345,06-autres communes et unités urbaines,1,192,52,822,15432,12804,20.5,De 10 à 20 000 entrées,,OUI,E,JPPR,FIXE,NON,R,324,251,4,63.8,16.0,15.8,4.4,215,57.9,49.6,43.750527,-0.749807
8,282583,STUDIO BEL AIR,GRAND EST,31 RUE FENELON,68224,Mulhouse,109285,68,68701,Mulhouse,249916,04-Unités urbaines de 100 000 hbts ou plus,1,126,53,1688,34251,33938,0.9,De 30 à 40 000 entrées,,OUI,A,RDJPPR,FIXE,NON,C,240,118,58,50.6,16.6,17.4,15.4,191,93.9,86.1,47.733763,7.30706
8,282631,Kinepolis,GRAND EST,175 AVENUE ROBERT SCHUMAN,68224,Mulhouse,109285,68,68701,Mulhouse,249916,04-Unités urbaines de 100 000 hbts ou plus,14,4533,53,22293,345665,394625,-12.4,De 300 à 450 000 entrées,Kinepolis,NON,NON,,FIXE,OUI,C,400,240,233,26.9,53.0,17.1,3.0,80,12.5,4.3,47.760377,7.351564
8,282651,LE PALACE,GRAND EST,BOULEVARD DE COLMAR,68224,Mulhouse,109285,68,68701,Mulhouse,249916,04-Unités urbaines de 100 000 hbts ou plus,8,854,53,14713,98328,97601,0.7,De 80 à 100 000 entrées,UGC,NON,NON,,FIXE,OUI,C,354,192,178,50.4,26.7,19.0,3.9,242,52.8,52.5,47.755602,7.334726
3,282731,SIMONE SIGNORET,PAYS DE LA LOIRE,AVENUE BONEN,72213,Mulsanne,5295,72,72207,Mulsanne,5295,06-autres communes et unités urbaines,1,252,50,464,13720,11831,16.0,De 10 à 20 000 entrées,,OUI,E,JP,FIXE,NON,I,155,116,1,71.0,12.9,10.6,5.6,66,40.6,36.5,47.913307,0.246735
8,282842,L'ESPACE CULTUREL SAINT GREGOIRE (EX- LE SAINT GREGOIRE),GRAND EST,1 PLACE DES TUILERIES,68226,Munster,4794,68,68301,Munster,12059,06-autres communes et unités urbaines,1,247,53,657,24107,21399,12.7,De 20 à 30 000 entrées,,OUI,E,JP,FIXE,NON,C,199,141,1,52.4,23.5,18.4,5.7,104,43.5,42.7,48.03997,7.14025
8,282860,ESPACE RIED BRUN,GRAND EST,"2, RUE POINCARE",68227,Muntzenheim,1312,68,00000,Zone rurale,14183345,06-autres communes et unités urbaines,1,252,31,46,3028,2688,12.6,De 2 à 5 000 entrées,,NON,NON,,FIXE,NON,R,45,29,0,33.5,49.7,15.4,1.4,13,28.3,26.5,48.101851,7.468382
6,282922,L ARVERNE,AUVERGNE / RHONE-ALPES,18 AVENUE HECTOR PESCHAUD,15138,Murat,1913,15,00000,Zone rurale,14183345,06-autres communes et unités urbaines,1,100,49,534,8603,8248,4.3,De 5 à 10 000 entrées,,OUI,E,JP,FIXE,NON,I,202,157,0,61.5,17.8,16.9,3.8,125,54.4,46.2,45.110108,2.86664
4,282999,BERTRAND TAVERNIER,OCCITANIE,RUE DE LA PARRO,12164,Mur-de-Barrez,710,12,00000,Zone rurale,14183345,06-autres communes et unités urbaines,1,94,53,200,3874,3322,16.6,De 2 à 5 000 entrées,,OUI,E,,FIXE,NON,R,159,131,0,59.9,22.0,11.7,6.4,86,49.7,36.8,44.844783,2.659612
2,283043,FREDERIC DARD CLUB A,ILE-DE-FRANCE,77 RUE PAUL DOUMER,78440,Les Mureaux,33705,78,00851,Paris,10947378,03-Grande couronne,2,360,53,2323,32772,35272,-7.1,De 30 à 40 000 entrées,,OUI,C,JP,FIXE,NON,B,265,210,19,44.5,31.5,17.0,7.1,147,42.3,41.2,48.993874,1.910246
6,283051,LE THEATRE,AUVERGNE / RHONE-ALPES,PLACE DU THEATRE,38269,La Mure,5109,38,38207,La Mure,6603,06-autres communes et unités urbaines,2,508,42,1633,34870,31812,9.6,De 30 à 40 000 entrées,,OUI,E,JP,FIXE,NON,C,230,165,6,64.1,20.3,10.6,5.1,147,46.7,39.3,44.901927,5.786028
4,283105,VEO - GRAND - MERMOZ,OCCITANIE,AVENUE JACQUES DOUZANS,31395,Muret,25336,31,00758,Toulouse,1062736,04-Unités urbaines de 100 000 hbts ou plus,8,1041,53,13012,426984,420938,1.4,De 300 à 450 000 entrées,,OUI,C,JPPR,FIXE,OUI,B,481,267,193,42.7,41.5,14.4,1.5,271,27.7,14.4,43.465865,1.326927
4,283412,SALLE NOTRE DAME,NOUVELLE AQUITAINE,MAIRIE,24299,Mussidan,2836,24,24202,Mussidan,7330,06-autres communes et unités urbaines,1,141,53,646,12813,13075,-2.0,De 10 à 20 000 entrées,,OUI,E,JP,FIXE,NON,C,195,157,0,60.6,23.8,13.4,2.2,110,42.9,32.7,45.034377,0.364624
8,283523,CINEMA LE ROHAN,GRAND EST,"39, RUE DU CHATEAU",67313,Mutzig,6136,67,67401,Molsheim,27503,05-Unités urbaines de 20 000 à 100 000 hbts,1,226,53,336,6123,5879,4.2,De 5 à 10 000 entrées,,OUI,D,,FIXE,NON,C,182,140,2,46.2,27.7,22.6,3.5,112,53.6,54.6,48.536154,7.453136
3,283551,SALLE JEANNE D ARC,BRETAGNE,RUE RENE BAZIN,56143,Muzillac,5181,56,56201,Muzillac,5181,06-autres communes et unités urbaines,1,186,53,486,13084,11774,11.1,De 10 à 20 000 entrées,,OUI,E,,FIXE,NON,I,223,180,1,62.3,22.6,10.2,4.9,114,36.9,28.5,47.555803,-2.484734
9,284111,UGC SAINT JEAN,GRAND EST,54 RUE ST JEAN,54395,Nancy,105885,54,54701,Nancy,290016,04-Unités urbaines de 100 000 hbts ou plus,8,1021,53,10782,168786,165833,1.8,De 150 à 200 000 entrées,UGC,NON,NON,,FIXE,OUI,C,283,122,114,36.5,41.6,20.0,1.9,131,26.2,22.0,48.689694,6.178976
9,284113,Caméo SAINT SEBASTIEN,GRAND EST,6 RUE LEOPOLD LALLEMENT,54395,Nancy,105885,54,54701,Nancy,290016,04-Unités urbaines de 100 000 hbts ou plus,4,1062,52,6505,111300,113210,-1.7,De 100 à 150 000 entrées,,OUI,A,RDJPPR,FIXE,NON,C,299,202,131,56.2,20.0,16.5,7.3,254,80.7,83.2,48.689045,6.178729
9,284121,Caméo COMMANDERIE,GRAND EST,"16, RUE DE LA COMMANDERIE",54395,Nancy,105885,54,54701,Nancy,290016,04-Unités urbaines de 100 000 hbts ou plus,4,450,52,6568,118392,116769,1.4,De 100 à 150 000 entrées,,OUI,A,RDJPPR,FIXE,NON,C,364,210,127,62.3,6.1,21.6,10.0,331,98.3,97.5,48.687007,6.172177
9,284155,FORUM,GRAND EST,"201, AVENUE RAYMOND PINCHARD",54395,Nancy,105885,54,54701,Nancy,290016,04-Unités urbaines de 100 000 hbts ou plus,1,163,3,3,87,108,-19.4,Moins de 2000 entrées,,NON,NON,,FIXE,NON,C,3,0,0,100.0,0.0,0.0,0.0,3,100.0,100.0,48.704545,6.157804
9,284207,Kinepolis NANCY,GRAND EST,3/5 RUE VICTOR,54395,Nancy,105885,54,54701,Nancy,290016,04-Unités urbaines de 100 000 hbts ou plus,10,2644,53,15747,452016,516795,-12.5,De 450 à 700 000 entrées,Kinepolis,NON,NON,,FIXE,OUI,C,311,188,176,32.4,48.4,16.5,2.7,46,9.9,4.9,48.691512,6.195241
2,284362,LA BERGERIE,ILE-DE-FRANCE,COUR EMILE ZOLA,77327,Nangis,8990,77,77207,Nangis,8990,03-Grande couronne,1,132,49,680,9348,10013,-6.6,De 5 à 10 000 entrées,,OUI,E,JP,FIXE,NON,I,157,123,1,49.6,23.6,20.1,6.8,67,39.8,39.5,48.555127,3.0133
2,284490,LES LUMIERES,ILE-DE-FRANCE,49 RUE MAURICE THOREZ,92050,Nanterre,96402,92,00851,Paris,10947378,02-Petite Couronne,4,660,53,6917,88484,96646,-8.4,De 80 à 100 000 entrées,,OUI,C,RDJPPR,FIXE,NON,B,335,207,160,53.4,23.4,19.9,3.3,271,67.5,61.4,48.892601,2.195729
2,284502,CAP CINEMA NANTERRE,ILE-DE-FRANCE,200 ALLEE DE CORSE,92050,Nanterre,96402,92,00851,Paris,10947378,02-Petite Couronne,10,1491,53,19455,190347,175770,8.3,De 150 à 200 000 entrées,CGR,NON,NON,,FIXE,OUI,B,294,191,180,22.7,56.5,14.1,6.7,47,9.3,5.1,48.900167,2.21295
3,284613,PATHE NANTES,PAYS DE LA LOIRE,12 PLACE DU COMMERCE,44109,Nantes,325857,44,44701,Nantes,683510,04-Unités urbaines de 100 000 hbts ou plus,12,1875,53,21504,494803,488528,1.3,De 450 à 700 000 entrées,CINEMAS PATHE,NON,NON,,FIXE,OUI,C,413,225,204,43.2,37.4,17.0,2.4,196,41.6,28.7,47.213357,-1.558244
3,284631,KATORZA,PAYS DE LA LOIRE,3 RUE CORNEILLE,44109,Nantes,325857,44,44701,Nantes,683510,04-Unités urbaines de 100 000 hbts ou plus,6,877,53,9181,279819,275056,1.7,De 200 à 300 000 entrées,CINEVILLE,OUI,A,RDJPPR,FIXE,NON,C,376,215,187,56.1,15.6,19.8,8.5,312,93.4,89.3,47.213603,-1.562528
3,284662,CONCORDE,PAYS DE LA LOIRE,79 BD DE L EGALITE,44109,Nantes,325857,44,44701,Nantes,683510,04-Unités urbaines de 100 000 hbts ou plus,4,287,50,5985,119654,108365,10.4,De 100 à 150 000 entrées,,OUI,A,RDJP,FIXE,NON,C,411,287,82,65.4,13.8,13.3,7.5,343,78.4,70.4,47.21118,-1.586751
3,284694,BONNE GARDE,PAYS DE LA LOIRE,20 RUE DU FRERE LOUIS,44109,Nantes,325857,44,44701,Nantes,683510,04-Unités urbaines de 100 000 hbts ou plus,1,341,48,678,25691,23921,7.4,De 20 à 30 000 entrées,,OUI,A,RDJPPR,FIXE,NON,C,360,220,0,61.3,19.3,12.1,7.3,274,79.4,75.9,47.195308,-1.538372
3,284747,LE CINEMATOGRAPHE,PAYS DE LA LOIRE,12 BIS RUE DES CARMELITES,44109,Nantes,325857,44,44701,Nantes,683510,04-Unités urbaines de 100 000 hbts ou plus,1,162,52,1311,49616,46405,6.9,De 40 à 50 000 entrées,,OUI,A,RDJPPR,FIXE,NON,C,380,35,13,32.2,34.5,17.3,16.0,334,91.2,92.4,47.216901,-1.551545
6,285872,CLUB,AUVERGNE / RHONE-ALPES,4 RUE DU DOCTEUR LEVRAT,01269,Nantua,3587,01,01124,Nantua,4232,06-autres communes et unités urbaines,1,298,50,1129,20360,20448,-0.4,De 20 à 30 000 entrées,,OUI,E,JPPR,FIXE,NON,C,269,188,6,56.1,30.7,10.5,2.7,146,43.0,36.1,46.153678,5.603874
7,285966,MEGA CGR,OCCITANIE,ROUTE DE PERPIGNAN,11262,Narbonne,57320,11,11501,Narbonne,57320,05-Unités urbaines de 20 000 à 100 000 hbts,9,1258,53,15174,310497,305124,1.8,De 300 à 450 000 entrées,CGR,NON,NON,,FIXE,OUI,I,241,169,157,42.0,41.6,15.1,1.3,34,7.1,3.9,43.163076,2.984491
7,285975,LE CINEMA SCENE NATIONALE DE NARBONNE,OCCITANIE,2 AVENUE MAITRE HUBERT MOULY,11262,Narbonne,57320,11,11501,Narbonne,57320,05-Unités urbaines de 20 000 à 100 000 hbts,1,276,49,874,40562,35493,14.3,De 40 à 50 000 entrées,,OUI,D,JPPR,FIXE,NON,I,223,132,53,66.0,10.6,13.2,10.1,212,98.4,97.7,43.180232,3.014167
4,286432,LE CINEMA,NOUVELLE AQUITAINE,28 PLACE DU MARCADIEU,64417,Nay,3464,64,64701,Pau,207171,04-Unités urbaines de 100 000 hbts ou plus,2,260,2,82,3608,,#VALEUR !,De 2 à 5 000 entrées,,NON,NON,,FIXE,NON,B,15,14,2,38.2,56.7,5.1,0.0,8,42.7,37.2,43.179549,-0.264253
2,286831,MELIES,ILE-DE-FRANCE,9 RUE BEZOUT,77333,Nemours,13109,77,77401,Nemours,21148,03-Grande couronne,3,507,52,2330,28775,27230,5.7,De 20 à 30 000 entrées,,NON,NON,,FIXE,NON,C,122,82,41,31.4,54.2,11.9,2.5,52,8.3,13.9,48.265654,2.695374
4,286912,LE MARGOT,NOUVELLE AQUITAINE,PLACE DU GENERAL DE GAULLE,47195,Nérac,7365,47,47301,Nérac,12276,06-autres communes et unités urbaines,1,236,17,167,8836,12346,-28.4,De 5 à 10 000 entrées,,OUI,E,JP,FIXE,NON,C,82,67,0,68.2,16.5,14.9,0.5,55,59.5,45.1,44.13533,0.339366
3,287391,LE VIKING,NORMANDIE,68 RUE DE LA REPUBLIQUE,27428,Le Neubourg,4478,27,27115,Le Neubourg,5055,06-autres communes et unités urbaines,2,502,50,2480,59792,53619,11.5,De 50 à 80 000 entrées,,NON,NON,,FIXE,NON,C,172,136,56,55.7,31.7,11.7,1.0,70,19.8,13.4,49.148993,0.902155
9,287452,NEOPOLIS,GRAND EST,1 BIS  RUE DE LA COMEDIE,88321,Neufchâteau,6925,88,88204,Neufchâteau,6925,06-autres communes et unités urbaines,3,385,53,4240,74736,73505,1.7,De 50 à 80 000 entrées,,OUI,E,JP,FIXE,NON,I,244,174,97,54.0,31.6,13.3,1.1,111,20.3,12.4,48.353974,5.695801
5,287462,CINEMA 2001,HAUTS DE FRANCE,23 AV DE LA CONCORDE,62604,Neufchâtel-Hardelot,3818,62,62206,Neufchâtel-Hardelot,7463,06-autres communes et unités urbaines,1,198,37,756,13287,14143,-6.1,De 10 à 20 000 entrées,,NON,NON,,FIXE,NON,C,71,64,10,67.5,24.6,6.4,1.5,22,22.8,17.1,50.632496,1.578876
3,287472,NORMANDY,NORMANDIE,18 RUE POISSONNIERE,76462,Neufchâtel-en-Bray,4855,76,76202,Neufchâtel-en-Bray,5284,06-autres communes et unités urbaines,1,227,53,569,22899,23268,-1.6,De 20 à 30 000 entrées,,OUI,E,,FIXE,NON,C,151,124,0,58.9,27.9,12.2,0.9,67,32.2,19.8,49.730796,1.442643
2,288024,LA FAUVETTE,ILE-DE-FRANCE,21 AV DANIEL PERDRIGE,93049,Neuilly-Plaisance,21059,93,00851,Paris,10947378,02-Petite Couronne,1,146,50,1274,22912,22089,3.7,De 20 à 30 000 entrées,,OUI,C,JP,FIXE,NON,B,245,176,0,53.3,17.7,16.7,12.3,165,64.1,57.5,48.87311,2.510505
2,288151,LE VILLAGE I,ILE-DE-FRANCE,4 RUE DE CHEZY,92051,Neuilly-sur-Seine,60411,92,00851,Paris,10947378,02-Petite Couronne,2,500,53,2545,64449,65578,-1.7,De 50 à 80 000 entrées,,NON,NON,,FIXE,NON,B,149,93,27,63.4,13.8,22.0,0.8,83,40.0,39.2,48.885364,2.268222
3,288291,CIRCUIT 2,CENTRE-VAL DE LOIRE,CINEMOBILE,45142,Fay-aux-Loges,3860,45,45203,Fay-aux-Loges,6777,06-autres communes et unités urbaines,1,,47,980,31188,31891,-2.2,De 30 à 40 000 entrées,,OUI,E,JPPR,ITINERANT,NON,C,108,55,2,60.2,25.2,10.4,4.2,59,38.5,39.4,47.940501,2.182716
4,288571,LE PARADISIO,NOUVELLE AQUITAINE,PLACE DE LA MAIRIE,19148,Neuvic,1916,19,00000,Zone rurale,14183345,06-autres communes et unités urbaines,1,144,49,279,6327,5945,6.4,De 5 à 10 000 entrées,,OUI,E,,FIXE,NON,R,190,151,0,60.1,23.6,13.9,2.4,94,38.2,26.3,45.38274,2.272379
4,288922,LE MAJESTIC,NOUVELLE AQUITAINE,PLACE ARISTIDE BRIAND,86177,Neuville-de-Poitou,5459,86,86201,Neuville-de-Poitou,5459,06-autres communes et unités urbaines,1,134,45,253,9548,9170,4.1,De 5 à 10 000 entrées,,OUI,E,,FIXE,NON,I,112,91,0,72.4,21.1,5.8,0.7,67,64.2,62.0,46.68787,0.246293
6,289344,REX,AUVERGNE / RHONE-ALPES,4 AV DU 11 NOVEMBRE,69143,Neuville-sur-Saône,7700,69,00760,Lyon,1714833,04-Unités urbaines de 100 000 hbts ou plus,2,269,51,1654,47683,44815,6.4,De 40 à 50 000 entrées,,OUI,C,,FIXE,NON,B,159,108,29,60.7,29.2,9.5,0.5,78,28.4,28.9,45.87473,4.841744
6,289783,CINE MAZARIN,BOURGOGNE / FRANCHE-COMTE,RUE DE CHARLEVILLE,58194,Nevers,33285,58,58501,Nevers,59817,05-Unités urbaines de 20 000 à 100 000 hbts,10,1816,53,13798,264143,257798,2.5,De 200 à 300 000 entrées,CINEWEST,OUI,D,JP,FIXE,OUI,C,432,286,191,47.2,37.1,13.7,1.9,212,26.3,15.0,46.989632,3.150328
7,290022,RIALTO,PROVENCE-ALPES-COTE D'AZUR,4 RUE DE RIVOLI,06088,Nice,346376,06,06701,Nice,966577,04-Unités urbaines de 100 000 hbts ou plus,5,703,53,8088,108140,102896,5.1,De 100 à 150 000 entrées,,OUI,A,,FIXE,NON,C,252,153,139,55.0,16.5,21.9,6.5,228,95.5,96.5,43.696032,7.258586
7,290032,VARIETES,PROVENCE-ALPES-COTE D'AZUR,5/7 BD VICTOR HUGO,06088,Nice,346376,06,06701,Nice,966577,04-Unités urbaines de 100 000 hbts ou plus,7,1108,53,12275,164739,147025,12.0,De 150 à 200 000 entrées,,NON,NON,,FIXE,NON,C,263,143,133,47.2,31.8,18.7,2.3,102,17.3,15.9,43.699902,7.26609
7,290044,PATHE MASSENA,PROVENCE-ALPES-COTE D'AZUR,31 AVENUE JEAN MEDECIN,06088,Nice,346376,06,06701,Nice,966577,04-Unités urbaines de 100 000 hbts ou plus,7,1358,53,11224,170760,188729,-9.5,De 150 à 200 000 entrées,CINEMAS PATHE,NON,NON,,FIXE,NON,C,317,193,175,61.4,15.5,18.0,5.0,225,84.5,79.6,43.702059,7.266941
7,290063,ESPACE MAGNAN,PROVENCE-ALPES-COTE D'AZUR,31 RUE LOUIS DE COPPET,06088,Nice,346376,06,06701,Nice,966577,04-Unités urbaines de 100 000 hbts ou plus,1,149,17,125,11062,10413,6.2,De 10 à 20 000 entrées,,NON,NON,,FIXE,NON,C,43,6,0,28.7,10.0,57.3,4.0,29,64.2,59.3,43.692782,7.245773
7,290093,CINEMA JEAN PAUL BELMONDO,PROVENCE-ALPES-COTE D'AZUR,16 PLACE GARIBALDI,06088,Nice,346376,06,06701,Nice,966577,04-Unités urbaines de 100 000 hbts ou plus,3,154,48,4088,56282,56914,-1.1,De 50 à 80 000 entrées,,OUI,A,RDJPPR,FIXE,NON,C,488,335,115,70.3,7.9,12.1,9.7,368,82.8,73.2,43.700772,7.280789
7,290191,PATHE LINGOSTIERE,PROVENCE-ALPES-COTE D'AZUR,604 ROUTE DE GRENOBLE,06088,Nice,346376,06,06701,Nice,966577,04-Unités urbaines de 100 000 hbts ou plus,13,2584,53,21847,521431,571515,-8.8,De 450 à 700 000 entrées,CINEMAS PATHE,NON,NON,,FIXE,OUI,C,442,248,192,33.6,47.2,16.9,2.3,140,13.8,7.7,43.671643,7.203332
7,290388,PATHE GARE DU SUD,PROVENCE-ALPES-COTE D'AZUR,PLACE DE LA GARE DU SUD,06088,Nice,346376,06,06701,Nice,966577,04-Unités urbaines de 100 000 hbts ou plus,9,1537,53,15726,433521,473008,-8.3,De 300 à 450 000 entrées,CINEMAS PATHE,NON,NON,,FIXE,OUI,C,266,159,128,37.1,44.2,16.6,2.1,77,8.8,8.1,43.709724,7.261413
7,290975,LE SEMAPHORE,OCCITANIE,25 RUE PORTE DE FRANCE,30189,Nîmes,149761,30,30601,Nîmes,185561,04-Unités urbaines de 100 000 hbts ou plus,6,571,53,11168,195557,196893,-0.7,De 150 à 200 000 entrées,,OUI,B,RDJPPR,FIXE,NON,C,543,261,219,63.8,12.4,16.7,7.1,483,93.0,90.5,43.833909,4.357425
7,291014,FORUM Kinepolis,OCCITANIE,130 RUE MICHEL DEBRE,30189,Nîmes,149761,30,30601,Nîmes,185561,04-Unités urbaines de 100 000 hbts ou plus,12,2928,53,19351,483205,505577,-4.4,De 450 à 700 000 entrées,Kinepolis,NON,NON,,FIXE,OUI,C,363,218,209,34.7,47.6,15.9,1.8,68,11.0,4.3,43.814338,4.367462
7,291027,CGR NIMES,OCCITANIE,ZAC DE LA GARE CENTRALE,30189,Nîmes,149761,30,30601,Nîmes,185561,04-Unités urbaines de 100 000 hbts ou plus,10,1604,53,18358,248233,252565,-1.7,De 200 à 300 000 entrées,CGR,NON,NON,,FIXE,OUI,C,276,191,183,34.8,47.6,15.5,2.1,50,8.6,4.4,43.856426,4.403645
4,291114,LE MOULIN DU ROC,NOUVELLE AQUITAINE,9 BOULEVARD MAIN,79191,Niort,60845,79,79501,Niort,75558,05-Unités urbaines de 20 000 à 100 000 hbts,3,1024,49,3036,63165,48449,30.4,De 50 à 80 000 entrées,,OUI,D,RDJPPR,FIXE,NON,C,223,112,81,71.1,6.2,14.6,8.2,206,98.7,97.4,46.326112,-0.468239
4,291144,MEGA CGR,NOUVELLE AQUITAINE,PLACE DE LA BRECHE,79191,Niort,60845,79,79501,Niort,75558,05-Unités urbaines de 20 000 à 100 000 hbts,12,2021,53,23378,390323,383268,1.8,De 300 à 450 000 entrées,CGR,NON,NON,,FIXE,OUI,C,375,246,235,44.2,39.7,14.2,1.9,111,15.2,7.0,46.337524,-0.481854
4,291731,NOGARO CINE,OCCITANIE,RUE DE LA POSTE,32296,Nogaro,2238,32,00000,Zone rurale,14183345,06-autres communes et unités urbaines,1,296,3,3,262,8191,-96.8,Moins de 2000 entrées,,OUI,E,JP,FIXE,NON,R,3,1,0,30.5,25.6,43.9,0.0,1,33.3,30.5,43.758956,-0.034329
3,291822,REX,CENTRE-VAL DE LOIRE,26 PLACE DU 11 AOUT,28280,Nogent-le-Rotrou,9866,28,28208,Nogent-le-Rotrou,9866,06-autres communes et unités urbaines,3,481,53,3719,80609,68306,18.0,De 80 à 100 000 entrées,,OUI,E,RDJPPR,FIXE,NON,C,292,204,66,53.3,33.0,12.4,1.3,181,26.6,15.0,48.322377,0.818153
2,291891,ROYAL PALACE,ILE-DE-FRANCE,165 GRANDE RUE CHARLES DE GAULLE,94052,Nogent-sur-Marne,33820,94,00851,Paris,10947378,02-Petite Couronne,6,815,53,9105,188057,188762,-0.4,De 150 à 200 000 entrées,,OUI,C,JPPR,FIXE,NON,B,353,204,153,50.0,32.8,15.6,1.6,217,40.1,31.3,48.838331,2.489437
3,291964,LUMIERE SALLE MICHEL PICCOLI,GRAND EST,AVENUE PASTEUR,10268,Nogent-sur-Seine,6062,10,10202,Nogent-sur-Seine,6062,06-autres communes et unités urbaines,2,226,53,1640,25540,25939,-1.5,De 20 à 30 000 entrées,,OUI,E,JP,FIXE,NON,I,287,242,49,45.3,35.1,17.3,2.3,158,31.2,20.7,48.489946,3.505014
6,292201,LE FOYER,AUVERGNE / RHONE-ALPES,PLACE DE L'EGLISE,42159,Noirétable,1681,42,00000,Zone rurale,14183345,06-autres communes et unités urbaines,1,181,52,305,13012,8930,45.7,De 10 à 20 000 entrées,,NON,NON,,FIXE,NON,R,136,103,0,70.5,18.9,8.7,2.0,54,30.5,23.1,45.8173155,3.7672235
4,292231,MIMOSA,PAYS DE LA LOIRE,73 AV JOSEPH PINEAU,85163,Noirmoutier-en-l'Île,4588,85,85135,Noirmoutier-en-l'Île,4588,06-autres communes et unités urbaines,2,500,52,1372,55019,51423,7.0,De 50 à 80 000 entrées,,OUI,E,,FIXE,NON,I,185,163,50,68.9,19.5,10.7,0.9,96,34.9,25.7,47.004998,-2.240623
2,292341,LA FERME DU BUISSON,ILE-DE-FRANCE,ALLEE DE LA FERME,77337,Noisiel,15853,77,00851,Paris,10947378,03-Grande couronne,2,386,49,2432,51008,50240,1.5,De 50 à 80 000 entrées,,OUI,C,RDJPPR,FIXE,NON,B,274,165,29,57.0,16.1,12.4,14.4,223,88.7,77.1,48.84468,2.624254
2,292374,UGC Ciné Cité,ILE-DE-FRANCE,CENTRE COMMERCIAL LES ARCADES,93051,Noisy-le-Grand,69352,93,00851,Paris,10947378,02-Petite Couronne,10,1799,53,17580,260233,274998,-5.4,De 200 à 300 000 entrées,UGC,NON,NON,,FIXE,OUI,B,390,173,160,31.6,49.3,16.7,2.4,167,22.9,13.8,48.840097,2.547002
2,292377,LE BIJOU,ILE-DE-FRANCE,PLACE DE LA LIBERATION,93051,Noisy-le-Grand,69352,93,00851,Paris,10947378,02-Petite Couronne,3,416,53,5480,122716,116805,5.1,De 100 à 150 000 entrées,,OUI,C,JPPR,FIXE,NON,B,286,141,81,47.4,30.7,15.0,7.0,231,72.6,65.6,48.849023,2.552482
4,292782,CINEMA LOUIS DELLUC,NOUVELLE AQUITAINE,PLACE DES DROITS DE L'HOMME,24311,Nontron,3151,24,24109,Nontron,3970,06-autres communes et unités urbaines,1,169,53,956,22124,21100,4.9,De 20 à 30 000 entrées,,OUI,E,JPPR,FIXE,NON,C,264,197,1,60.2,22.5,14.9,2.4,156,50.8,38.0,45.523215,0.659963
3,293121,CINEMA PARADISO,PAYS DE LA LOIRE,24 BD DE LA GARE,44110,Nort-sur-Erdre,9396,44,44221,Nort-sur-Erdre,9396,06-autres communes et unités urbaines,1,230,52,507,20307,19904,2.0,De 20 à 30 000 entrées,,OUI,E,JP,FIXE,NON,I,244,186,1,58.5,26.4,10.4,4.7,128,48.6,48.4,47.441735,-1.502661
3,293392,COLOMBIER,NORMANDIE,RUE RENE COTY,76476,Port-Jérôme-sur-Seine,10453,76,76402,Lillebonne,22369,05-Unités urbaines de 20 000 à 100 000 hbts,3,657,53,2532,37383,34759,7.5,De 30 à 40 000 entrées,,NON,NON,,FIXE,NON,C,191,152,51,38.9,47.5,12.9,0.7,86,14.1,5.2,49.491272,0.575902
4,293531,LES YOLES SALLE STE THERESE,PAYS DE LA LOIRE,AV DES YOLES,85164,Notre-Dame-de-Monts,2206,85,85403,Saint-Hilaire-de-Riez,41224,05-Unités urbaines de 20 000 à 100 000 hbts,1,255,50,624,7944,6885,15.4,De 5 à 10 000 entrées,,NON,NON,,FIXE,NON,B,206,182,2,67.5,22.5,9.5,0.6,85,31.3,11.9,46.829294,-2.137105
3,293630,COMPLEXE CULTUREL OESIA,CENTRE-VAL DE LOIRE,ROND-POINT DE LA CHASSETIERE,37172,Notre-Dame-d'Oé,4302,37,37701,Tours,371410,04-Unités urbaines de 100 000 hbts ou plus,1,500,17,28,2064,2136,-3.4,De 2 à 5 000 entrées,,NON,NON,,FIXE,NON,B,22,10,0,65.1,22.7,12.2,0.0,12,54.5,68.7,47.448213,0.694335
3,293801,CINE SOLOGNE,CENTRE-VAL DE LOIRE,CINE SOLOGNE,41161,Nouan-le-Fuzelier,2369,41,41101,Nouan-le-Fuzelier,2369,06-autres communes et unités urbaines,1,,27,162,5703,4869,17.1,De 5 à 10 000 entrées,,NON,NON,,ITINERANT,NON,I,16,8,0,85.6,1.0,13.4,0.0,5,14.1,15.7,47.535458,2.042446
7,294314,L EDEN,PROVENCE-ALPES-COTE D'AZUR,RUE DU 19 MARS,13066,Noves,5893,13,00754,Avignon,468293,04-Unités urbaines de 100 000 hbts ou plus,1,161,43,197,5257,5035,4.4,De 5 à 10 000 entrées,,NON,NON,,FIXE,NON,B,164,120,0,67.6,12.7,14.7,4.9,92,54.8,40.2,43.875599,4.9035
3,294861,NOUVEAU CINEMA LE PARADISIO 1,HAUTS DE FRANCE,16 BD ERNEST NOEL,60471,Noyon,13409,60,60305,Noyon,15427,06-autres communes et unités urbaines,4,643,53,5769,109735,111425,-1.5,De 100 à 150 000 entrées,,OUI,E,JP,FIXE,NON,C,280,214,151,44.7,39.2,14.7,1.4,111,16.9,9.3,49.579959,3.008971
3,294891,LE NOZEK,PAYS DE LA LOIRE,RUE DE LA GARE,44113,Nozay,4305,44,44113,Nozay,4305,06-autres communes et unités urbaines,1,202,53,679,26492,25151,5.3,De 20 à 30 000 entrées,,OUI,E,JP,FIXE,NON,I,260,211,4,60.4,23.5,12.2,3.8,134,42.3,36.0,47.565293,-1.628355
6,295122,CINEMA NUITON,BOURGOGNE / FRANCHE-COMTE,RUE THUROT,21464,Nuits-Saint-Georges,5421,21,21204,Nuits-Saint-Georges,5930,06-autres communes et unités urbaines,1,252,42,468,9601,8957,7.2,De 5 à 10 000 entrées,,OUI,E,JP,FIXE,NON,C,165,130,2,67.6,12.5,13.4,6.4,90,53.6,53.2,47.135748,4.94934
6,295254,ARLEQUIN,AUVERGNE / RHONE-ALPES,PLACE DE LA LIBERATION,26220,Nyons,6921,26,26202,Nyons,6921,06-autres communes et unités urbaines,2,284,50,2176,54015,52974,2.0,De 50 à 80 000 entrées,,OUI,E,RDJPPR,FIXE,NON,I,378,296,15,62.8,16.6,15.4,5.2,269,66.3,55.7,44.360368,5.13899
8,295493,SALLE ADALRIC,GRAND EST,RUE ATHIC,67348,Obernai,12471,67,67303,Obernai,13967,06-autres communes et unités urbaines,1,162,53,714,16931,12842,31.8,De 10 à 20 000 entrées,,OUI,E,JPPR,FIXE,NON,C,265,179,0,51.7,19.5,23.3,5.6,153,53.1,53.1,48.462351,7.479092
3,296615,ESPACE ARAGON,NORMANDIE,PLACE DU 8 MAI 1945,76484,Oissel,12341,76,00755,Rouen,481277,04-Unités urbaines de 100 000 hbts ou plus,1,198,45,340,13503,11561,16.8,De 10 à 20 000 entrées,,OUI,C,,FIXE,NON,B,189,136,0,51.0,21.9,21.5,5.6,114,59.2,55.6,49.339471,1.08919
6,296921,SALLE DU TISSAGE,AUVERGNE / RHONE-ALPES,SALLE DU TISSAGE,07167,Les Ollières-sur-Eyrieux,1034,07,00000,Zone rurale,14183345,06-autres communes et unités urbaines,1,,45,102,2203,1811,21.6,De 2 à 5 000 entrées,,NON,NON,,ITINERANT,NON,R,37,30,0,73.8,10.9,12.5,2.8,21,61.8,56.8,44.807704,4.628561
4,297122,LUXOR,NOUVELLE AQUITAINE,4 AVENUE CHARLES ET HENRI MOUREU,64422,Oloron-Sainte-Marie,11309,64,64303,Oloron-Sainte-Marie,17606,06-autres communes et unités urbaines,3,429,53,3868,50802,49151,3.4,De 50 à 80 000 entrées,,OUI,E,RDJPPR,FIXE,NON,C,302,231,84,56.6,29.9,10.5,3.1,199,48.9,32.4,43.192296,-0.613402
6,297601, SALLE LES CHAVANNES,AUVERGNE / RHONE-ALPES,SALLE LES CHAVANNES,74205,Onnion,1309,74,00000,Zone rurale,14183345,06-autres communes et unités urbaines,1,,53,867,41101,37574,9.4,De 40 à 50 000 entrées,,OUI,E,JPPR,ITINERANT,NON,R,290,182,0,64.7,17.0,11.8,6.6,187,63.4,56.0,46.174778,6.496059
7,297871,CINE FORUM,PROVENCE-ALPES-COTE D'AZUR,RUE DU PARLEMENT,84087,Orange,29103,84,00754,Avignon,468293,04-Unités urbaines de 100 000 hbts ou plus,3,285,53,3597,43703,39169,11.6,De 40 à 50 000 entrées,MEGARAMA,NON,NON,,FIXE,NON,B,169,129,68,47.3,37.2,14.6,1.0,81,24.9,18.6,44.137785,4.809487
8,297962,LE CERCLE,GRAND EST,"23, RUE CHARLES DE GAULLE",68249,Orbey,3527,68,68112,Orbey,3527,06-autres communes et unités urbaines,1,186,52,312,11745,10713,9.6,De 10 à 20 000 entrées,,OUI,E,,FIXE,NON,I,224,192,4,60.1,18.1,19.1,2.7,110,41.4,29.6,48.125889,7.163437
7,298142,POOM,PROVENCE-ALPES-COTE D'AZUR,CENTRE SPORTIF,05096,Orcières,696,05,00000,Zone rurale,14183345,06-autres communes et unités urbaines,2,244,29,861,10630,9397,13.1,De 10 à 20 000 entrées,,NON,NON,,FIXE,NON,R,72,57,16,48.2,35.7,15.2,0.9,24,19.2,8.8,44.708057,6.341919
3,298831,LES CARMES,CENTRE-VAL DE LOIRE,7 RUE DES CARMES,45234,Orléans,119380,45,45701,Orléans,291555,04-Unités urbaines de 100 000 hbts ou plus,4,517,53,9326,188419,180425,4.4,De 150 à 200 000 entrées,,OUI,A,RDJPPR,FIXE,NON,C,667,307,252,63.0,13.2,17.3,6.4,576,91.3,88.1,47.901533,1.900955
3,298834,PATHE ORLEANS,CENTRE-VAL DE LOIRE,2 RUE DES HALLES,45234,Orléans,119380,45,45701,Orléans,291555,04-Unités urbaines de 100 000 hbts ou plus,12,2219,53,20213,473641,498013,-4.9,De 450 à 700 000 entrées,CINEMAS PATHE,NON,NON,,FIXE,OUI,C,381,257,188,40.2,40.2,17.0,2.6,167,31.8,21.9,47.89856839999999,1.9088173000000097
3,298847,THEATRE D'ORLEANS,CENTRE-VAL DE LOIRE,BOULEVARD PIERRE SEGELLE,45234,Orléans,119380,45,45701,Orléans,291555,04-Unités urbaines de 100 000 hbts ou plus,1,900,3,4,17,6,183.3,Moins de 2000 entrées,,NON,NON,,FIXE,NON,C,3,2,1,100.0,0.0,0.0,0.0,3,100.0,100.0,47.904567,1.914337
2,298964,SALLE ARAGON,ILE-DE-FRANCE,1 PLACE DU FER A CHEVAL,94054,Orly,24526,94,00851,Paris,10947378,02-Petite Couronne,1,388,44,310,14564,13535,7.6,De 10 à 20 000 entrées,,NON,NON,,FIXE,NON,B,131,98,1,38.2,33.2,14.0,14.6,62,46.5,53.7,48.742445,2.395558
2,299122,CENTRE CULTUREL  ORMESSON,ILE-DE-FRANCE,22 AV WLADIMIR D ORMESSON,94055,Ormesson-sur-Marne,10611,94,00851,Paris,10947378,02-Petite Couronne,1,358,10,31,2846,3802,-25.1,De 2 à 5 000 entrées,,NON,NON,,FIXE,NON,B,15,3,1,49.1,18.9,14.9,17.1,12,87.0,97.8,48.786098,2.544935
6,299281,ELDORADO,BOURGOGNE / FRANCHE-COMTE,7 RUE DU PRESIDENT WILSON,25434,Ornans,4528,25,25110,Ornans,4528,06-autres communes et unités urbaines,1,153,53,1185,19759,16497,19.8,De 10 à 20 000 entrées,,OUI,E,JP,FIXE,NON,I,166,119,6,62.4,24.5,11.6,1.5,84,31.6,36.3,47.106949,6.144394
7,299451,L UBAC,PROVENCE-ALPES-COTE D'AZUR,PLACE EMILE HODOUL,05098,Les Orres,543,05,00000,Zone rurale,14183345,06-autres communes et unités urbaines,1,255,29,246,5733,5742,-0.2,De 5 à 10 000 entrées,,NON,NON,,FIXE,NON,R,78,63,34,45.4,36.1,14.9,3.6,13,12.3,6.7,44.493107,6.556982
3,299511,CINEDORI,HAUTS DE FRANCE,RUE DES FRAISIERS,60482,Orry-la-Ville,3473,60,60206,Orry-la-Ville,6704,06-autres communes et unités urbaines,1,186,44,162,6281,6246,0.6,De 5 à 10 000 entrées,,NON,NON,,FIXE,NON,C,73,57,0,45.8,19.2,30.1,4.9,25,26.8,26.0,49.130553,2.511848
2,299572,CINEMA JACQUES TATI,ILE-DE-FRANCE,14 AVENUE SAINT LAURENT,91471,Orsay,15890,91,00851,Paris,10947378,03-Grande couronne,3,339,53,3728,65349,65105,0.4,De 50 à 80 000 entrées,,OUI,C,RDJPPR,FIXE,NON,B,390,236,70,59.1,17.0,17.6,6.3,308,78.7,74.1,48.698781,2.189727
4,299685,LE PIXEL,NOUVELLE AQUITAINE,20 AVENUE DE LA MOUTETE,64430,Orthez,11106,64,64301,Orthez,13426,06-autres communes et unités urbaines,2,299,49,1869,49282,39766,23.9,De 40 à 50 000 entrées,,OUI,E,RDJPPR,FIXE,NON,C,255,182,28,49.2,34.8,12.5,3.4,171,45.8,30.7,43.487215,-0.777436
7,300171,LE PUIGMAL,OCCITANIE,1 PLACE SAINT PIERRE,66130,Osséja,1441,66,00000,Zone rurale,14183345,06-autres communes et unités urbaines,1,216,53,376,13033,12640,3.1,De 10 à 20 000 entrées,,OUI,E,,FIXE,NON,R,179,146,2,52.8,27.8,16.9,2.5,82,36.8,29.2,42.4151068,1.9811399999999821
3,300801,MICHEL CABIEU,NORMANDIE,5 AVENUE MICHEL CABIEU,14488,Ouistreham,9558,14,14211,Ouistreham,9558,06-autres communes et unités urbaines,2,453,53,2114,62502,34904,79.1,De 50 à 80 000 entrées,,OUI,E,JPPR,FIXE,NON,I,326,267,40,64.3,20.8,13.1,1.7,206,51.4,29.4,49.276964,-0.256313
6,301624,JEAN RENOIR,AUVERGNE / RHONE-ALPES,PLACE GEORGES POMPIDOU,01283,Oyonnax,22724,01,01402,Oyonnax,32218,05-Unités urbaines de 20 000 à 100 000 hbts,2,164,49,1356,18234,15785,15.5,De 10 à 20 000 entrées,,OUI,D,JP,FIXE,NON,C,253,178,41,69.4,11.7,16.0,3.0,201,81.5,71.3,46.255796,5.651795
6,301633,ATMOSPHERE,AUVERGNE / RHONE-ALPES,PARC JEANTET,01283,Oyonnax,22724,01,01402,Oyonnax,32218,05-Unités urbaines de 20 000 à 100 000 hbts,3,479,53,2474,52458,50355,4.2,De 50 à 80 000 entrées,,NON,NON,,FIXE,NON,C,179,137,95,37.4,47.6,12.6,2.4,47,12.2,8.6,46.258908,5.655149
2,301781,LE PIERRE BRASSEUR,ILE-DE-FRANCE,103 AV DU GENERAL DE GAULLE,77350,Ozoir-la-Ferrière,20921,77,00851,Paris,10947378,03-Grande couronne,1,171,49,447,10074,9360,7.6,De 10 à 20 000 entrées,,NON,NON,,FIXE,NON,B,118,93,0,57.6,21.6,16.7,4.2,47,36.8,35.9,48.762604,2.664715
3,302312,CINE BREIZ,BRETAGNE,RUE HENRY DUNANT,22162,Paimpol,7471,22,22303,Paimpol,18213,06-autres communes et unités urbaines,1,196,53,601,36705,35718,2.8,De 30 à 40 000 entrées,,OUI,E,,FIXE,NON,C,260,217,3,68.5,18.6,10.3,2.5,153,45.0,40.2,48.780228,-3.05216
3,302453,REX,BRETAGNE,PASSAGE DE L HOTEL DE VILLE,56152,Le Palais,2589,56,56106,Le Palais,2589,06-autres communes et unités urbaines,1,234,53,786,31310,28606,9.5,De 30 à 40 000 entrées,,OUI,E,JPPR,FIXE,NON,I,274,219,10,60.2,23.5,11.5,4.8,192,53.3,43.5,47.347212,-3.157897
2,302485,CINEPAL,ILE-DE-FRANCE,AVENUE DU 8 MAI 1945,91477,Palaiseau,35056,91,00851,Paris,10947378,03-Grande couronne,4,545,53,5469,139255,138276,0.7,De 100 à 150 000 entrées,,OUI,C,JP,FIXE,NON,B,260,151,78,44.2,37.9,14.4,3.4,165,41.1,28.9,48.71031,2.243459
7,302596,LE NAUTILUS,OCCITANIE,PLACE RAIMU,34192,Palavas-les-Flots,5785,34,34205,Palavas-les-Flots,5785,06-autres communes et unités urbaines,1,212,47,296,9316,5255,77.3,De 5 à 10 000 entrées,,NON,NON,,FIXE,NON,I,84,60,1,77.1,8.0,8.6,6.4,31,31.1,32.2,43.527952,3.931577
4,302933,REX,OCCITANIE,19 RUE TAILLANCIER,09225,Pamiers,16421,09,09401,Pamiers,30450,05-Unités urbaines de 20 000 à 100 000 hbts,2,275,52,2268,48952,43166,13.4,De 40 à 50 000 entrées,,OUI,D,,FIXE,NON,C,215,158,65,44.8,40.3,12.9,1.9,112,23.7,16.1,43.116608,1.612993
6,303122,BEAUSEJOUR,AUVERGNE / RHONE-ALPES,13 BLD J.L. BONNASSIEUX,42165,Panissières,2964,42,42103,Panissières,2964,06-autres communes et unités urbaines,1,148,47,316,10289,8711,18.1,De 10 à 20 000 entrées,,OUI,E,,FIXE,NON,I,143,115,0,74.1,14.1,11.0,0.8,66,40.8,33.5,45.792194,4.341577
2,303281,CINE 104,ILE-DE-FRANCE,104 AV JEAN LOLIVE,93055,Pantin,60597,93,00851,Paris,10947378,02-Petite Couronne,3,457,47,3106,89938,87302,3.0,De 80 à 100 000 entrées,,OUI,C,RDJPPR,FIXE,NON,B,302,179,75,58.7,20.1,15.0,6.2,245,88.2,84.4,48.89218,2.408907
2,303284,CENTRE CULTUEL NELSON MANDELA,ILE-DE-FRANCE,11 AVENUE AIME CESAIRE,93055,Pantin,60597,93,00851,Paris,10947378,02-Petite Couronne,1,117,48,190,1563,285,448.4,Moins de 2000 entrées,,NON,NON,,FIXE,NON,B,67,54,0,25.5,49.1,17.3,8.1,22,29.7,21.0,48.91392,2.412093
2,303445,CINEMA L'AVANT-SCENE,ILE-DE-FRANCE,"1, RUE ALSACE-LORRAINE",91479,Paray-Vieille-Poste,7885,91,00851,Paris,10947378,03-Grande couronne,1,314,49,185,5109,5369,-4.8,De 5 à 10 000 entrées,,NON,NON,,FIXE,NON,B,134,113,4,48.9,19.2,30.2,1.7,69,49.1,33.5,48.712693,2.363281
6,303475,Cinéma L'Empire,BOURGOGNE / FRANCHE-COMTE,49 AVENUE CHARLES DE GAULLE,71342,PARAY-LE-MONIAL,9612,71,71207,Paray-le-Monial,10279,06-autres communes et unités urbaines,3,513,53,5445,74668,67390,10.8,De 50 à 80 000 entrées,,OUI,E,JPPR,FIXE,NON,I,366,259,134,50.5,33.1,14.5,1.9,177,25.6,13.8,46.449057,4.116424
4,303803,CIRCUIT DES PINS,NOUVELLE AQUITAINE,11 AVENUE LEOPOLD DARMUZEY,40217,Parentis-en-Born,7123,40,40205,Parentis-en-Born,7123,06-autres communes et unités urbaines,1,,23,41,2831,4063,-30.3,De 2 à 5 000 entrées,,NON,NON,,ITINERANT,NON,I,28,24,0,24.2,59.1,12.4,4.3,1,2.4,0.9,44.349894,-1.064305
4,304442,CINEMA LE FOYER,NOUVELLE AQUITAINE,RUE DENFERT ROCHEREAU,79202,Parthenay,10494,79,79303,Parthenay,18454,06-autres communes et unités urbaines,2,356,53,2235,49156,38352,28.2,De 40 à 50 000 entrées,,OUI,E,JPPR,FIXE,NON,C,315,217,21,56.6,29.2,10.4,3.8,190,40.6,29.8,46.644644,-0.244668
4,305031,CGR SAINT LOUIS,NOUVELLE AQUITAINE,11 RUE DU MARECHAL JOFFRE,64445,Pau,77061,64,64701,Pau,207171,04-Unités urbaines de 100 000 hbts ou plus,7,1148,53,10511,66147,62543,5.8,De 50 à 80 000 entrées,CGR,NON,NON,,FIXE,NON,C,301,216,178,49.5,31.2,16.2,3.1,180,46.3,31.3,43.295774,-0.370121
4,305041,MEGA CGR,NOUVELLE AQUITAINE,PLACE DU 7EME ART,64445,Pau,77061,64,64701,Pau,207171,04-Unités urbaines de 100 000 hbts ou plus,12,2474,53,23410,328635,324891,1.2,De 300 à 450 000 entrées,CGR,NON,NON,,FIXE,OUI,C,281,190,184,41.1,41.7,15.0,2.3,53,12.2,6.8,43.302981,-0.369831
4,305056,CINEMA LE MELIES,NOUVELLE AQUITAINE,PLACE DU FOIRAIL,64445,Pau,77061,64,64701,Pau,207171,04-Unités urbaines de 100 000 hbts ou plus,3,500,53,4939,123994,122507,1.2,De 100 à 150 000 entrées,,OUI,B,RDJPPR,FIXE,NON,C,392,219,147,59.6,12.0,17.5,10.9,345,95.1,94.2,43.303087,-0.369939
4,305101,EDEN,NOUVELLE AQUITAINE,QUAI ANTOINE FERCHAUD,33314,Pauillac,5164,33,33126,Pauillac,5164,06-autres communes et unités urbaines,1,283,53,597,17390,17353,0.2,De 10 à 20 000 entrées,,OUI,E,JP,FIXE,NON,I,212,169,1,63.0,19.6,13.0,4.4,111,43.2,39.3,45.201428,-0.746674
2,305402,ESPACE DES ARTS,ILE-DE-FRANCE,PLACE CHARLES DE GAULLE,93057,Les Pavillons-sous-Bois,24003,93,00851,Paris,10947378,02-Petite Couronne,1,329,51,1222,47721,45175,5.6,De 40 à 50 000 entrées,,OUI,C,JP,FIXE,NON,B,269,208,2,51.8,23.4,19.7,5.1,144,46.7,42.5,48.903037,2.507379
6,305635,"Cinéma ""Le Grand Rex""",AUVERGNE / RHONE-ALPES,35 RUE DU PORT VIEUX,38298,Le Péage-de-Roussillon,6499,38,00559,Vienne,98266,05-Unités urbaines de 20 000 à 100 000 hbts,5,724,53,6630,128288,9008,1324.2,De 100 à 150 000 entrées,,OUI,D,JP,FIXE,NON,B,313,228,110,45.0,38.5,13.6,2.9,155,26.4,15.2,45.374675,4.792742
6,306243,CINÉPILAT,AUVERGNE / RHONE-ALPES,RUE DES TROIS SAPINS,42168,Pélussin,3829,42,42203,Pélussin,8449,06-autres communes et unités urbaines,1,164,48,706,25877,24899,3.9,De 20 à 30 000 entrées,,OUI,E,JPPR,FIXE,NON,C,240,163,0,67.4,18.2,11.9,2.6,145,50.6,41.8,45.418565,4.675401
3,306414,ECKMUHL,BRETAGNE,RUE DU PORT,29158,Penmarch,5241,29,29401,Penmarch,23161,05-Unités urbaines de 20 000 à 100 000 hbts,1,178,12,209,6773,33082,-79.5,De 5 à 10 000 entrées,,OUI,D,RDJPPR,FIXE,NON,C,93,52,0,66.4,10.7,18.7,4.2,76,79.5,83.8,47.799654,-4.356964
7,306521, PATHE,PROVENCE-ALPES-COTE D'AZUR,CHEMIN DES  PENNES AUX PINS,13071,Les Pennes-Mirabeau,22174,13,00759,Marseille-Aix-en-Provence,1635844,04-Unités urbaines de 100 000 hbts ou plus,16,3507,53,28314,"1,103,405","1,198,400",-7.9,"De 1 à 1,5 million d'entrées",CINEMAS PATHE,NON,NON,,FIXE,OUI,B,362,231,221,29.9,51.1,16.5,2.5,93,15.6,7.5,43.413496,5.356466
4,307135,CGR PERIGUEUX,NOUVELLE AQUITAINE,PLACE FRANCHEVILLE,24322,Périgueux,30823,24,24501,Périgueux,67711,05-Unités urbaines de 20 000 à 100 000 hbts,10,1802,53,19215,305243,306965,-0.6,De 300 à 450 000 entrées,CGR,OUI,D,RDJPPR,FIXE,OUI,C,586,364,179,45.1,36.6,15.9,2.3,369,26.3,19.2,45.182579,0.718006
3,307361,PICARDY,HAUTS DE FRANCE,9 RUE ST SAUVEUR,80620,Péronne,7628,80,80209,Péronne,9451,06-autres communes et unités urbaines,2,210,50,1149,24865,24970,-0.4,De 20 à 30 000 entrées,,NON,NON,,FIXE,NON,C,160,135,19,52.1,37.9,9.3,0.7,45,13.4,13.6,49.930788,2.936858
7,307502,CASTILLET 1,OCCITANIE,1 BOULEVARD WILSON,66136,Perpignan,119447,66,66701,Perpignan,205745,04-Unités urbaines de 100 000 hbts ou plus,7,626,53,10679,153674,154189,-0.3,De 150 à 200 000 entrées,,OUI,A,RDJPPR,FIXE,NON,C,549,350,250,58.3,17.8,17.6,6.3,428,81.9,77.6,42.701362,2.894282
7,307543,CINEMOVIDA MEGA CASTILLET,OCCITANIE,ZAC MAS BALANDE,66136,Perpignan,119447,66,66701,Perpignan,205745,04-Unités urbaines de 100 000 hbts ou plus,12,2336,53,20397,569780,568281,0.3,De 450 à 700 000 entrées,,NON,NON,,FIXE,OUI,C,290,206,200,37.7,44.0,16.3,2.0,47,8.1,4.9,42.663168,2.880281
2,307692,CENTRE DES BORDS DE MARNE,ILE-DE-FRANCE,2 RUE DE LA PRAIRIE,94058,Le Perreux-sur-Marne,33981,94,00851,Paris,10947378,02-Petite Couronne,1,198,48,1113,49363,47419,4.1,De 40 à 50 000 entrées,,OUI,C,,FIXE,NON,B,219,156,36,62.0,17.5,17.1,3.4,155,67.3,59.2,48.84694,2.509968
3,307943,LES BALADINS,BRETAGNE,27 BOULEVARD THALASSA,22168,Perros-Guirec,7342,22,22403,Lannion,49285,05-Unités urbaines de 20 000 à 100 000 hbts,2,437,53,2206,45070,42665,5.6,De 40 à 50 000 entrées,,OUI,D,,FIXE,NON,B,179,145,60,77.1,8.5,10.5,3.9,118,58.7,50.1,48.814855,-3.457451
7,308231,LE LUBERON,PROVENCE-ALPES-COTE D'AZUR,31 RUE GIRAUD,84089,Pertuis,20767,84,84401,Pertuis,20767,05-Unités urbaines de 20 000 à 100 000 hbts,3,363,53,4614,82474,75665,9.0,De 80 à 100 000 entrées,,OUI,E,JPPR,FIXE,NON,I,252,182,118,45.0,41.3,12.2,1.4,139,31.4,19.1,43.692404,5.499464
4,308361,J.EUSTACHE,NOUVELLE AQUITAINE,1 RUE DES POILUS,33318,Pessac,66606,33,33701,Bordeaux,1008323,04-Unités urbaines de 100 000 hbts ou plus,5,767,53,7153,222599,212238,4.9,De 200 à 300 000 entrées,,OUI,C,RDJPPR,FIXE,NON,B,391,172,111,59.4,19.3,16.7,4.6,318,73.2,67.9,44.80514,-0.632009
4,309331,LE CLUB,NOUVELLE AQUITAINE,PLACE DU CHAMP DE FOIRE,87117,Peyrat-le-Château,1044,87,00000,Zone rurale,14183345,06-autres communes et unités urbaines,1,200,52,297,4859,4027,20.7,De 2 à 5 000 entrées,,NON,NON,,FIXE,NON,R,268,191,0,53.5,21.8,17.9,6.8,178,62.8,53.7,45.813639,1.772698
4,309443,LA LUTZ,NOUVELLE AQUITAINE,146 PLACE ARISTIDE BRIAND,40224,Peyrehorade,3821,40,40208,Peyrehorade,7969,06-autres communes et unités urbaines,1,199,53,857,24181,22243,8.7,De 20 à 30 000 entrées,,OUI,E,JPPR,FIXE,NON,C,325,231,8,50.8,34.3,11.8,3.1,191,37.3,22.4,43.545174,-1.102823
7,309891,MOLIERE,OCCITANIE,1 PLACE LEDRU ROLLIN,34199,Pézenas,8110,34,34213,Pézenas,8110,06-autres communes et unités urbaines,1,219,40,426,10603,10960,-3.3,De 10 à 20 000 entrées,,OUI,E,,FIXE,NON,C,163,116,0,64.3,15.3,16.1,4.3,109,61.6,62.2,43.460841,3.42083
8,310106,LE CLUB,GRAND EST,LOBAU,57540,Phalsbourg,4939,57,57204,Phalsbourg,5986,06-autres communes et unités urbaines,1,160,49,203,5054,4346,16.3,De 5 à 10 000 entrées,,NON,NON,,FIXE,NON,C,109,80,3,62.9,12.4,19.5,5.3,78,74.6,68.2,48.768553,7.258661
4,310180,MEGARAMA PIAN MEDOC,NOUVELLE AQUITAINE,ROUTE DE PAUILLAC,33322,Le Pian-Médoc,7138,33,33701,Bordeaux,1008323,04-Unités urbaines de 100 000 hbts ou plus,6,1079,53,9889,223364,218491,2.2,De 200 à 300 000 entrées,MEGARAMA,NON,NON,,FIXE,NON,B,158,125,117,37.1,46.7,15.2,1.0,12,4.2,2.5,44.952219,-0.629792
6,310542,MAISON DU PEUPLE,AUVERGNE / RHONE-ALPES,PLACE JEAN JAURES,69152,Pierre-Bénite,10555,69,00760,Lyon,1714833,04-Unités urbaines de 100 000 hbts ou plus,1,88,47,718,12129,11351,6.9,De 10 à 20 000 entrées,,OUI,C,JP,FIXE,NON,B,239,176,0,61.0,16.9,16.5,5.6,167,67.7,67.7,45.703741,4.823295
7,310645,FOYER JEUNESSE ET CULTURE,PROVENCE-ALPES-COTE D'AZUR,FOYER JEUNESSE,83091,Pierrefeu-du-Var,6188,83,83205,Pierrefeu-du-Var,6188,06-autres communes et unités urbaines,1,,51,331,5677,9837,-42.3,De 5 à 10 000 entrées,,OUI,E,,ITINERANT,NON,I,105,81,5,58.1,21.9,18.5,1.4,48,37.8,35.4,43.22419,6.144814
7,310649,CINE RIVIERA,PROVENCE-ALPES-COTE D'AZUR,IMMEUBLE LE RIVIERA 6 AVENUE ELIE GAUTIER,83091,Pierrefeu-du-Var,6188,83,83205,Pierrefeu-du-Var,6188,06-autres communes et unités urbaines,1,,22,46,1890,,#VALEUR !,Moins de 2000 entrées,,NON,NON,,ITINERANT,NON,I,30,30,1,86.9,6.7,6.4,0.0,8,26.1,17.7,43.087947,6.07672
6,310925,LE CINEMA,AUVERGNE / RHONE-ALPES,RUE ANTOINE DE SAINT EXUPERY,26235,Pierrelatte,13979,26,26302,Pierrelatte,13979,06-autres communes et unités urbaines,2,291,53,1854,39316,37865,3.8,De 30 à 40 000 entrées,,OUI,E,JP,FIXE,NON,I,249,206,90,40.2,42.5,14.8,2.6,102,26.8,16.7,44.376008,4.701762
3,312221,LE COTENTIN,NORMANDIE,PLACE DU MARCHE,50403,Pirou,1466,50,00000,Zone rurale,14183345,06-autres communes et unités urbaines,1,154,53,737,16248,14228,14.2,De 10 à 20 000 entrées,,OUI,E,,FIXE,NON,R,178,160,5,64.8,24.5,10.2,0.5,78,26.0,15.5,49.166275,-1.5704
3,312443,LE MAIL,CENTRE-VAL DE LOIRE,26 MAIL OUEST,45252,Pithiviers,9213,45,45207,Pithiviers,9642,06-autres communes et unités urbaines,1,187,53,1410,47296,42840,10.4,De 40 à 50 000 entrées,,OUI,E,JPPR,FIXE,NON,C,246,181,34,45.4,40.3,12.3,2.0,143,26.1,19.6,48.173277,2.253059
4,312973,L EUROPE,OCCITANIE,14 RUE SAINT NICOLAS,32319,Plaisance,1446,32,00000,Zone rurale,14183345,06-autres communes et unités urbaines,1,181,52,507,14082,11275,24.9,De 10 à 20 000 entrées,,OUI,E,JPPR,FIXE,NON,R,266,218,23,68.2,16.0,13.6,2.2,159,50.2,41.8,43.604768,0.0448
4,312981,ECRAN 7,OCCITANIE,1 RUE DES FAUVETTES,31424,Plaisance-du-Touch,19904,31,00758,Toulouse,1062736,04-Unités urbaines de 100 000 hbts ou plus,3,537,53,4575,113052,93385,21.1,De 100 à 150 000 entrées,,NON,NON,,FIXE,NON,B,335,239,71,45.4,40.1,12.4,2.0,176,27.6,14.5,43.56314,1.291519
2,313013,UGC PLAISIR,ILE-DE-FRANCE,1170 AVENUE DE SAINT GERMAIN,78490,PLAISIR,31243,78,00851,Paris,10947378,03-Grande couronne,9,1279,53,15211,286711,305365,-6.1,De 200 à 300 000 entrées,UGC,NON,NON,,FIXE,OUI,B,302,140,127,29.2,53.5,15.6,1.7,94,9.0,4.8,48.827362,1.966638
9,313151,SELECT,BOURGOGNE / FRANCHE-COMTE,8 RUE DU LAURIER,70414,Plancher-les-Mines,969,70,70102,Plancher-les-Mines,2876,06-autres communes et unités urbaines,1,82,44,112,2875,2181,31.8,De 2 à 5 000 entrées,,NON,NON,,FIXE,NON,B,52,42,0,55.7,24.3,19.2,0.8,10,14.7,12.5,47.763891,6.743534
6,313704,Salle des Fêtes,AUVERGNE / RHONE-ALPES,Salle des Fêtes,15153,Pleaux,1488,15,00000,Zone rurale,14183345,06-autres communes et unités urbaines,1,,1,5,114,311,-63.3,Moins de 2000 entrées,,NON,NON,,ITINERANT,NON,R,4,3,0,100.0,0.0,0.0,0.0,2,50.0,65.9,45.133956,2.227009
3,313842,CINEMA L'HERMINE,BRETAGNE,33 RUE DE L HERMINE,35223,Plélan-le-Grand,4116,35,35121,Plélan-le-Grand,4116,06-autres communes et unités urbaines,1,192,53,586,17518,16416,6.7,De 10 à 20 000 entrées,,OUI,E,JPPR,FIXE,NON,I,383,305,4,60.1,21.6,14.0,4.3,249,58.2,41.7,47.998597,-2.096562
3,313912, Casino DU VAL ANDRE,BRETAGNE,1 COURS WINSTON CHURCHILL,22186,Pléneuf-Val-André,4197,22,22117,Pléneuf-Val-André,4197,06-autres communes et unités urbaines,1,600,53,560,19238,16831,14.3,De 10 à 20 000 entrées,,OUI,E,,FIXE,NON,I,219,165,8,60.0,26.4,12.0,1.7,121,36.3,26.5,48.590655,-2.553431
2,314413,CINEMA Gérard Philipe,ILE-DE-FRANCE,1 PLACE JANE RHODES,92060,Le Plessis-Robinson,29719,92,00851,Paris,10947378,02-Petite Couronne,2,400,53,2174,46280,47613,-2.8,De 40 à 50 000 entrées,,OUI,C,,FIXE,NON,B,194,118,13,52.2,28.6,17.7,1.5,79,30.6,26.5,48.777607,2.254424
2,314451,ESPACE PAUL VALERY,ILE-DE-FRANCE,72 ET 74 AVENUE ARDOUIN,94059,Le Plessis-Trévise,19733,94,00851,Paris,10947378,02-Petite Couronne,1,340,41,226,5821,4975,17.0,De 5 à 10 000 entrées,,NON,NON,,FIXE,NON,B,54,42,0,75.0,4.6,19.7,0.8,26,43.7,41.1,48.80535,2.578145
3,314471,LE DOURON,BRETAGNE,PLACE DE LAUNCESTON,22194,Plestin-les-Grèves,3734,22,00252,Plestin-les-Grèves,5298,06-autres communes et unités urbaines,2,266,53,1425,38032,35719,6.5,De 30 à 40 000 entrées,,OUI,E,JPPR,FIXE,NON,C,279,226,61,67.8,19.4,10.5,2.3,160,45.6,35.0,48.655594,-3.630501
3,314601,CINE ARMOR,BRETAGNE,RUE DES FRERES LUMIERE,35228,Pleurtuit,7085,35,00462,Dinard,35626,05-Unités urbaines de 20 000 à 100 000 hbts,1,196,53,413,12963,13920,-6.9,De 10 à 20 000 entrées,,OUI,D,,FIXE,NON,C,192,170,4,70.4,12.1,14.8,2.7,101,44.6,39.9,48.578076,-2.061657
3,314823,CINELAC,BRETAGNE,13 RUE DU LAC,56165,Ploërmel,10348,56,56301,Ploërmel,11122,06-autres communes et unités urbaines,5,794,53,7887,146180,138573,5.5,De 100 à 150 000 entrées,CINEWEST,OUI,E,JPPR,FIXE,NON,I,291,208,111,50.9,34.8,12.7,1.7,111,18.4,9.7,47.936453,-2.401708
3,315251,CINEMA LE DAUPHIN,BRETAGNE,1O RUE FOCH,29185,Plouescat,3612,29,29117,Plouescat,3612,06-autres communes et unités urbaines,1,225,53,449,16541,15436,7.2,De 10 à 20 000 entrées,,OUI,E,,FIXE,NON,I,212,173,2,65.4,19.9,12.6,2.0,119,44.2,28.5,48.657353,-4.170827
3,315312,IMAGES,BRETAGNE,RUE DE SALTASH,29189,Plougastel-Daoulas,13637,29,29701,Brest,207101,04-Unités urbaines de 100 000 hbts ou plus,2,237,53,1734,43607,39409,10.7,De 40 à 50 000 entrées,,OUI,C,JP,FIXE,NON,B,277,202,50,57.1,25.3,14.9,2.7,155,45.3,34.5,48.373269,-4.370987
3,315332,LE DAUPHIN,BRETAGNE,RESIDENCE DE L OCEAN,29190,Plougonvelin,4396,29,29128,Plougonvelin,4396,06-autres communes et unités urbaines,1,129,53,662,19427,21166,-8.2,De 10 à 20 000 entrées,,OUI,E,JPPR,FIXE,NON,I,243,188,3,66.4,17.1,14.0,2.5,175,61.2,44.7,48.340552,-4.723462
3,315411,LE CITHEA,BRETAGNE,RUE DES ECOLES,22219,Plouguenast,2486,22,00000,Zone rurale,14183345,06-autres communes et unités urbaines,1,177,53,258,6074,6423,-5.4,De 5 à 10 000 entrées,,OUI,E,,FIXE,NON,R,133,107,1,71.1,15.1,13.3,0.5,51,36.0,36.7,48.28043,-2.706503
2,317291,C2L POISSY,ILE-DE-FRANCE,18 RUE CHARLES DE GAULLE,78498,Poissy,40049,78,00851,Paris,10947378,03-Grande couronne,5,973,53,7149,107598,104594,2.9,De 100 à 150 000 entrées,UGC,NON,NON,,FIXE,NON,B,303,139,92,43.3,40.5,14.2,2.0,136,18.2,15.4,48.92287,2.029616
4,317345,TAP CASTILLE,NOUVELLE AQUITAINE,1 PLACE DU MARECHAL LECLERC,86194,Poitiers,92296,86,86601,Poitiers,137075,04-Unités urbaines de 100 000 hbts ou plus,3,459,51,4604,76107,74173,2.6,De 50 à 80 000 entrées,,OUI,B,RDJPPR,FIXE,NON,C,316,167,133,73.0,11.4,9.8,5.9,299,98.3,97.1,46.580669,0.339687
4,317384,LE DIETRICH,NOUVELLE AQUITAINE,BOULEVARD CHASSEIGNE,86194,Poitiers,92296,86,86601,Poitiers,137075,04-Unités urbaines de 100 000 hbts ou plus,1,141,53,1576,38310,31305,22.4,De 30 à 40 000 entrées,,OUI,B,RDJPPR,FIXE,NON,C,242,81,41,54.8,15.6,21.2,8.5,186,92.4,89.2,46.589505,0.346095
4,317394,CGR CASTILLE,NOUVELLE AQUITAINE,24 PLACE DU MARECHAL LECLERC,86194,Poitiers,92296,86,86601,Poitiers,137075,04-Unités urbaines de 100 000 hbts ou plus,5,719,53,6942,79389,86561,-8.3,De 50 à 80 000 entrées,CGR,NON,NON,,FIXE,NON,C,220,150,129,36.7,40.7,19.3,3.2,113,35.0,20.7,46.580197,0.338977
3,317442,TRIANON,HAUTS DE FRANCE,1 RUE DE L ABREUVOIR,80630,Poix-de-Picardie,2370,80,80106,Poix-de-Picardie,2370,06-autres communes et unités urbaines,1,220,53,516,25151,24688,1.9,De 20 à 30 000 entrées,,OUI,E,JPPR,FIXE,NON,I,255,203,0,52.9,29.2,15.6,2.4,121,36.6,23.2,49.776307,1.980512
6,317613,CINE COMTE,BOURGOGNE / FRANCHE-COMTE,19 RUE DU GENERAL DE GAULLE,39434,Poligny,4384,39,39108,Poligny,4384,06-autres communes et unités urbaines,1,212,53,993,27561,22507,22.5,De 20 à 30 000 entrées,,OUI,E,JP,FIXE,NON,I,185,147,36,61.9,28.1,9.3,0.7,82,23.3,29.9,46.836349,5.702889
7,317662,ESPACE ARTHUR CONTE,OCCITANIE,5 RUE DES CERISIERS,66144,Pollestres,5400,66,66119,Pollestres,5400,06-autres communes et unités urbaines,1,313,51,1032,13795,15894,-13.2,De 10 à 20 000 entrées,,OUI,E,JP,FIXE,NON,I,253,203,16,48.0,30.7,17.6,3.7,139,46.2,29.7,42.642894,2.874876
6,317831,CHATEAU DE PLUVY,AUVERGNE / RHONE-ALPES,BRUSSIEU MILLE CLUB,69155,Pomeys,1160,69,00000,Zone rurale,14183345,06-autres communes et unités urbaines,1,,45,642,18818,16898,11.4,De 10 à 20 000 entrées,,NON,NON,,ITINERANT,NON,R,76,43,0,77.2,13.0,7.5,2.3,35,34.3,38.5,45.640438,4.467393
3,317911,GRAND ECRAN,PAYS DE LA LOIRE,RUE DE LA LOIRE,49244,Mauges-sur-Loire,18559,49,49307,Mauges-sur-Loire,18559,06-autres communes et unités urbaines,1,134,53,575,19572,14623,33.8,De 10 à 20 000 entrées,,OUI,D,,FIXE,NON,C,204,175,2,67.4,21.2,10.5,1.0,109,30.9,18.2,47.359284,-0.860039
4,318483,LE VAUBAN,NOUVELLE AQUITAINE,16 RUE GAMBETTA,17283,Pons,4456,17,17124,Pons,4456,06-autres communes et unités urbaines,2,199,53,1377,11500,12373,-7.1,De 10 à 20 000 entrées,,OUI,E,,FIXE,NON,I,308,259,3,60.0,23.5,12.9,3.6,181,51.1,41.5,45.580586,-0.546711
6,318612,SALLE MJC,BOURGOGNE / FRANCHE-COMTE,SALLE MJC,21496,Pontailler-sur-Saône,1313,21,00000,Zone rurale,14183345,06-autres communes et unités urbaines,1,,49,559,30550,28804,6.1,De 30 à 40 000 entrées,,OUI,E,JP,ITINERANT,NON,R,81,51,0,64.1,20.1,9.1,6.7,43,50.9,43.7,47.306004,5.410506
9,318661,CONCORDE,GRAND EST,"48, PLACE DUROC",54431,Pont-à-Mousson,14550,54,54404,Pont-à-Mousson,24101,05-Unités urbaines de 20 000 à 100 000 hbts,2,283,53,3674,49722,52031,-4.4,De 40 à 50 000 entrées,,OUI,D,JPPR,FIXE,NON,C,280,201,115,47.6,33.5,16.6,2.2,134,23.4,18.4,48.902416,6.055412
6,318711,OLYMPIA,BOURGOGNE / FRANCHE-COMTE,1 RUE GAMBETTA,25462,Pontarlier,18618,25,25401,Pontarlier,23904,05-Unités urbaines de 20 000 à 100 000 hbts,6,964,53,7984,219724,217086,1.2,De 200 à 300 000 entrées,,OUI,D,JP,FIXE,NON,C,324,222,164,51.0,34.0,13.5,1.5,140,25.6,16.5,46.901894,6.357637
3,318786,LE CINE,NORMANDIE,ZAC DE LA FONDERIE,27467,Pont-Audemer,10152,27,27302,Pont-Audemer,16294,06-autres communes et unités urbaines,6,633,53,8101,153949,151397,1.7,De 150 à 200 000 entrées,,OUI,E,RDJPPR,FIXE,NON,C,440,300,149,47.8,36.1,14.4,1.6,269,27.3,12.7,49.350607,0.515407
2,318801,APOLLO,ILE-DE-FRANCE,62 AVENUE DE LA REPUBLIQUE,77373,Pontault-Combault,37804,77,00851,Paris,10947378,03-Grande couronne,2,295,50,2877,51904,51146,1.5,De 50 à 80 000 entrées,,OUI,C,JP,FIXE,NON,B,284,212,30,44.3,33.8,15.9,6.0,162,37.9,35.7,48.803412,2.611316
6,318981,JEAN RENOIR,AUVERGNE / RHONE-ALPES,90 AVENUE DE LA GARE,38314,Pontcharra,7519,38,00269,Pontcharra,9707,06-autres communes et unités urbaines,1,288,53,1074,59523,52778,12.8,De 50 à 80 000 entrées,,OUI,E,JP,FIXE,NON,C,199,143,44,52.7,32.2,12.2,2.9,116,37.0,30.4,45.432083,6.020106
3,319022,LA BOBINE,PAYS DE LA LOIRE,6 PLACE DE LA GARE,44129,Pontchâteau,11306,44,44301,Pontchâteau,11306,06-autres communes et unités urbaines,1,129,53,764,18787,16747,12.2,De 10 à 20 000 entrées,,OUI,E,JP,FIXE,NON,I,263,213,3,58.0,28.7,10.3,2.9,150,39.5,27.5,47.435409,-2.088906
6,319161,LE DIAMANT,AUVERGNE / RHONE-ALPES,"6, RUE ALEXANDRE DUMAS",38315,Le Pont-de-Beauvoisin,3689,38,00453,Le Pont-de-Beauvoisin,21693,05-Unités urbaines de 20 000 à 100 000 hbts,2,189,50,1434,39421,34168,15.4,De 30 à 40 000 entrées,,OUI,E,,FIXE,NON,C,237,188,21,60.0,28.9,9.0,2.1,118,28.5,23.4,45.53638,5.670755
6,319302,VARIETES,AUVERGNE / RHONE-ALPES,24 RUE DE LA REPUBLIQUE,38316,Pont-de-Chéruy,6070,38,38403,Charvieu-Chavagneux,29181,05-Unités urbaines de 20 000 à 100 000 hbts,5,749,53,5668,125111,121663,2.8,De 100 à 150 000 entrées,,NON,NON,,FIXE,NON,C,240,180,127,39.4,43.9,14.2,2.5,89,18.3,9.7,45.749757,5.175101
6,319582,LE FOYER,BOURGOGNE / FRANCHE-COMTE,2 RUE DE LA RESISTANCE,25463,Pont-de-Roide-Vermondans,4162,25,25203,Pont-de-Roide-Vermondans,5599,06-autres communes et unités urbaines,1,100,53,384,6056,5980,1.3,De 5 à 10 000 entrées,,OUI,E,,FIXE,NON,C,104,89,4,69.6,16.2,13.9,0.2,42,33.3,34.9,47.383873,6.769949
3,320311,REX,BRETAGNE,ZONE DE NIEL,56178,Pontivy,16030,56,56305,Pontivy,18197,06-autres communes et unités urbaines,5,806,53,5900,133129,126679,5.1,De 100 à 150 000 entrées,,OUI,E,JPPR,FIXE,NON,C,349,224,140,50.2,35.0,13.3,1.5,180,27.5,14.8,48.068322,-2.948573
3,320333,CINEVILLE,BRETAGNE,27 RUE DE LA GARE,29220,Pont-l'Abbé,8786,29,29308,Pont-l'Abbé,15344,06-autres communes et unités urbaines,4,610,53,5452,141664,126093,12.3,De 100 à 150 000 entrées,CINEVILLE,NON,NON,,FIXE,NON,C,251,144,79,53.7,32.1,13.5,0.8,120,18.2,15.3,47.863407,-4.229693
3,320411,CINEMA LE CONCORDE,NORMANDIE,PLACE ROBERT DE FLERS,14514,Pont-l'Évêque,4862,14,14202,Pont-l'Évêque,5337,06-autres communes et unités urbaines,1,169,48,946,22839,23043,-0.9,De 20 à 30 000 entrées,,OUI,E,,FIXE,NON,C,224,186,2,63.7,20.4,13.4,2.4,132,49.2,34.7,49.285635,0.185399
2,320532,ROYAL UTOPIA,ILE-DE-FRANCE,14 RUE ALEXANDRE PRACHAY,95500,Pontoise,32453,95,00851,Paris,10947378,03-Grande couronne,1,272,41,209,13219,13454,-1.7,De 10 à 20 000 entrées,,OUI,C,,FIXE,NON,B,129,106,63,69.0,15.2,14.8,1.0,106,82.8,82.1,49.049188,2.099047
4,320561,GRAND ECRAN,NOUVELLE AQUITAINE,PLACE DES ARENES,40230,Pontonx-sur-l'Adour,2997,40,40107,Pontonx-sur-l'Adour,2997,06-autres communes et unités urbaines,1,270,53,646,10127,9541,6.1,De 10 à 20 000 entrées,,OUI,E,,FIXE,NON,R,213,183,45,53.1,31.5,13.7,1.6,100,29.5,20.1,43.787182,-0.923978
3,320771,PALACE,HAUTS DE FRANCE,RUE DES PÊCHEURS,60509,Pont-Sainte-Maxence,12637,60,60306,Pont-Sainte-Maxence,17175,06-autres communes et unités urbaines,2,322,51,2023,26001,22199,17.1,De 20 à 30 000 entrées,,OUI,E,JP,FIXE,NON,C,269,228,66,53.3,34.1,11.8,0.9,141,25.6,25.8,49.302107,2.60337
7,320783,ARIANE ASCARIDE,OCCITANIE,CENTRE PEPIN,30202,Pont-Saint-Esprit,10660,30,30306,Pont-Saint-Esprit,14632,06-autres communes et unités urbaines,2,188,48,1649,18905,18720,1.0,De 10 à 20 000 entrées,,OUI,E,JPPR,FIXE,NON,C,176,141,28,50.8,30.2,11.8,7.2,99,47.9,42.3,44.266447,4.644976
3,320873,CINEVILLE,PAYS DE LA LOIRE,1 BOULEVARD DE LEO LAGRANGE,49246,Les Ponts-de-Cé,13123,49,49701,Angers,251150,04-Unités urbaines de 100 000 hbts ou plus,8,1214,53,11931,438504,363631,20.6,De 300 à 450 000 entrées,CINEVILLE,NON,NON,,FIXE,OUI,B,220,137,125,52.0,34.9,12.1,1.0,50,9.4,5.8,47.434019,-0.500603
3,320971,SALLE RENE TARROT,PAYS DE LA LOIRE,SALLE RENE TARROT,72243,Pontvallain,1660,72,00000,Zone rurale,14183345,06-autres communes et unités urbaines,1,,28,75,3182,2385,33.4,De 2 à 5 000 entrées,,NON,NON,,ITINERANT,NON,R,31,22,0,68.5,25.2,6.3,0.0,11,20.3,19.3,47.750682,0.192681
4,321121,CAMPING MUNICIPAL,NOUVELLE AQUITAINE,CAMPING MUNICIPAL,33333,Le Porge,3371,33,33115,Le Porge,3371,06-autres communes et unités urbaines,1,,52,388,13807,18667,-26.0,De 10 à 20 000 entrées,,OUI,E,,ITINERANT,NON,R,191,165,6,57.6,28.7,12.6,1.1,102,34.0,30.6,44.8722,-1.092786
3,321132,CINE TOILES DE RETZ,PAYS DE LA LOIRE,54 RUE DE VERDUN,44131,Pornic,17340,44,44306,Pornic,22413,05-Unités urbaines de 20 000 à 100 000 hbts,3,479,53,3629,130869,113472,15.3,De 100 à 150 000 entrées,,OUI,E,RDJPPR,FIXE,NON,C,307,215,70,59.4,27.8,11.2,1.5,201,35.7,20.6,47.119337,-2.101111
3,321135,ST JOSEPH,PAYS DE LA LOIRE,RUE NOTRE DAME,44131,Pornic,17340,44,44306,Pornic,22413,05-Unités urbaines de 20 000 à 100 000 hbts,1,185,53,886,13482,13833,-2.5,De 10 à 20 000 entrées,,OUI,E,JPPR,FIXE,NON,C,365,293,1,70.0,13.3,12.6,4.1,246,60.6,52.7,47.114365,-2.127161
3,321146,LA TOILE DE MER,PAYS DE LA LOIRE,2 PLACE GAMBETTA,44132,Pornichet,12159,44,44601,Saint-Nazaire,194384,04-Unités urbaines de 100 000 hbts ou plus,1,174,53,1590,47697,30645,55.6,De 40 à 50 000 entrées,,NON,NON,,FIXE,NON,B,277,200,63,67.7,15.9,13.1,3.3,191,66.3,55.8,47.26086040750331,-2.337339844332716
7,321343,LE MELIES,PROVENCE-ALPES-COTE D'AZUR,12 RUE DENIS PAPIN,13077,Port-de-Bouc,16422,13,00759,Marseille-Aix-en-Provence,1635844,04-Unités urbaines de 100 000 hbts ou plus,1,155,53,1502,22463,21511,4.4,De 20 à 30 000 entrées,,OUI,C,RDJPPR,FIXE,NON,B,440,329,15,51.3,24.0,17.6,7.1,291,58.4,45.2,43.404425,4.98382
6,321594,LE TRAIN CINEMA,AUVERGNE / RHONE-ALPES,"1, RUE LOUIS ARAGON",26252,Portes-lès-Valence,10685,26,00652,Valence,135081,04-Unités urbaines de 100 000 hbts ou plus,1,117,44,531,12982,12238,6.1,De 10 à 20 000 entrées,,OUI,C,,FIXE,NON,B,124,75,5,74.0,11.2,7.4,7.4,91,62.9,48.3,44.874731,4.88233
7,321854,Gérard Philipe,PROVENCE-ALPES-COTE D'AZUR,AV GABRIEL PERI,13078,Port-Saint-Louis-du-Rhône,8447,13,13210,Port-Saint-Louis-du-Rhône,8447,06-autres communes et unités urbaines,1,213,50,1054,10900,9786,11.4,De 10 à 20 000 entrées,,OUI,E,JPPR,FIXE,NON,I,265,186,0,58.9,21.4,15.6,4.1,174,58.9,35.3,43.39359,4.796834
7,321912,LE VAUBAN,OCCITANIE,PLACE CASTELLANE,66148,Port-Vendres,4070,66,66501,Saint-Cyprien,63915,05-Unités urbaines de 20 000 à 100 000 hbts,1,241,52,455,8466,8558,-1.1,De 5 à 10 000 entrées,,OUI,D,,FIXE,NON,B,258,217,31,60.1,22.7,12.8,4.5,143,45.5,41.2,42.515622,3.105129
4,322592,SALLE DE CINEMA,NOUVELLE AQUITAINE,ARENES,40233,Pouillon,3169,40,40204,Pouillon,5839,06-autres communes et unités urbaines,1,,44,313,8830,8754,0.9,De 5 à 10 000 entrées,,OUI,E,JP,ITINERANT,NON,C,181,123,0,70.4,14.2,10.6,4.8,107,59.7,60.1,43.608168,-0.998487
6,322721,SALLE DU THEATRE DE LA MAIRIE,BOURGOGNE / FRANCHE-COMTE,Salle des Fêtes,58205,Ouroux-en-Morvan,608,58,00000,Zone rurale,14183345,06-autres communes et unités urbaines,1,,43,518,13164,10002,31.6,De 10 à 20 000 entrées,,OUI,E,JP,ITINERANT,NON,R,93,62,3,75.3,8.4,11.0,5.2,48,47.5,55.0,47.184077,3.945032
3,322952,CINEMA PAX,PAYS DE LA LOIRE,5 RUE DU MARECHAL JOFFRE,44135,Le Pouliguen,4116,44,44601,Saint-Nazaire,194384,04-Unités urbaines de 100 000 hbts ou plus,1,230,53,1469,39040,41286,-5.4,De 30 à 40 000 entrées,,OUI,C,RDJP,FIXE,NON,B,271,201,86,69.3,13.5,12.5,4.7,218,76.9,69.4,47.276193,-2.429727
4,323493,L'ECHIQUIER,PAYS DE LA LOIRE,LA FOURNIERE,85182,Pouzauges,5764,85,85203,Pouzauges,5764,06-autres communes et unités urbaines,1,154,50,1164,20988,18401,14.1,De 20 à 30 000 entrées,,OUI,E,JP,FIXE,NON,I,201,173,16,61.3,26.3,11.0,1.4,89,33.9,22.1,46.773329,-0.84843
7,323812,LIDO,OCCITANIE,174 AVENUE DU GENERAL DE GAULLE,66149,Prades,6375,66,66205,Prades,9887,06-autres communes et unités urbaines,1,189,51,844,28002,28431,-1.5,De 20 à 30 000 entrées,,OUI,E,JP,FIXE,NON,C,247,186,2,49.1,30.2,16.0,4.7,151,45.8,40.1,42.616153,2.421654
7,323840,CINEMA JACQUES BREL,OCCITANIE,PLACE DE LA FONTAINE,34217,Prades-le-Lez,6111,34,34701,Montpellier,472000,04-Unités urbaines de 100 000 hbts ou plus,1,200,32,125,3468,3374,2.8,De 2 à 5 000 entrées,,NON,NON,,FIXE,NON,B,66,47,1,62.8,5.9,13.4,17.9,41,64.2,58.9,43.697918,3.864705
7,323884,L ESPACE DES ARTS,PROVENCE-ALPES-COTE D'AZUR,45 ESPLANADE DES ARTS,83098,Le Pradet,10656,83,00757,Toulon,598427,04-Unités urbaines de 100 000 hbts ou plus,1,199,53,581,25558,21181,20.7,De 20 à 30 000 entrées,,OUI,C,,FIXE,NON,B,212,164,0,64.1,17.6,16.5,1.9,134,44.9,43.6,43.108927,6.020419
6,324021,LE PARC,AUVERGNE / RHONE-ALPES,RUE DU GRAND COULOIR,73206,Pralognan-la-Vanoise,734,73,00000,Zone rurale,14183345,06-autres communes et unités urbaines,1,150,27,222,4071,3909,4.1,De 2 à 5 000 entrées,,NON,NON,,FIXE,NON,R,93,81,14,62.8,26.9,10.2,0.1,32,25.2,11.7,45.381523,6.722351
7,324212,LE NOUVEAU PALACE,OCCITANIE,15 RUE DU FAUBOURG,66150,Prats-de-Mollo-la-Preste,1169,66,00000,Zone rurale,14183345,06-autres communes et unités urbaines,1,159,52,184,3196,3291,-2.9,De 2 à 5 000 entrées,,NON,NON,,FIXE,NON,R,147,134,18,58.9,21.7,17.5,1.9,66,38.3,30.0,42.403764,2.481748
4,324302,CINEMA LOUIS MALLE,OCCITANIE,PLACE DUTOURS,46225,Prayssac,2485,46,46102,Prayssac,3451,06-autres communes et unités urbaines,2,340,37,793,16665,18663,-10.7,De 10 à 20 000 entrées,,OUI,E,JPPR,FIXE,NON,C,285,214,1,64.1,16.0,15.2,4.7,199,61.9,56.7,44.503225,1.187579
3,324731, ATLANTIQUE,PAYS DE LA LOIRE,7 GRANDE RUE,44136,Préfailles,1254,44,44601,Saint-Nazaire,194384,04-Unités urbaines de 100 000 hbts ou plus,1,268,53,362,10999,10454,5.2,De 10 à 20 000 entrées,,OUI,D,,FIXE,NON,B,253,209,0,70.0,14.9,11.4,3.8,162,56.1,38.3,47.12792959999999,-2.215288200000032
6,326085,LE VIVARAIS 1,AUVERGNE / RHONE-ALPES,1 BIS COURS DU TEMPLE,07186,Privas,8826,07,07301,Privas,15563,06-autres communes et unités urbaines,3,350,50,2492,51946,50541,2.8,De 50 à 80 000 entrées,,OUI,E,RDJPPR,FIXE,NON,C,336,246,46,55.3,25.7,16.6,2.3,231,46.5,36.8,44.734637,4.59441
7,326263,THEATRE DE PROPRIANO,CORSE,PARC DES SPORTS SAN GUISEPPE,2A249,Propriano,3747,2A,2A106,Propriano,4619,06-autres communes et unités urbaines,1,400,49,402,10688,10913,-2.1,De 10 à 20 000 entrées,,NON,NON,,FIXE,NON,C,137,122,3,65.5,20.6,13.0,0.9,50,31.1,34.5,41.671492,8.91212
2,326550,LE REXY,ILE-DE-FRANCE,QUARTIER DELORT,77379,Provins,12394,77,77303,Provins,13717,03-Grande couronne,4,570,53,6118,79317,85034,-6.7,De 50 à 80 000 entrées,,OUI,E,JPPR,FIXE,NON,C,222,160,93,38.8,43.6,16.5,1.1,109,19.9,12.7,48.559158,3.304398
7,326741,EXCELSIOR,CORSE,ABBAZIA,2B251,Prunelli-di-Fiumorbo,3762,2B,2B101,Prunelli-di-Fiumorbo,3762,06-autres communes et unités urbaines,1,200,36,153,4886,5573,-12.3,De 2 à 5 000 entrées,,NON,NON,,FIXE,NON,I,54,42,0,77.6,5.1,17.2,0.0,25,39.0,47.1,42.003231,9.362695
7,327092,SALLE POLYVALENTE,PROVENCE-ALPES-COTE D'AZUR,SALLE POLYVALENTE,83100,Puget-Ville,4456,83,83120,Puget-Ville,4456,06-autres communes et unités urbaines,1,,14,38,3453,2222,55.4,De 2 à 5 000 entrées,,NON,NON,,ITINERANT,NON,I,16,10,1,35.0,41.8,23.3,0.0,7,60.5,46.1,43.288803,6.130491
2,327945,UGC Ciné Cité LA DEFENSE,ILE-DE-FRANCE,LE DOME,92062,Puteaux,44275,92,00851,Paris,10947378,02-Petite Couronne,16,3645,53,30725,"1,030,733","1,018,503",1.2,"De 1 à 1,5 million d'entrées",UGC,NON,NON,,FIXE,OUI,B,516,253,246,30.5,47.8,17.6,4.1,250,30.9,19.4,48.876233,2.242749
2,327961,LE CENTRAL,ILE-DE-FRANCE,134 RUE DE LA REPUBLIQUE,92062,Puteaux,44275,92,00851,Paris,10947378,02-Petite Couronne,2,480,47,2533,44911,45010,-0.2,De 40 à 50 000 entrées,,NON,NON,,FIXE,NON,B,162,100,27,43.3,38.9,16.3,1.5,82,26.2,24.7,48.885137,2.239127
6,328244,CINE DYKE,AUVERGNE / RHONE-ALPES,PLACE MICHELET,43157,Le Puy-en-Velay,19784,43,43401,Le Puy-en-Velay,39897,05-Unités urbaines de 20 000 à 100 000 hbts,6,1151,53,7731,232941,221513,5.2,De 200 à 300 000 entrées,,OUI,D,,FIXE,NON,C,312,237,162,53.3,31.6,13.6,1.5,151,27.5,16.0,45.040387,3.886089
7,328621,JEAN MARAIS,PROVENCE-ALPES-COTE D'AZUR,IMMEUBLE LE VOILE,05110,Puy-Saint-Vincent,292,05,00000,Zone rurale,14183345,06-autres communes et unités urbaines,1,195,26,279,4580,4371,4.8,De 2 à 5 000 entrées,,NON,NON,,FIXE,NON,R,102,82,38,57.7,31.3,10.5,0.5,25,16.5,7.1,44.82571,6.498622
3,329162,PAX,HAUTS DE FRANCE,PLACE DU GENERAL DE GAULLE,80649,Quend,1299,80,00000,Zone rurale,14183345,06-autres communes et unités urbaines,1,208,53,1377,15961,14554,9.7,De 10 à 20 000 entrées,,OUI,E,JPPR,FIXE,NON,R,265,199,5,63.4,24.5,10.9,1.1,152,41.2,21.5,50.323857,1.548679
3,329501,IRIS,BRETAGNE,2 BOULEVARD SAINT PIERRE,56184,Questembert,8219,56,56212,Questembert,8219,06-autres communes et unités urbaines,2,334,53,1729,56130,49012,14.5,De 50 à 80 000 entrées,,OUI,E,RDJPPR,FIXE,NON,I,329,225,39,60.8,24.2,11.2,3.9,217,46.5,33.7,47.662952,-2.454678
6,329531,PATHE CAP VERT,BOURGOGNE / FRANCHE-COMTE,RUE DU CAP VERT,21515,Quetigny,9287,21,21701,Dijon,253465,04-Unités urbaines de 100 000 hbts ou plus,12,2435,53,18772,442074,487694,-9.4,De 300 à 450 000 entrées,CINEMAS PATHE,NON,NON,,FIXE,OUI,B,353,228,173,39.4,43.2,14.7,2.6,119,10.8,5.9,47.311707,5.092506
3,329792,LE PARADIS,BRETAGNE,13 PLACE HOCHE,56186,Quiberon,4756,56,56123,Quiberon,4756,06-autres communes et unités urbaines,2,242,52,1686,41111,38568,6.6,De 40 à 50 000 entrées,,OUI,E,JPPR,FIXE,NON,I,246,189,51,68.6,18.8,10.9,1.6,155,48.3,39.4,47.480187,-3.121863
7,329941,LE FAMILIA,OCCITANIE,58 RUE VAYSSE BARTHELEMY,11304,Quillan,3237,11,11111,Quillan,3549,06-autres communes et unités urbaines,1,210,50,351,6288,7287,-13.7,De 5 à 10 000 entrées,,OUI,E,PR,FIXE,NON,C,243,176,3,57.5,16.7,19.5,6.3,173,64.5,58.2,42.875502,2.184954
3,330021,KATORZA,BRETAGNE,38 BOULEVARD DUPLEIX,29232,Quimper,65875,29,29501,Quimper,78865,05-Unités urbaines de 20 000 à 100 000 hbts,6,780,51,7602,91827,98027,-6.3,De 80 à 100 000 entrées,CINEVILLE,OUI,D,RDJPPR,FIXE,NON,C,424,257,224,63.3,13.9,17.2,5.7,389,96.0,94.4,47.994608,-4.102191
3,330052,LA BOBINE,BRETAGNE,RUE BREMOND D ARS,29233,Quimperlé,12553,29,29307,Quimperlé,14930,06-autres communes et unités urbaines,1,248,53,856,38179,38009,0.4,De 30 à 40 000 entrées,,OUI,E,JPPR,FIXE,NON,C,367,273,16,57.8,23.2,15.5,3.6,252,56.5,49.3,47.874513,-3.545043
3,330431,LE ROCHONEN,BRETAGNE,14 RUE ROCHONEN,22262,Quintin,3029,22,22101,Quintin,3029,06-autres communes et unités urbaines,1,200,52,287,7998,7734,3.4,De 5 à 10 000 entrées,,OUI,E,,FIXE,NON,I,146,118,2,59.0,25.5,15.2,0.3,69,41.9,56.8,48.401006,-2.912056
4,330574,LA HALLE,OCCITANIE,PROMENADE DES LICES,81220,Rabastens,5895,81,81203,Rabastens,8922,06-autres communes et unités urbaines,1,99,46,448,7803,6177,26.3,De 5 à 10 000 entrées,,OUI,E,JP,FIXE,NON,C,179,141,0,64.6,18.9,10.6,6.0,111,62.4,59.9,43.822342,1.724822
2,331279,LA LANTERNE,ILE-DE-FRANCE,2 RUE DE LA LEGION D HONNEUR,78517,Rambouillet,27534,78,78402,Rambouillet,27534,03-Grande couronne,1,122,48,887,24321,19032,27.8,De 20 à 30 000 entrées,,NON,NON,,FIXE,NON,I,149,117,15,57.9,19.6,19.7,2.8,90,46.0,40.8,48.64745329246967,1.8229813710564313
4,331401,L'AUTAN,OCCITANIE,PLACE JEAN JAURES,31446,Ramonville-Saint-Agne,15017,31,00758,Toulouse,1062736,04-Unités urbaines de 100 000 hbts ou plus,1,201,53,1112,33862,32928,2.8,De 30 à 40 000 entrées,,OUI,C,JPPR,FIXE,NON,B,303,194,6,64.0,18.0,11.8,6.2,236,78.1,73.4,43.545097,1.484818
9,331964,Théâtre municipal,GRAND EST,RUE JULES FERRY,88372,Raon-l'Étape,6247,88,00262,Raon-l'Étape,7954,06-autres communes et unités urbaines,1,403,52,593,19256,17704,8.8,De 10 à 20 000 entrées,,NON,NON,,FIXE,NON,C,135,102,22,60.0,25.6,13.8,0.6,50,21.8,18.7,48.406279,6.8448
3,333304,CINE'MANIVEL,BRETAGNE,12 QUAI JEAN BART,35236,Redon,10060,35,00456,Redon,24200,05-Unités urbaines de 20 000 à 100 000 hbts,7,1065,53,9773,223762,212827,5.1,De 200 à 300 000 entrées,,OUI,D,RDJPPR,FIXE,NON,C,503,281,168,55.1,28.5,13.5,3.0,362,47.8,26.1,47.643971,-2.08863
7,333600,SALLE POLYVALENTE,PROVENCE-ALPES-COTE D'AZUR,COUR DE L'ECOLE PRIMAIRE,83102,Régusse,2607,83,83112,Régusse,2909,06-autres communes et unités urbaines,1,,10,17,886,680,30.3,Moins de 2000 entrées,,NON,NON,,ITINERANT,NON,R,8,8,0,64.9,29.6,5.5,0.0,0,0.0,0.0,43.657393,6.130635
8,333683,LA CASTINE,GRAND EST,12 RUE DU GENERAL KOENIG,67388,Reichshoffen,5494,67,67305,Reichshoffen-Niederbronn-les-Bains,14922,06-autres communes et unités urbaines,1,341,53,728,21187,21178,0.0,De 20 à 30 000 entrées,,OUI,E,JPPR,FIXE,NON,C,221,179,1,49.4,28.5,19.6,2.5,120,41.5,44.7,48.931499,7.660695
6,333751,MAISON POUR TOUS,AUVERGNE / RHONE-ALPES,MAISON POUR TOUS,74220,Reignier-Ésery,8349,74,00653,Genève (SUI)-Annemasse (partie française),197599,04-Unités urbaines de 100 000 hbts ou plus,1,,53,742,29643,27898,6.3,De 20 à 30 000 entrées,,OUI,C,JP,ITINERANT,NON,B,199,135,0,70.7,11.8,11.5,6.0,136,69.6,66.7,46.153096,6.238556
3,333901,OPERAIMS,GRAND EST,72 PLACE DROUET D' ERLON,51454,Reims,183287,51,51701,Reims,218635,04-Unités urbaines de 100 000 hbts ou plus,11,1533,53,16910,354150,326042,8.6,De 300 à 450 000 entrées,,NON,NON,,FIXE,OUI,C,468,282,235,50.0,30.3,16.9,2.7,334,49.7,38.6,49.256421,4.026693
9,334606,MAJESTIC FRANCE LE VOLONTAIRE,GRAND EST,Eco Quartier La Filature,88383,Remiremont,8010,88,88401,Remiremont,22127,05-Unités urbaines de 20 000 à 100 000 hbts,7,1029,53,11028,175252,175592,-0.2,De 150 à 200 000 entrées,,OUI,D,JP,FIXE,NON,C,421,311,170,52.5,32.7,13.4,1.4,224,22.0,13.9,48.012165,6.601788
3,334921,VOX,PAYS DE LA LOIRE,30 RUE VICTOR FOURCAULT,53188,Renazé,2580,53,53102,Renazé,2580,06-autres communes et unités urbaines,1,218,50,274,11540,11396,1.3,De 10 à 20 000 entrées,,OUI,E,,FIXE,NON,I,108,80,2,65.5,17.5,12.2,4.9,35,29.2,22.1,47.794318,-1.057793
3,335055, CINE T.N.B,BRETAGNE,1 RUE SAINT HELIER,35238,Rennes,226654,35,35701,Rennes,375022,04-Unités urbaines de 100 000 hbts ou plus,2,495,49,3027,88150,83151,6.0,De 80 à 100 000 entrées,,OUI,A,RDJPPR,FIXE,NON,C,267,102,69,62.3,6.3,20.8,10.6,224,95.3,94.5,48.107745,-1.67277
3,335108,PATHE RENNES,BRETAGNE,12 RUE YVONNE JEAN HAFFEN,35238,Rennes,226654,35,35701,Rennes,375022,04-Unités urbaines de 100 000 hbts ou plus,13,2280,53,20798,630832,699130,-9.8,De 450 à 700 000 entrées,CINEMAS PATHE,NON,NON,,FIXE,OUI,C,455,301,245,40.7,39.3,17.1,2.9,201,32.1,24.0,48.106343,-1.675345
3,335121,CINEMA ARVOR,BRETAGNE,11 RUE DE CHATILLON,35238,RENNES,226654,35,35701,Rennes,375022,04-Unités urbaines de 100 000 hbts ou plus,5,767,53,7506,262386,265010,-1.0,De 200 à 300 000 entrées,,OUI,A,RDJPPR,FIXE,NON,C,570,226,179,59.8,18.2,13.6,8.4,435,90.8,84.9,48.102357,-1.6744
4,335303,REX,NOUVELLE AQUITAINE,PLACE DE LA LIBERATION,33352,La Réole,4435,33,33211,La Réole,7047,06-autres communes et unités urbaines,1,249,52,923,10732,12292,-12.7,De 10 à 20 000 entrées,,OUI,E,JPPR,FIXE,NON,C,348,266,6,56.3,24.4,14.9,4.4,208,50.2,44.5,44.582404,-0.036426
4,335473,LA MAISON POUR TOUS,OCCITANIE,RUE DU DEPUTE LAURENS,12197,Réquista,2056,12,00000,Zone rurale,14183345,06-autres communes et unités urbaines,1,88,52,383,6352,4896,29.7,De 5 à 10 000 entrées,,NON,NON,,FIXE,NON,R,112,92,0,68.6,18.0,8.9,4.5,55,43.2,36.4,44.032421,2.535913
3,335711,LE RESTERIA,BRETAGNE,2 BIS RUE LAMENAIS,35239,Retiers,4599,35,35210,Retiers,6350,06-autres communes et unités urbaines,1,169,53,463,12368,10758,15.0,De 10 à 20 000 entrées,,OUI,E,JP,FIXE,NON,C,223,179,1,62.6,22.7,12.9,1.8,115,40.6,25.8,47.914523,-1.380231
6,335751,SALLE DU FOYER,AUVERGNE / RHONE-ALPES,REX,43162,Retournac,3043,43,00000,Zone rurale,14183345,06-autres communes et unités urbaines,1,,52,251,7523,9023,-16.6,De 5 à 10 000 entrées,,OUI,E,JP,ITINERANT,NON,R,117,84,0,67.2,18.5,13.0,1.3,57,46.9,51.9,45.186514,4.029204
4,336023,CINE GET,OCCITANIE,38 RUE GEORGES SABO,31451,Revel,9947,31,31212,Revel,9947,06-autres communes et unités urbaines,1,193,53,1056,35361,30729,15.1,De 30 à 40 000 entrées,,OUI,E,JPPR,FIXE,NON,I,216,147,27,48.6,33.1,14.9,3.4,123,28.8,25.1,43.457554,2.006074
3,336191,RICHELIEU,NORMANDIE,18 RUE DU GENERAL DE GAULLE,50433,Réville,1037,50,00000,Zone rurale,14183345,06-autres communes et unités urbaines,2,285,49,1260,24166,21766,11.0,De 20 à 30 000 entrées,,OUI,E,,FIXE,NON,R,213,175,44,67.7,22.5,8.8,1.0,105,27.5,22.0,49.615851,-1.26046
3,336432,CINEMA ST PAUL,PAYS DE LA LOIRE,38 RUE JULIEN DOUILLARD,44143,Rezé,43756,44,44701,Nantes,683510,04-Unités urbaines de 100 000 hbts ou plus,1,425,49,675,39356,37581,4.7,De 30 à 40 000 entrées,,OUI,C,JP,FIXE,NON,B,328,239,1,58.5,17.6,17.7,6.2,228,71.0,65.1,47.183872,-1.543971
8,336732,REX,GRAND EST,"17, RUE DE LA SYNAGOGUE",68269,Ribeauvillé,4847,68,68125,Ribeauvillé,4847,06-autres communes et unités urbaines,1,190,53,366,11978,11785,1.6,De 10 à 20 000 entrées,,OUI,E,,FIXE,NON,I,196,158,0,49.1,20.8,22.0,8.2,102,42.9,43.1,48.194474,7.323025
4,336801,MAX LINDER,NOUVELLE AQUITAINE,RUE DES MOBILES DE COULMIERS,24352,Ribérac,3989,24,24111,Ribérac,4920,06-autres communes et unités urbaines,1,314,53,993,24047,20771,15.8,De 20 à 30 000 entrées,,OUI,E,JPPR,FIXE,NON,C,313,222,5,60.8,24.5,12.2,2.5,192,52.0,40.5,45.244774,0.339095
3,337051,MAJESTIC,CENTRE-VAL DE LOIRE,26 RUE HENRI PROUST,37196,Richelieu,1671,37,37101,Richelieu,2228,06-autres communes et unités urbaines,1,246,50,764,12996,11561,12.4,De 10 à 20 000 entrées,,OUI,E,JP,FIXE,NON,C,168,130,1,64.5,20.2,13.6,1.7,90,46.1,31.8,47.014742,0.322461
4,337353,SALLE DE CINEMA ET DE SPECTACLES VIVANTS,OCCITANIE,PLACE DU FOIRAIL,12198,Rieupeyroux,2015,12,00000,Zone rurale,14183345,06-autres communes et unités urbaines,1,239,53,401,10009,11421,-12.4,De 10 à 20 000 entrées,,OUI,E,,FIXE,NON,R,296,245,1,65.2,11.3,8.0,15.5,225,75.9,70.6,44.3078,2.237623
6,337784,Ciné Rillieux,AUVERGNE / RHONE-ALPES,83 AVENUE DE L'EUROPE,69286,Rillieux-la-Pape,31210,69,00760,Lyon,1714833,04-Unités urbaines de 100 000 hbts ou plus,3,590,53,4921,64589,56343,14.6,De 50 à 80 000 entrées,,OUI,C,JPPR,FIXE,NON,B,355,217,80,50.1,33.4,13.8,2.8,224,38.0,32.9,45.81862,4.904221
6,338145,Cinéma Arcadia,AUVERGNE / RHONE-ALPES,2/2B RUE DE LA BADE,63300,Riom,19476,63,63401,Riom,34618,05-Unités urbaines de 20 000 à 100 000 hbts,4,636,53,5033,107643,97924,9.9,De 100 à 150 000 entrées,,OUI,D,JPPR,FIXE,NON,C,251,160,75,56.1,30.7,11.4,1.9,150,32.9,24.9,45.894648,3.119978
4,338172,CINEMA Z,NOUVELLE AQUITAINE,LE BOSQUET,40243,Rion-des-Landes,3106,40,40108,Rion-des-Landes,3106,06-autres communes et unités urbaines,1,64,53,369,4037,3836,5.2,De 2 à 5 000 entrées,,OUI,E,JP,FIXE,NON,R,178,156,5,62.9,21.2,11.7,4.3,75,32.8,24.1,43.913839,-0.91372
6,338212,LE QUAI DES ARTS,AUVERGNE / RHONE-ALPES,PLACE DE LA GARE,15162,Riom-ès-Montagnes,2494,15,15101,Riom-ès-Montagnes,2494,06-autres communes et unités urbaines,1,184,49,384,10295,9823,4.8,De 10 à 20 000 entrées,,OUI,E,,FIXE,NON,I,147,122,0,62.5,20.8,13.9,2.7,85,41.3,25.8,45.281368,2.657031
2,338332,CINOCHE,ILE-DE-FRANCE,ALLEE JEAN WIENER,91521,Ris-Orangis,29829,91,00851,Paris,10947378,03-Grande couronne,3,706,53,4252,47612,55019,-13.5,De 40 à 50 000 entrées,,OUI,C,RDJPPR,FIXE,NON,B,350,232,89,57.1,22.1,16.1,4.7,264,75.8,68.7,48.65291,2.418053
2,338335,CINOCHE 4,ILE-DE-FRANCE,AVENUE DE LA LIBERATION,91521,Ris-Orangis,29829,91,00851,Paris,10947378,03-Grande couronne,1,248,53,1395,14213,5763,146.6,De 10 à 20 000 entrées,,NON,NON,,FIXE,NON,B,148,121,29,75.2,11.4,9.7,3.8,96,61.1,67.3,48.651395,2.414242
7,338342,CINEMA DE LA FORET BLANCHE,PROVENCE-ALPES-COTE D'AZUR,STATION DE RISOUL 1850,05119,Risoul,676,05,00000,Zone rurale,14183345,06-autres communes et unités urbaines,2,308,28,816,10083,9446,6.7,De 10 à 20 000 entrées,,NON,NON,,FIXE,NON,R,71,56,16,48.4,36.2,15.1,0.3,24,19.5,6.0,44.647615,6.629737
6,338461,CINE CHAPLIN,AUVERGNE / RHONE-ALPES,31 RUE JULES GUESDE,42186,Rive-de-Gier,15208,42,00753,Saint-Étienne,379742,04-Unités urbaines de 100 000 hbts ou plus,2,384,47,1122,25789,46811,-44.9,De 20 à 30 000 entrées,,OUI,C,JPPR,FIXE,NON,B,217,159,8,56.3,23.0,9.7,11.0,136,50.1,56.4,45.528846,4.614829
7,338590,MEGA CGR,OCCITANIE,C.C ROUSSILLON NORD LITTORAL,66164,Rivesaltes,9160,66,66701,Perpignan,205745,04-Unités urbaines de 100 000 hbts ou plus,12,2082,53,20882,275716,273451,0.8,De 200 à 300 000 entrées,CGR,NON,NON,,FIXE,OUI,B,290,201,194,35.4,47.0,15.7,1.9,52,9.9,4.0,42.765685,2.868611
8,338902,CINE RELAIS - LA PASSERELLE,GRAND EST,RUE DES LOISIRS,68278,Rixheim,14245,68,68701,Mulhouse,249916,04-Unités urbaines de 100 000 hbts ou plus,1,224,50,1042,22866,21419,6.8,De 20 à 30 000 entrées,,OUI,C,JP,FIXE,NON,B,251,198,15,52.4,19.6,23.5,4.5,137,44.6,38.2,47.750793,7.411718
6,338953,ESPACE RENOIR 1,AUVERGNE / RHONE-ALPES,10 RUE JEAN PUY,42187,Roanne,35152,42,42502,Roanne,82222,05-Unités urbaines de 20 000 à 100 000 hbts,2,429,49,3089,63395,54187,17.0,De 50 à 80 000 entrées,,OUI,D,RDJPPR,FIXE,NON,C,329,194,76,73.1,10.6,10.6,5.8,300,98.6,96.5,46.038163,4.069538
6,339013,LE GRAND PALAIS,AUVERGNE / RHONE-ALPES,3 COURS DE LA REPUBLIQUE,42187,Roanne,35152,42,42502,Roanne,82222,05-Unités urbaines de 20 000 à 100 000 hbts,9,1919,53,11968,292075,287820,1.5,De 200 à 300 000 entrées,,NON,NON,,FIXE,OUI,C,207,178,174,47.4,38.2,13.3,1.1,43,14.0,5.4,46.037107,4.06479
6,339254,LE PARC,AUVERGNE / RHONE-ALPES,QUARTIER DU PLEIN CHATEAU,74224,La Roche-sur-Foron,11537,74,74502,Cluses,93895,05-Unités urbaines de 20 000 à 100 000 hbts,1,199,47,446,15397,17065,-9.8,De 10 à 20 000 entrées,,OUI,D,JP,FIXE,NON,C,181,129,1,61.3,17.8,12.7,8.2,136,74.0,72.2,46.066503,6.314579
3,339311,LA COURONNE,BRETAGNE,2 RUE DE LA GREE BLANCHE,56195,La Roche-Bernard,707,56,00000,Zone rurale,14183345,06-autres communes et unités urbaines,2,260,53,1696,43713,41820,4.5,De 40 à 50 000 entrées,,OUI,E,JPPR,FIXE,NON,R,305,235,72,59.5,26.8,11.6,2.2,173,35.7,22.0,47.517686,-2.300226
4,339491,LE CLUB,NOUVELLE AQUITAINE,AVENUE DE LA DOUBLE,24354,La Roche-Chalais,3060,24,00000,Zone rurale,14183345,06-autres communes et unités urbaines,1,161,53,647,11264,11521,-2.2,De 10 à 20 000 entrées,,OUI,E,JPPR,FIXE,NON,C,205,148,1,61.3,26.4,10.3,1.9,99,39.5,27.7,45.148742,0.014338
4,339664,APOLLO CINE,NOUVELLE AQUITAINE,COURS ROY-BRY,17299,Rochefort,24042,17,17402,Rochefort,39086,05-Unités urbaines de 20 000 à 100 000 hbts,8,1310,53,11688,235381,226788,3.8,De 200 à 300 000 entrées,,OUI,D,,FIXE,OUI,C,294,211,177,48.6,35.4,14.3,1.7,126,25.9,16.5,45.93763,-0.966174
4,339713,LA HALLE AUX GRAINS,NOUVELLE AQUITAINE,1 RUE DES TANNEURS,16281,La Rochefoucauld,4113,16,16106,La Rochefoucauld-en-Angoumois,4113,06-autres communes et unités urbaines,1,153,53,484,9572,9294,3.0,De 5 à 10 000 entrées,,OUI,E,JP,FIXE,NON,I,216,176,1,57.6,21.5,16.8,4.2,121,52.9,45.1,45.740934,0.383249
6,339810,L'OPSIS,AUVERGNE / RHONE-ALPES,PLACE JEAN JAURES,42189,Roche-la-Molière,9966,42,00753,Saint-Étienne,379742,04-Unités urbaines de 100 000 hbts ou plus,1,350,44,121,6200,5925,4.6,De 5 à 10 000 entrées,,NON,NON,,FIXE,NON,B,74,51,0,69.8,15.6,13.8,0.8,28,34.2,36.1,45.434822,4.32352
4,339852,LA COURSIVE,NOUVELLE AQUITAINE,4 RUE ST JEAN DU PEROT,17300,La Rochelle,79323,17,17601,La Rochelle,139428,04-Unités urbaines de 100 000 hbts ou plus,2,1280,47,1504,53400,51221,4.3,De 50 à 80 000 entrées,,OUI,B,RDJPPR,FIXE,NON,C,140,73,54,58.2,18.5,12.2,11.1,136,99.5,99.3,46.156657,-1.154697
4,339871,CGR DRAGON,NOUVELLE AQUITAINE,8 COURS DES DAMES,17300,La Rochelle,79323,17,17601,La Rochelle,139428,04-Unités urbaines de 100 000 hbts ou plus,6,1024,53,9940,145414,140827,3.3,De 100 à 150 000 entrées,CGR,OUI,B,RDJP,FIXE,NON,C,391,269,230,67.7,13.6,16.1,2.6,313,80.9,74.5,46.157744,-1.153595
4,339911,MEGA CGR,NOUVELLE AQUITAINE,AVENUE HENRI BECQUEREL,17300,La Rochelle,79323,17,17601,La Rochelle,139428,04-Unités urbaines de 100 000 hbts ou plus,12,2272,53,21066,570973,573741,-0.5,De 450 à 700 000 entrées,CGR,NON,NON,,FIXE,OUI,C,283,193,189,42.9,40.0,15.3,1.8,42,9.1,4.7,46.147254,-1.153689
4,340043,LE KERLOUET,NOUVELLE AQUITAINE,PLACE DE LA REPUBLIQUE,86207,La Roche-Posay,1601,86,00000,Zone rurale,14183345,06-autres communes et unités urbaines,1,233,22,186,3869,5964,-35.1,De 2 à 5 000 entrées,,OUI,E,JP,FIXE,NON,R,74,49,0,68.4,18.6,11.2,1.8,38,46.1,51.4,46.785295,0.811448
4,340411,SALLE DU CHATEAU,NOUVELLE AQUITAINE,CENTRE CULTUREL,16282,La Rochette,544,16,00000,Zone rurale,14183345,06-autres communes et unités urbaines,1,,49,397,16059,14461,11.1,De 10 à 20 000 entrées,,OUI,E,JP,ITINERANT,NON,R,161,102,0,76.3,9.6,12.0,2.1,84,45.0,38.4,45.815626,0.307695
4,340874,CGR RODEZ,OCCITANIE,PLACE DU FOIRAIL,12202,Rodez,26266,12,12402,Rodez,50721,05-Unités urbaines de 20 000 à 100 000 hbts,10,1603,53,17256,260688,250776,4.0,De 200 à 300 000 entrées,CGR,OUI,D,JPPR,FIXE,OUI,C,399,256,204,52.5,31.8,13.4,2.3,201,29.2,16.6,44.34873,2.57572
2,341321,LA GRANGE,ILE-DE-FRANCE,FERME DE L'AYAU,77390,Roissy-en-Brie,22747,77,00851,Paris,10947378,03-Grande couronne,1,192,49,600,11750,12722,-7.6,De 10 à 20 000 entrées,,NON,NON,,FIXE,NON,B,152,123,4,47.4,34.6,13.9,4.1,66,37.1,27.3,48.793178,2.648662
2,341652,LE TRIANON,ILE-DE-FRANCE,PL CARNOT ET 1 RUE ETIENNE DOLET,93063,Romainville,31554,93,00851,Paris,10947378,02-Petite Couronne,1,436,48,1479,55717,57820,-3.6,De 50 à 80 000 entrées,,OUI,C,JPPR,FIXE,NON,B,331,184,7,53.2,22.4,15.8,8.6,246,75.7,66.9,48.883869,2.44086
6,341752,CINE PLANETE,AUVERGNE / RHONE-ALPES,16 PLACE JEAN JAURES,26281,Romans-sur-Isère,33486,26,26501,Romans-sur-Isère,58225,05-Unités urbaines de 20 000 à 100 000 hbts,8,1062,53,8107,146612,147083,-0.3,De 100 à 150 000 entrées,,NON,NON,,FIXE,OUI,C,232,202,178,49.6,35.5,13.1,1.8,73,22.3,10.9,45.045939,5.054595
6,341771,CINE LUMIERE,AUVERGNE / RHONE-ALPES,5 RUE FELIX FAURE,26281,Romans-sur-Isère,33486,26,26501,Romans-sur-Isère,58225,05-Unités urbaines de 20 000 à 100 000 hbts,3,434,49,2311,29892,31886,-6.3,De 20 à 30 000 entrées,,OUI,D,,FIXE,NON,C,166,106,88,60.2,11.4,18.5,9.9,155,98.3,94.9,45.046219,5.050587
3,342020,KORRIGAN,BRETAGNE,3 RUE DE LA VAUNOISE,35245,Romillé,4157,35,35118,Romillé,4157,06-autres communes et unités urbaines,1,209,49,679,21930,18361,19.4,De 20 à 30 000 entrées,,OUI,E,JP,FIXE,NON,I,254,201,4,68.2,17.6,12.1,2.1,146,44.4,35.3,48.213608,-1.892787
3,342071,L'EDEN,GRAND EST,66 RUE GAMBETTA,10323,Romilly-sur-Seine,14959,10,10301,Romilly-sur-Seine,17331,06-autres communes et unités urbaines,3,698,53,3439,58967,59621,-1.1,De 50 à 80 000 entrées,,OUI,E,JP,FIXE,NON,C,215,158,68,41.6,44.2,12.2,2.0,121,24.3,17.2,48.516527,3.723266
3,342115,CINE SOLOGNE,CENTRE-VAL DE LOIRE,LE CLOS DE L'ARCHE AVENUE DE PARIS,41194,Romorantin-Lanthenay,18685,41,41301,Romorantin-Lanthenay,18685,06-autres communes et unités urbaines,5,680,53,6704,138089,128795,7.2,De 100 à 150 000 entrées,,OUI,E,JPPR,FIXE,NON,I,324,227,110,52.0,33.4,13.1,1.6,178,20.6,12.0,47.378367,1.736977
5,342332,Gérard Philipe,HAUTS DE FRANCE,"40, RUE HENRI BARBUSSE",59508,Roncq,13675,59,59702,Lille (partie française),1062844,04-Unités urbaines de 100 000 hbts ou plus,1,141,49,500,17948,17985,-0.2,De 10 à 20 000 entrées,,NON,NON,,FIXE,NON,B,228,185,0,57.3,23.7,16.6,2.4,106,37.1,29.6,50.750026,3.123334
7,342900,CINEMA PAVILLON BLEU,PROVENCE-ALPES-COTE D'AZUR,RD 2085,06105,Roquefort-les-Pins,7476,06,06701,Nice,966577,04-Unités urbaines de 100 000 hbts ou plus,2,372,53,2466,44993,45381,-0.9,De 40 à 50 000 entrées,,OUI,C,JP,FIXE,NON,B,304,245,65,51.1,29.4,15.9,3.6,183,39.3,33.4,43.665141,7.049995
4,343010,LE MOULIN DE ROQUES,OCCITANIE,14 AVENUE DE LA GARE,31458,Roques,4993,31,00758,Toulouse,1062736,04-Unités urbaines de 100 000 hbts ou plus,1,185,6,23,1280,1130,13.3,Moins de 2000 entrées,,NON,NON,,FIXE,NON,B,7,1,0,28.3,52.8,16.2,2.7,6,91.7,98.3,43.510867,1.379784
3,343321,STE BARBE,BRETAGNE,14 BIS RUE YANN D ARGENT,29239,Roscoff,3446,29,29304,Saint-Pol-de-Léon,12892,06-autres communes et unités urbaines,1,200,52,463,11415,10794,5.8,De 10 à 20 000 entrées,,OUI,E,,FIXE,NON,B,213,153,10,66.8,18.3,11.4,3.5,125,46.1,33.4,48.724745,-3.984009
6,343491,LE FOYER,AUVERGNE / RHONE-ALPES,AVENUE ANDRE JEAN,07199,Rosières,1306,07,07402,Aubenas,43584,05-Unités urbaines de 20 000 à 100 000 hbts,2,352,52,1553,31226,23663,32.0,De 30 à 40 000 entrées,,OUI,D,,FIXE,NON,B,323,267,4,66.8,17.8,12.3,3.0,189,44.7,36.5,44.482369,4.255896
2,343750,UGC Ciné Cité ROSNY,ILE-DE-FRANCE,16 RUE CONRAD ADENAUER,93064,Rosny-sous-Bois,45622,93,00851,Paris,10947378,02-Petite Couronne,15,3344,53,27547,648112,700501,-7.5,De 450 à 700 000 entrées,UGC,NON,NON,,FIXE,OUI,B,486,241,235,28.6,52.3,15.6,3.5,192,19.6,9.7,48.880702,2.480345
2,343762,THEATRE ET CINEMA GEORGES SIMENON,ILE-DE-FRANCE,PLACE CARNOT,93064,Rosny-sous-Bois,45622,93,00851,Paris,10947378,02-Petite Couronne,1,229,44,365,15134,16307,-7.2,De 10 à 20 000 entrées,,OUI,C,JP,FIXE,NON,B,154,109,0,58.3,17.0,14.4,10.4,115,77.9,77.5,48.873327,2.482728
3,343951,CINE BREIZ,BRETAGNE,2 RUE DE STRASBOURG,22266,Rostrenen,3428,22,22104,Rostrenen,3428,06-autres communes et unités urbaines,1,227,53,555,11966,12705,-5.8,De 10 à 20 000 entrées,,OUI,E,JP,FIXE,NON,I,240,196,1,60.1,21.6,16.1,2.2,128,46.5,38.9,48.237305,-3.316257
8,344002,CINEMA LE ROYAL,GRAND EST,"25 A, RUE DE SCHIRMECK",67414,Rothau,1551,67,67304,La Broque,13246,06-autres communes et unités urbaines,1,145,46,144,4831,5036,-4.1,De 2 à 5 000 entrées,,NON,NON,,FIXE,NON,C,96,71,0,65.7,18.8,13.8,1.6,32,37.2,40.2,48.459054,7.210973
5,344352,LE DUPLEXE,HAUTS DE FRANCE,47 GRAND' RUE,59512,Roubaix,98480,59,59702,Lille (partie française),1062844,04-Unités urbaines de 100 000 hbts ou plus,9,1590,53,13766,101458,119046,-14.8,De 100 à 150 000 entrées,MEGARAMA,NON,NON,,FIXE,OUI,B,247,176,159,33.2,48.1,14.8,3.9,69,12.2,15.2,50.691883,3.165548
3,344532,OMNIA REPUBLIQUE,NORMANDIE,28 RUE DE LA REPUBLIQUE,76540,Rouen,115792,76,00755,Rouen,481277,04-Unités urbaines de 100 000 hbts ou plus,8,1221,53,13789,295144,279342,5.7,De 200 à 300 000 entrées,,OUI,A,RDJPPR,FIXE,OUI,C,642,370,294,62.0,12.7,17.9,7.4,557,90.1,87.3,49.438455,1.096887
3,344571,Kinepolis ROUEN,NORMANDIE,CENTRE COMMERCIAL DE SAINT SEVER,76540,Rouen,115792,76,00755,Rouen,481277,04-Unités urbaines de 100 000 hbts ou plus,13,2429,53,20556,142571,140674,1.3,De 100 à 150 000 entrées,Kinepolis,NON,NON,,FIXE,OUI,C,407,250,231,33.0,46.9,16.3,3.8,97,12.1,12.2,49.430638,1.085206
3,344590,PATHE DOCKS 76,NORMANDIE,BOULEVARD FERDINAND DE LESSEPS,76540,Rouen,115792,76,00755,Rouen,481277,04-Unités urbaines de 100 000 hbts ou plus,14,2746,53,25712,654399,673539,-2.8,De 450 à 700 000 entrées,CINEMAS PATHE,NON,NON,,FIXE,OUI,C,369,220,206,40.7,41.6,16.1,1.5,148,25.9,13.1,49.444934,1.067208
7,345421,SALLE POLYVALENTE,PROVENCE-ALPES-COTE D'AZUR,SALLE POLYVALENTE,04172,Roumoules,745,04,00000,Zone rurale,14183345,06-autres communes et unités urbaines,1,,48,595,16654,17290,-3.7,De 10 à 20 000 entrées,,NON,NON,,ITINERANT,NON,R,142,112,1,50.2,37.5,10.7,1.6,56,27.0,26.4,43.839788,6.151962
6,345631,QUINSONNET,BOURGOGNE / FRANCHE-COMTE,RUE DES ECOLES,39470,Les Rousses,3738,39,39106,Les Rousses,3738,06-autres communes et unités urbaines,2,291,53,1810,24020,21439,12.0,De 20 à 30 000 entrées,,OUI,E,JP,FIXE,NON,R,226,187,54,59.3,27.0,12.6,1.2,95,21.2,21.0,46.484074,6.058293
4,346502,LIDO,NOUVELLE AQUITAINE,65 FRONT DE MER,17306,Royan,19174,17,17403,Royan,40635,05-Unités urbaines de 20 000 à 100 000 hbts,6,1076,53,8878,285911,267394,6.9,De 200 à 300 000 entrées,CINEWEST,NON,NON,,FIXE,NON,C,247,163,113,57.1,30.2,12.0,0.7,78,14.8,10.9,45.62416,-1.025656
3,346622,CINEMA THEATRE,HAUTS DE FRANCE,BOULEVARD DU GENERAL LECLERC,80685,Roye,5758,80,80202,Roye,5758,06-autres communes et unités urbaines,1,326,51,849,25231,21987,14.8,De 20 à 30 000 entrées,,NON,NON,,FIXE,NON,I,158,135,22,46.8,39.9,11.9,1.4,49,13.8,11.6,49.69929,2.790104
2,347162,ARIEL,ILE-DE-FRANCE,99 AVENUE PAUL DOUMER,92063,Rueil-Malmaison,79713,92,00851,Paris,10947378,02-Petite Couronne,3,689,51,4024,101144,101812,-0.7,De 100 à 150 000 entrées,,OUI,C,JP,FIXE,NON,B,196,126,61,64.7,16.2,17.3,1.8,129,59.2,48.5,48.879844,2.180852
2,347175,ARIEL HAUTS DE RUEIL,ILE-DE-FRANCE,59 AVENUE DE FOUILLEUSE,92063,Rueil-Malmaison,79713,92,00851,Paris,10947378,02-Petite Couronne,3,688,53,3958,96055,102252,-6.1,De 80 à 100 000 entrées,,NON,NON,,FIXE,NON,B,149,94,61,32.3,53.0,13.7,1.0,48,9.3,9.8,48.862565,2.194794
4,347302,FAMILY,NOUVELLE AQUITAINE,3 ET 5 RUE DE PLAISANCE,16292,Ruffec,3520,16,16105,Ruffec,3997,06-autres communes et unités urbaines,2,271,53,939,18182,19511,-6.8,De 10 à 20 000 entrées,,OUI,E,JPPR,FIXE,NON,C,287,224,1,60.4,23.1,14.7,1.9,173,55.9,37.4,46.027187,0.203603
6,347732,Les Lumières de la Ville,AUVERGNE / RHONE-ALPES,Boulevard Louis Dagand,74225,Rumilly,16362,74,74302,Rumilly,18566,06-autres communes et unités urbaines,3,516,53,4120,92558,87533,5.7,De 80 à 100 000 entrées,,OUI,E,JP,FIXE,NON,C,329,220,90,49.6,35.9,11.9,2.5,159,26.0,19.5,45.85878,5.957306
4,348296,LE GRAND PALACE,PAYS DE LA LOIRE,BD DE L ILE VERTIME,85194,Les Sables-d'Olonne,48401,85,85404,Les Sables-d'Olonne,48401,05-Unités urbaines de 20 000 à 100 000 hbts,7,1293,53,6534,254695,246041,3.5,De 200 à 300 000 entrées,,NON,NON,,FIXE,NON,C,222,163,133,60.3,27.3,11.3,1.2,96,28.4,19.1,46.501653,-1.786349
3,348315,CINEMA CONFLUENCES SABLE SUR SARTHE,PAYS DE LA LOIRE,RUE SAINT DENIS,72264,Sablé-sur-Sarthe,12594,72,72302,Sablé-sur-Sarthe,13846,06-autres communes et unités urbaines,3,360,53,4743,101725,92727,9.7,De 100 à 150 000 entrées,,NON,NON,,FIXE,NON,C,234,154,84,53.4,31.9,11.9,2.9,119,19.0,14.6,47.839358,-0.342854
4,348442,L ESTRADE,NOUVELLE AQUITAINE,SALLE MUNICIPALE,40246,Sabres,1312,40,00000,Zone rurale,14183345,06-autres communes et unités urbaines,1,103,50,480,4201,4227,-0.6,De 2 à 5 000 entrées,,OUI,E,JP,FIXE,NON,R,194,166,1,66.6,18.8,11.9,2.8,94,44.9,39.8,44.152438,-0.737033
6,349322,LE STRAPONTIN,AUVERGNE / RHONE-ALPES,SAIN BEL,69171,Sain-Bel,2465,69,69401,L'Arbresle,21411,05-Unités urbaines de 20 000 à 100 000 hbts,1,199,46,238,14457,14043,2.9,De 10 à 20 000 entrées,,OUI,D,,FIXE,NON,B,185,139,0,66.1,13.7,15.4,4.8,118,59.9,48.7,45.809747,4.596802
4,349492,GALLIA,NOUVELLE AQUITAINE,67 COURS NATIONAL,17415,Saintes,26814,17,17401,Saintes,31529,05-Unités urbaines de 20 000 à 100 000 hbts,2,520,49,1739,40810,37929,7.6,De 40 à 50 000 entrées,,OUI,D,RDJPPR,FIXE,NON,C,191,126,64,67.2,7.3,21.2,4.3,179,97.7,92.5,45.747157,-0.634183
4,349524,ATLANTIC CINE,NOUVELLE AQUITAINE,ROUTE DE ROYAN,17415,Saintes,26814,17,17401,Saintes,31529,05-Unités urbaines de 20 000 à 100 000 hbts,8,1256,53,10751,285538,282581,1.0,De 200 à 300 000 entrées,CINEWEST,NON,NON,,FIXE,OUI,C,280,177,152,46.6,38.5,13.8,1.2,66,14.8,7.3,45.74154,-0.691811
7,350023,LA TOMETTE,PROVENCE-ALPES-COTE D'AZUR,QUARTIER LES PLANTIERS,83121,Salernes,3848,83,83206,Salernes,6170,06-autres communes et unités urbaines,1,172,51,587,9242,7149,29.3,De 5 à 10 000 entrées,,OUI,E,,FIXE,NON,C,149,108,3,65.4,17.5,13.7,3.5,89,45.9,41.1,43.561544,6.236388
4,350169,LE SALEYS,NOUVELLE AQUITAINE,RUE DU MARECHAL LECLERC,64499,Salies-de-Béarn,4684,64,64106,Salies-de-Béarn,4684,06-autres communes et unités urbaines,2,194,51,2255,37166,34931,6.4,De 30 à 40 000 entrées,,OUI,E,RDJPPR,FIXE,NON,I,313,234,26,55.6,25.5,15.0,3.9,205,51.4,42.0,43.471607,-0.927756
6,350390,L'ABREUVOIR,BOURGOGNE / FRANCHE-COMTE,RUE PRINCIPALE,21579,Salives,213,21,00000,Zone rurale,14183345,06-autres communes et unités urbaines,1,149,35,37,1194,851,40.3,Moins de 2000 entrées,,NON,NON,,FIXE,NON,R,34,30,0,96.0,2.4,1.6,0.0,14,42.9,31.2,47.620428,4.88235
6,350414,CINE MONT BLANC,AUVERGNE / RHONE-ALPES,AVENUE DE GENEVE,74256,Sallanches,17450,74,00465,Sallanches,48255,05-Unités urbaines de 20 000 à 100 000 hbts,10,1554,53,14803,263771,267905,-1.5,De 200 à 300 000 entrées,,OUI,D,JP,FIXE,OUI,C,412,299,237,48.8,34.6,14.8,1.8,203,26.9,16.9,45.944805,6.630005
4,350641,LE 7 ÈME ART,NOUVELLE AQUITAINE,5 PLACE DE LA MAIRIE,33498,Salles,7764,33,33212,Salles,7764,06-autres communes et unités urbaines,1,162,52,720,23185,21933,5.7,De 20 à 30 000 entrées,,OUI,E,JP,FIXE,NON,I,253,194,24,52.7,35.0,10.3,1.9,140,31.6,24.0,44.550748,-0.869882
4,351333,CINEMA DE SAMATAN,OCCITANIE,PLACE DES CORDELIERS,32410,Samatan,2484,32,32101,Samatan,2484,06-autres communes et unités urbaines,1,187,53,398,11209,10515,6.6,De 10 à 20 000 entrées,,OUI,E,JPPR,FIXE,NON,R,276,218,32,50.8,26.7,17.3,5.1,164,52.8,45.5,43.490681,0.929457
6,351441,LE CRIOU,AUVERGNE / RHONE-ALPES,RUE DES BILLETS,74258,Samoëns,2438,74,74111,Samoëns,3913,06-autres communes et unités urbaines,1,304,30,317,9106,9342,-2.5,De 5 à 10 000 entrées,,NON,NON,,FIXE,NON,C,81,63,45,51.7,31.3,15.5,1.4,18,11.7,13.8,46.0819758,6.727133399999957
7,351621,A B C,PROVENCE-ALPES-COTE D'AZUR,20 RUE DU GENERAL GALLIENI,83123,Sanary-sur-Mer,17440,83,00757,Toulon,598427,04-Unités urbaines de 100 000 hbts ou plus,1,234,53,2260,58151,53100,9.5,De 50 à 80 000 entrées,,NON,NON,,FIXE,NON,B,162,145,123,68.1,20.7,10.9,0.3,71,32.3,27.9,43.117504,5.799215
5,352223,AGORA CINE,HAUTS DE FRANCE,AVENUE DES SPORTS,59553,Santes,5714,59,59702,Lille (partie française),1062844,04-Unités urbaines de 100 000 hbts ou plus,1,426,46,126,17099,16762,2.0,De 10 à 20 000 entrées,,NON,NON,,FIXE,NON,B,75,51,0,69.9,14.9,10.1,5.1,29,55.0,45.8,50.59221,2.959712
3,352610,PATHE SARAN,CENTRE-VAL DE LOIRE,1010 RUE NATIONALE,45302,Saran,16787,45,45701,Orléans,291555,04-Unités urbaines de 100 000 hbts ou plus,10,2345,53,16336,557072,558526,-0.3,De 450 à 700 000 entrées,CINEMAS PATHE,NON,NON,,FIXE,OUI,B,233,139,115,41.3,42.8,14.2,1.7,43,4.5,2.5,47.94652,1.895679
4,352923,REX,NOUVELLE AQUITAINE,18 AV THIERS,24520,Sarlat-la-Canéda,9192,24,24203,Sarlat-la-Canéda,9192,06-autres communes et unités urbaines,6,979,53,8155,129620,127636,1.6,De 100 à 150 000 entrées,,OUI,E,RDJPPR,FIXE,NON,I,479,288,190,52.3,31.2,14.3,2.3,313,41.5,28.7,44.885645,1.216981
8,353161,CINE SAR,GRAND EST,37  AV POINCARE,57630,Sarrebourg,12582,57,57302,Sarrebourg,16227,06-autres communes et unités urbaines,5,853,53,5947,112876,122605,-7.9,De 100 à 150 000 entrées,,OUI,E,JP,FIXE,NON,C,248,157,126,41.0,39.6,18.0,1.4,82,18.0,9.3,48.736261,7.05462
8,353201,LES CINEMAS FORUM,GRAND EST,1 RUE DU MAIRE MASSING,57631,Sarreguemines,21017,57,57401,Sarreguemines (partie française),29248,05-Unités urbaines de 20 000 à 100 000 hbts,9,1398,53,11306,168362,179994,-6.5,De 150 à 200 000 entrées,,OUI,D,,FIXE,OUI,C,305,221,167,38.3,43.1,17.0,1.6,121,20.3,11.7,49.11063,7.070985
8,353252,Centre Socio Culturel,GRAND EST,26A rue de Phalsbourg,67434,Sarre-Union,2836,67,67117,Sarre-Union,2836,06-autres communes et unités urbaines,1,80,48,370,9309,9521,-2.2,De 5 à 10 000 entrées,,OUI,E,JPPR,FIXE,NON,I,185,133,2,45.8,28.4,24.1,1.7,92,46.3,38.7,48.937213,7.087489
2,353531,C2L CIN'HOCHE,ILE-DE-FRANCE,6 RUE HOCHE,78586,Sartrouville,52158,78,00851,Paris,10947378,03-Grande couronne,5,436,53,7305,116871,113197,3.2,De 100 à 150 000 entrées,UGC,NON,NON,,FIXE,NON,B,246,139,103,46.0,38.2,13.1,2.7,122,24.4,21.3,48.937892,2.159419
3,353572,L'HERMINE,BRETAGNE,1 PLACE RICHEMONT,56240,Sarzeau,9045,56,56216,Sarzeau,9045,06-autres communes et unités urbaines,1,417,49,279,6732,6586,2.2,De 5 à 10 000 entrées,,NON,NON,,FIXE,NON,I,159,109,3,65.7,15.6,16.7,1.9,118,70.4,57.8,47.527723,-2.768594
6,354301,ETOILE CINEMA,BOURGOGNE / FRANCHE-COMTE,RUE DE LA HALLE AU BLE,21584,Saulieu,2454,21,21103,Saulieu,2454,06-autres communes et unités urbaines,1,151,53,653,14536,12871,12.9,De 10 à 20 000 entrées,,OUI,E,JP,FIXE,NON,I,252,204,3,60.2,24.1,12.5,3.2,147,52.8,35.8,47.280282,4.229497
3,354782,LE GRAND  PALACE,PAYS DE LA LOIRE,13 QUAI CARNOT,49328,Saumur,27112,49,49405,Saumur,30329,05-Unités urbaines de 20 000 à 100 000 hbts,9,1469,53,13058,276231,261513,5.6,De 200 à 300 000 entrées,,OUI,D,,FIXE,OUI,C,323,247,190,53.3,33.1,12.3,1.3,142,22.2,11.3,47.262131,-0.078279
3,355933,CINE NOVA,PAYS DE LA LOIRE,37 RUE SAINT MICHEL,44195,Savenay,9476,44,44303,Savenay,12713,06-autres communes et unités urbaines,5,662,53,6456,159154,147438,7.9,De 150 à 200 000 entrées,CINEVILLE,OUI,E,JPPR,FIXE,NON,C,300,188,113,44.8,39.4,13.9,1.9,143,18.7,9.2,47.363726,-1.942308
4,355993,CENTRE MULTIMEDIA,OCCITANIE,RUE DU LION D'OR,09282,Saverdun,4966,09,09106,Saverdun,4966,06-autres communes et unités urbaines,1,189,50,335,4857,4118,17.9,De 2 à 5 000 entrées,,OUI,E,,FIXE,NON,I,255,206,0,49.0,28.6,17.6,4.8,153,52.9,30.2,43.236313,1.574721
8,356024,CINECUBIC,GRAND EST,"133, GRAND'RUE",67437,Saverne,11602,67,67306,Saverne,19139,06-autres communes et unités urbaines,2,411,53,3046,48821,46139,5.8,De 40 à 50 000 entrées,,OUI,E,JPPR,FIXE,NON,C,285,209,84,45.3,33.2,19.0,2.6,165,38.1,30.0,48.739119,7.36694
2,356431,ESPACE PREVERT,ILE-DE-FRANCE,QUARTIER DU PLESSIS LE ROI,77445,Savigny-le-Temple,30404,77,00851,Paris,10947378,03-Grande couronne,1,390,49,710,18492,19697,-6.1,De 10 à 20 000 entrées,,OUI,C,,FIXE,NON,B,187,130,7,46.2,33.8,11.2,8.7,86,36.1,31.0,48.57649,2.579118
2,356871,TRIANON,ILE-DE-FRANCE,3 BIS RUE MARGUERITE RENAUDIN,92071,Sceaux,20721,92,00851,Paris,10947378,02-Petite Couronne,1,270,53,1212,61038,61296,-0.4,De 50 à 80 000 entrées,,OUI,C,JPPR,FIXE,NON,B,260,157,11,63.8,15.8,15.2,5.1,213,81.3,76.6,48.777656,2.292628
3,357672,TURENNE,GRAND EST,17 AV DE VERDUN,08409,Sedan,16730,08,08401,Sedan,25587,05-Unités urbaines de 20 000 à 100 000 hbts,3,450,52,2007,45136,46547,-3.0,De 40 à 50 000 entrées,,NON,NON,,FIXE,NON,C,225,153,45,40.8,42.6,14.7,1.9,94,15.5,19.6,49.698315,4.947865
3,357751,REX,NORMANDIE,5 PLACE DE LA 2EME DB,61464,Sées,4634,61,61104,Sées,4634,06-autres communes et unités urbaines,1,212,53,888,19030,19920,-4.5,De 10 à 20 000 entrées,,OUI,E,JP,FIXE,NON,I,235,164,3,63.8,21.7,9.7,4.8,123,43.4,36.3,48.607433,0.170941
3,357904,LE MAINGUE,PAYS DE LA LOIRE,PLACE DU PORT,49331,Segré-en-Anjou Bleu,18478,49,49306,Segré-en-Anjou Bleu,18478,06-autres communes et unités urbaines,3,375,51,2359,67095,58639,14.4,De 50 à 80 000 entrées,,OUI,E,JP,FIXE,NON,C,264,189,51,54.7,33.1,10.3,1.9,147,25.7,15.0,47.68565,-0.868807
8,358333,SELECT,GRAND EST,48 RUE DU PRESIDENT POINCARE,67462,Sélestat,19530,67,67307,Sélestat,19530,06-autres communes et unités urbaines,3,594,53,4472,90088,89144,1.1,De 80 à 100 000 entrées,,OUI,E,JPPR,FIXE,NON,I,274,194,88,40.3,41.8,16.1,1.9,130,19.6,14.1,48.257586,7.452058
3,358561,LE STUDIO,CENTRE-VAL DE LOIRE,PLACE CHARLES DE GAULLE,41242,Selles-sur-Cher,4522,41,41110,Selles-sur-Cher,4522,06-autres communes et unités urbaines,1,123,51,569,9202,7790,18.1,De 5 à 10 000 entrées,,OUI,E,JP,FIXE,NON,I,180,148,1,62.3,16.7,13.0,8.0,80,34.1,30.7,47.274507,1.55439
6,359082,ETOILE CINEMA,BOURGOGNE / FRANCHE-COMTE,6 RUE DU LYCEE,21603,Semur-en-Auxois,4466,21,21108,Semur-en-Auxois,4466,06-autres communes et unités urbaines,1,124,53,766,17894,16465,8.7,De 10 à 20 000 entrées,,OUI,E,JPPR,FIXE,NON,I,250,187,1,67.8,15.0,12.3,5.0,185,68.7,55.3,47.49215,4.334794
3,359462,JEANNE D ARC,HAUTS DE FRANCE,10 RUE DU CIMETIERE SAINT RIEUL,60612,Senlis,15709,60,60304,Senlis,16762,06-autres communes et unités urbaines,1,227,53,1338,29997,30078,-0.3,De 20 à 30 000 entrées,,OUI,E,JPPR,FIXE,NON,C,351,213,29,56.5,24.2,16.8,2.5,231,52.5,42.6,49.208302,2.585995
3,359622,L'AMBIANCE,CENTRE-VAL DE LOIRE,10 RUE FLANDRES DUNKERQUE,28373,Senonches,3049,28,28106,Senonches,3049,06-autres communes et unités urbaines,1,306,47,957,26496,25915,2.2,De 20 à 30 000 entrées,,OUI,E,JP,FIXE,NON,I,190,164,25,52.0,34.9,11.7,1.4,107,23.7,13.4,48.561662,1.032664
3,359772,CINEMA CONFLUENCES SENS,BOURGOGNE / FRANCHE-COMTE,RUE DES CANNETIERES,89387,Sens,27367,89,89401,Sens,39612,05-Unités urbaines de 20 000 à 100 000 hbts,7,1340,53,12159,241469,240176,0.5,De 200 à 300 000 entrées,,OUI,D,JP,FIXE,NON,C,360,271,228,44.8,38.6,15.0,1.6,190,28.6,16.4,48.176509,3.284553
8,360572,GRAND ECRAN,GRAND EST,PLACE ADRIEN PRINTZ,57647,Serémange-Erzange,4220,57,57601,Thionville,138442,04-Unités urbaines de 100 000 hbts ou plus,1,158,49,494,13460,10290,30.8,De 10 à 20 000 entrées,,OUI,C,,FIXE,NON,B,145,115,1,58.5,15.5,21.4,4.6,81,46.6,48.2,49.317865,6.093266
7,362034,LE COMOEDIA,OCCITANIE,6 RUE DU 8 MAI 1945,34301,Sète,45175,34,34501,Sète,94539,05-Unités urbaines de 20 000 à 100 000 hbts,3,481,53,4416,76709,66961,14.6,De 50 à 80 000 entrées,,OUI,D,RDJPPR,FIXE,NON,C,338,216,158,59.6,15.6,17.8,7.0,273,84.1,71.7,43.404513,3.695345
7,362074,LE NOUVEAU PALACE,OCCITANIE,"24, AVENUE VICTOR HUGO",34301,Sète,45175,34,34501,Sète,94539,05-Unités urbaines de 20 000 à 100 000 hbts,3,299,49,3466,50584,48368,4.6,De 50 à 80 000 entrées,,OUI,D,,FIXE,NON,C,171,151,94,54.9,33.1,11.0,1.0,72,27.6,16.4,43.408726,3.698237
2,362414,CINE SEL,ILE-DE-FRANCE,47 GRANDE RUE,92072,Sèvres,23472,92,00851,Paris,10947378,02-Petite Couronne,1,380,42,363,21840,21040,3.8,De 20 à 30 000 entrées,,OUI,C,,FIXE,NON,B,149,107,2,65.0,17.2,13.9,3.9,107,67.7,65.0,48.82472689999999,2.21509930000002
7,362614,LE Casino JOA,PROVENCE-ALPES-COTE D'AZUR,1 AVENUE DU DOCTEUR MAZEN,83126,La Seyne-sur-Mer,62999,83,00757,Toulon,598427,04-Unités urbaines de 100 000 hbts ou plus,1,,7,21,2154,2264,-4.9,De 2 à 5 000 entrées,,NON,NON,,ITINERANT,NON,B,16,12,0,49.1,7.1,37.1,6.7,14,90.5,86.8,43.103927,5.878774
6,362651,AUDITORIUM DE SEYNOD,AUVERGNE / RHONE-ALPES,AVENUE DE CHAMP FLEURI,74010,Annecy,134942,74,74601,Annecy,187946,04-Unités urbaines de 100 000 hbts ou plus,1,277,50,868,25032,22782,9.9,De 20 à 30 000 entrées,,OUI,A,JP,FIXE,NON,C,279,142,3,54.7,16.2,16.9,12.2,227,77.2,70.1,45.889595,6.101037
6,362693,LE CONDATE,AUVERGNE / RHONE-ALPES,RUE DE SAVOIE,74269,Seyssel,2426,74,00165,Seyssel,4755,06-autres communes et unités urbaines,1,128,52,281,8738,7813,11.8,De 5 à 10 000 entrées,,NON,NON,,FIXE,NON,C,145,109,2,60.7,22.7,11.7,4.8,53,28.6,25.2,45.95807,5.835541
3,362773,SEZ ART,GRAND EST,RUE DES LYS,51535,Sézanne,4881,51,51112,Sézanne,4881,06-autres communes et unités urbaines,2,319,53,2612,40327,39621,1.8,De 40 à 50 000 entrées,,OUI,E,JP,FIXE,NON,I,144,105,26,45.4,39.3,13.9,1.4,67,27.2,17.1,48.721194,3.729236
7,363131,LES CORBIERES,OCCITANIE,PLACE DE LA LIBERATION,11379,Sigean,5640,11,11202,Sigean,5640,06-autres communes et unités urbaines,1,206,47,533,12963,11354,14.2,De 10 à 20 000 entrées,,NON,NON,,FIXE,NON,I,74,59,0,57.6,28.2,14.2,0.0,26,27.7,27.1,43.028712,2.979248
6,363480,Salle des Fêtes,AUVERGNE / RHONE-ALPES,Salle des Fêtes,74272,Sillingy,5619,74,74601,Annecy,187946,04-Unités urbaines de 100 000 hbts ou plus,1,,52,1143,41507,39690,4.6,De 40 à 50 000 entrées,,OUI,C,JPPR,ITINERANT,NON,B,201,125,2,65.0,16.6,10.6,7.9,142,64.0,64.7,45.941027,6.035993
7,364121,REX,PROVENCE-ALPES-COTE D'AZUR,24 AVENUE DES ARCADES,04209,Sisteron,7910,04,04204,Sisteron,7910,06-autres communes et unités urbaines,2,225,49,1302,16150,12568,28.5,De 10 à 20 000 entrées,,NON,NON,,FIXE,NON,I,212,165,8,54.2,29.3,14.9,1.6,100,27.7,23.6,44.194031,5.94255
7,364205,SIX N'ETOILES,PROVENCE-ALPES-COTE D'AZUR,RUE DE LA REPUBLIQUE,83129,Six-Fours-les-Plages,35890,83,00757,Toulon,598427,04-Unités urbaines de 100 000 hbts ou plus,4,568,53,6447,220465,204220,8.0,De 200 à 300 000 entrées,,OUI,C,JPPR,FIXE,NON,B,368,252,127,50.2,33.5,14.4,1.9,217,33.8,20.9,43.093086,5.83938
3,364503,CGR SOISSONS,HAUTS DE FRANCE,"12, RUE DU BEFFROI",02722,Soissons,29543,02,02404,Soissons,44485,05-Unités urbaines de 20 000 à 100 000 hbts,5,709,53,7269,102937,104937,-1.9,De 100 à 150 000 entrées,CGR,OUI,D,JP,FIXE,NON,C,295,165,91,40.8,44.1,14.1,0.9,149,16.8,13.6,49.382084,3.326393
7,364945,CINEMA LE RIO,PROVENCE-ALPES-COTE D'AZUR,AVENUE DES AIGUIERS,83130,Solliès-Pont,12158,83,00757,Toulon,598427,04-Unités urbaines de 100 000 hbts ou plus,1,178,51,471,18607,13820,34.6,De 10 à 20 000 entrées,,NON,NON,,FIXE,NON,B,115,92,3,64.2,22.6,12.2,1.1,52,35.5,30.4,43.190268,6.038903
7,364961,SALLE COMMUNALE,PROVENCE-ALPES-COTE D'AZUR,SALLE COMMUNALE,83131,Solliès-Toucas,5975,83,00757,Toulon,598427,04-Unités urbaines de 100 000 hbts ou plus,1,,13,25,1275,1747,-27.0,Moins de 2000 entrées,,NON,NON,,ITINERANT,NON,B,21,18,0,61.4,34.8,2.9,0.9,5,25.0,21.1,43.19314,6.005894
5,364991,REX,HAUTS DE FRANCE,PLACE VERTE,59572,Solre-le-Château,1798,59,00000,Zone rurale,14183345,06-autres communes et unités urbaines,1,192,51,522,12484,12155,2.7,De 10 à 20 000 entrées,,NON,NON,,FIXE,NON,R,116,94,8,55.5,33.6,8.2,2.7,31,15.7,16.8,50.174295,4.093165
7,365434,LE VENISE,OCCITANIE,5 RUE COMPANE,30321,Sommières,5109,30,30211,Sommières,8147,06-autres communes et unités urbaines,3,296,52,3990,76713,65805,16.6,De 50 à 80 000 entrées,,OUI,E,JP,FIXE,NON,C,218,157,84,52.5,30.5,15.1,2.0,119,34.2,25.1,43.782561,4.087698
4,365721,REX,NOUVELLE AQUITAINE,PLACE DE LA POSTE,40304,Soorts-Hossegor,3584,40,40301,Capbreton,13078,06-autres communes et unités urbaines,1,390,53,942,38900,35896,8.4,De 30 à 40 000 entrées,,OUI,E,,FIXE,NON,B,225,195,80,58.1,27.4,13.4,1.1,124,35.2,26.0,43.664191,-1.395
4,366992,LE PARIS,OCCITANIE,19 AV DU GENERAL DE GAULLE,46309,Souillac,3520,46,46104,Souillac,4325,06-autres communes et unités urbaines,2,344,53,1344,13116,11317,15.9,De 10 à 20 000 entrées,,OUI,E,,FIXE,NON,C,247,201,12,57.6,27.2,11.7,3.5,126,29.2,28.1,44.897861,1.477417
4,367052,OCEANIC,NOUVELLE AQUITAINE,68 RUE DE LA PLAGE,33514,Soulac-sur-Mer,2860,33,33109,Soulac-sur-Mer,2860,06-autres communes et unités urbaines,1,287,53,712,30039,32750,-8.3,De 30 à 40 000 entrées,,OUI,E,,FIXE,NON,I,233,196,48,53.1,31.2,13.5,2.2,131,34.0,25.9,45.51424,-1.123506
8,367453,LA SALINE,GRAND EST,PLACE DU GÉNÉRAL DE GAULLE,67474,Soultz-sous-Forêts,3206,67,67125,Soultz-sous-Forêts,3206,06-autres communes et unités urbaines,1,225,40,76,4241,4088,3.7,De 2 à 5 000 entrées,,NON,NON,,FIXE,NON,I,42,25,2,36.5,38.5,25.0,0.0,8,13.6,18.6,48.935358,7.883424
4,367871,ATLANTIC,NOUVELLE AQUITAINE,PLACE ROBERT LASSALLE,40310,Soustons,8522,40,40209,Soustons,8522,06-autres communes et unités urbaines,1,206,53,1112,29222,25993,12.4,De 20 à 30 000 entrées,,OUI,E,JPPR,FIXE,NON,I,338,215,65,52.9,29.4,14.0,3.8,231,57.9,40.4,43.753649,-1.327299
4,367911,EDEN,NOUVELLE AQUITAINE,PLACE ST JACQUES,23176,La Souterraine,5182,23,23201,La Souterraine,5182,06-autres communes et unités urbaines,1,190,49,781,12305,12022,2.4,De 10 à 20 000 entrées,,OUI,E,JPPR,FIXE,NON,I,225,170,0,53.4,23.6,16.2,6.8,131,51.8,44.4,46.236572,1.486137
2,368403,SALLE PAUL ELUARD,ILE-DE-FRANCE,PLACE MARCEL POINTET,93072,Stains,39277,93,00851,Paris,10947378,02-Petite Couronne,1,699,34,187,11010,10945,0.6,De 10 à 20 000 entrées,,NON,NON,,FIXE,NON,B,118,82,1,26.5,46.6,15.5,11.3,43,32.6,21.9,48.951678,2.381372
9,368614,L'Autre Cité,GRAND EST,4 CHEMIN DES LOISIRS,55502,Stenay,2623,55,55103,Stenay,3075,06-autres communes et unités urbaines,1,210,51,779,12281,10963,12.0,De 10 à 20 000 entrées,,NON,NON,,FIXE,NON,C,143,129,5,52.0,33.1,14.0,0.9,34,14.7,7.7,49.487702,5.197037
8,368723,COSMOS,GRAND EST,"3, RUE DES FRANCS BOURGEOIS",67482,Strasbourg,293538,67,67701,Strasbourg (partie française),489338,04-Unités urbaines de 100 000 hbts ou plus,2,313,52,3641,47666,20108,137.0,De 40 à 50 000 entrées,,OUI,A,,FIXE,NON,C,433,16,1,34.5,31.1,17.4,17.0,354,89.7,88.5,48.582601,7.745895
8,368764,VOX,GRAND EST,17 RUE DES FRANCS BOURGEOIS,67482,Strasbourg,293538,67,67701,Strasbourg (partie française),489338,04-Unités urbaines de 100 000 hbts ou plus,7,1052,53,13561,205205,213934,-4.1,De 200 à 300 000 entrées,,NON,NON,,FIXE,NON,C,465,177,153,32.3,46.4,16.8,4.5,175,9.0,10.4,48.581785,7.746387
8,368801,LE STAR,GRAND EST,27/31 RUE DU JEU DES ENFANTS,67482,Strasbourg,293538,67,67701,Strasbourg (partie française),489338,04-Unités urbaines de 100 000 hbts ou plus,5,529,53,9399,152661,159361,-4.2,De 150 à 200 000 entrées,,OUI,A,RDJPPR,FIXE,NON,C,429,243,170,58.2,11.2,18.9,11.7,354,96.2,94.1,48.583754,7.742752
8,369781,STAR SAINT EXUPERY,GRAND EST,"18, RUE DU 22 NOVEMBRE",67482,Strasbourg,293538,67,67701,Strasbourg (partie française),489338,04-Unités urbaines de 100 000 hbts ou plus,5,691,53,9198,179745,188398,-4.6,De 150 à 200 000 entrées,,OUI,A,RDJPPR,FIXE,NON,C,446,213,124,49.2,18.3,23.6,8.9,310,76.7,76.0,48.582805,7.74237
8,369792,UGC Ciné Cité,GRAND EST,25 ROUTE DU RHIN,67482,Strasbourg,293538,67,67701,Strasbourg (partie française),489338,04-Unités urbaines de 100 000 hbts ou plus,22,5407,53,40486,961616,997063,-3.6,De 700 000 à 1 million d'entrées,UGC,NON,NON,,FIXE,OUI,C,605,294,286,37.0,41.8,17.6,3.6,287,32.5,24.4,48.572723,7.764957
2,370073,ESPACE JEAN-MARIE POIRIER,ILE-DE-FRANCE,ESPLANADE DU 18 JUIN 1940,94071,Sucy-en-Brie,27318,94,00851,Paris,10947378,02-Petite Couronne,1,205,45,386,24438,23118,5.7,De 20 à 30 000 entrées,,NON,NON,,FIXE,NON,B,156,118,0,66.3,15.8,12.6,5.3,100,61.7,57.7,48.772452,2.512597
3,370251,LE SULLY,CENTRE-VAL DE LOIRE,22 BD JEANNE D ARC,45315,Sully-sur-Loire,5203,45,45301,Sully-sur-Loire,11925,06-autres communes et unités urbaines,1,204,45,571,12316,9998,23.2,De 10 à 20 000 entrées,,OUI,E,JP,FIXE,NON,C,194,173,0,52.7,36.8,9.7,0.8,96,31.9,26.7,47.765104,2.374435
2,370411,LE CAPITOLE,ILE-DE-FRANCE,3 RUE LEDRU ROLLIN,92073,Suresnes,49992,92,00851,Paris,10947378,02-Petite Couronne,4,644,53,7475,125102,120977,3.4,De 100 à 150 000 entrées,,OUI,C,JPPR,FIXE,NON,B,269,150,131,52.4,29.3,16.0,2.3,194,54.9,43.3,48.871363,2.229109
4,370483,LE PALACE,NOUVELLE AQUITAINE,RUE DES TROIS  FRERES NADEAU,17434,Surgères,6970,17,17203,Surgères,6970,06-autres communes et unités urbaines,1,210,53,1538,34214,32890,4.0,De 30 à 40 000 entrées,,OUI,E,JP,FIXE,NON,I,323,280,98,58.3,27.5,11.3,2.9,184,46.0,34.0,46.108206,-0.750249
4,371131,LE MODERNE,OCCITANIE,1 BOULEVARD CARNOT,12208,Saint-Affrique,8651,12,12202,Saint-Affrique,9901,06-autres communes et unités urbaines,2,243,53,1497,28268,25029,12.9,De 20 à 30 000 entrées,,OUI,E,JP,FIXE,NON,C,193,141,14,56.0,27.6,11.6,4.7,103,35.5,27.3,43.955721,2.884014
3,371581,PETIT Casino,CENTRE-VAL DE LOIRE,18 PLACE WILSON,41198,Saint-Aignan,2930,41,41205,Saint-Aignan,7872,06-autres communes et unités urbaines,2,232,53,1035,16990,16028,6.0,De 10 à 20 000 entrées,,OUI,E,JPPR,FIXE,NON,C,301,233,4,59.7,25.3,11.9,3.1,176,48.1,30.9,47.269008,1.371774
5,372146,CIN'AMAND,HAUTS DE FRANCE,LE MONT DES BRUYÈRES,59526,Saint-Amand-les-Eaux,16177,59,59402,Saint-Amand-les-Eaux,36464,05-Unités urbaines de 20 000 à 100 000 hbts,7,1133,53,9120,317283,311076,2.0,De 300 à 450 000 entrées,,NON,NON,,FIXE,NON,C,292,194,114,33.9,48.2,16.4,1.6,139,8.8,4.9,50.437378,3.449925
3,372181,LE MODERNE,CENTRE-VAL DE LOIRE,27 RUE HENRI BARBUSSE,18197,Saint-Amand-Montrond,9785,18,18301,Saint-Amand-Montrond,12127,06-autres communes et unités urbaines,2,226,53,2037,31161,27643,12.7,De 30 à 40 000 entrées,,OUI,E,JP,FIXE,NON,C,262,220,63,56.8,28.8,11.5,2.9,141,24.9,21.8,46.722722,2.503052
6,372341,Salle des Fêtes,AUVERGNE / RHONE-ALPES,Salle des Fêtes,63314,Saint-Amant-Roche-Savine,527,63,00000,Zone rurale,14183345,06-autres communes et unités urbaines,1,,48,415,16618,15894,4.6,De 10 à 20 000 entrées,,OUI,E,JP,ITINERANT,NON,R,95,49,0,59.4,16.2,18.9,5.4,67,74.4,74.9,45.583013,3.621912
4,372923,LA VILLA MON CINE,NOUVELLE AQUITAINE,40 AVENUE BOUCICAUT,33366,Saint-André-de-Cubzac,12924,33,33701,Bordeaux,1008323,04-Unités urbaines de 100 000 hbts ou plus,6,951,53,10795,194747,187262,4.0,De 150 à 200 000 entrées,,OUI,D,JPPR,FIXE,NON,C,391,244,151,40.5,43.1,14.3,2.1,203,19.7,9.5,45.009604,-0.438522
6,373599,SALLE POLYVALENTE,AUVERGNE / RHONE-ALPES,Salle des Fêtes,38359,Saint Antoine l'Abbaye,1219,38,00000,Zone rurale,14183345,06-autres communes et unités urbaines,1,,2,2,393,210,87.1,Moins de 2000 entrées,,NON,NON,,ITINERANT,NON,R,2,1,0,100.0,0.0,0.0,0.0,0,0.0,0.0,45.174031,5.218117
2,374021,LE CRATERE,ILE-DE-FRANCE,RUE JEAN MOULIN,78537,Saint-Arnoult-en-Yvelines,5925,78,78202,Saint-Arnoult-en-Yvelines,5925,03-Grande couronne,1,401,53,1141,40824,39247,4.0,De 40 à 50 000 entrées,,OUI,E,,FIXE,NON,I,147,125,17,51.9,34.2,12.5,1.4,72,25.4,17.5,48.571134,1.933453
4,374082,LA FABRIQUE,NOUVELLE AQUITAINE,RUE AMIRAL COURBET,24372,Saint-Astier,5429,24,24201,Saint-Astier,6647,06-autres communes et unités urbaines,1,341,53,948,23245,20290,14.6,De 20 à 30 000 entrées,,OUI,E,JP,FIXE,NON,C,219,169,5,62.3,21.6,11.3,4.7,129,50.0,36.9,45.145584,0.526425
3,374431,SAINT JOSEPH,PAYS DE LA LOIRE,11 PLACE DE L'EGLISE,49292,Val-du-Layon,3503,49,00000,Zone rurale,14183345,06-autres communes et unités urbaines,1,,46,666,37102,34916,6.3,De 30 à 40 000 entrées,,NON,NON,,ITINERANT,NON,R,125,90,2,77.4,13.7,7.9,1.0,55,33.1,28.8,47.3292625,-0.6707131000000572
3,374582, MAUCLERC,BRETAGNE,RUE ANNE DE BRETAGNE,35253,Saint-Aubin-du-Cormier,4240,35,35117,Saint-Aubin-du-Cormier,4240,06-autres communes et unités urbaines,2,293,52,714,24979,21352,17.0,De 20 à 30 000 entrées,,OUI,E,JP,FIXE,NON,I,237,182,6,54.6,30.8,13.7,0.8,108,32.5,18.9,48.256952,-1.391536
3,374903,JOACASINO,NORMANDIE,128 RUE PASTEUR,14562,Saint-Aubin-sur-Mer,2198,14,14212,Luc-sur-Mer,9858,06-autres communes et unités urbaines,1,179,52,413,5549,5901,-6.0,De 5 à 10 000 entrées,,NON,NON,,FIXE,NON,B,190,161,1,60.9,26.8,11.3,1.1,77,30.6,21.7,49.329525,-0.385911
4,375012,STUDIO,NOUVELLE AQUITAINE,PLACE DU CHAMP DE FOIRE,24376,Saint Aulaye-Puymangou,1441,24,00000,Zone rurale,14183345,06-autres communes et unités urbaines,1,186,46,326,5054,5184,-2.5,De 5 à 10 000 entrées,,OUI,E,JP,FIXE,NON,R,208,164,0,59.7,20.2,17.5,2.6,112,46.8,32.6,45.201563,0.134975
8,375325,FRANCOIS TRUFFAUT,GRAND EST,1 RUE DE LA CHAPELLE,57606,Saint-Avold,15494,57,57402,Saint-Avold (partie française),34103,05-Unités urbaines de 20 000 à 100 000 hbts,1,160,47,351,13376,13083,2.2,De 10 à 20 000 entrées,,OUI,D,,FIXE,NON,C,144,102,3,49.3,22.9,21.7,6.1,89,62.3,56.1,49.106153,6.700789
7,376802,SALLE ST LOUIS  CENTRAL,PROVENCE-ALPES-COTE D'AZUR,RUE DE LA TRESORERIE,05132,Saint-Bonnet-en-Champsaur,2146,05,00000,Zone rurale,14183345,06-autres communes et unités urbaines,1,212,52,186,5890,4785,23.1,De 5 à 10 000 entrées,,NON,NON,,FIXE,NON,R,103,67,1,69.8,12.9,12.1,5.3,85,80.3,73.0,44.682199,6.075234
6,376842,CIN'ETOILE,AUVERGNE / RHONE-ALPES,1 ROUTE D' AUGEL,42204,Saint-Bonnet-le-Château,1532,42,00000,Zone rurale,14183345,06-autres communes et unités urbaines,1,145,53,1155,17086,15299,11.7,De 10 à 20 000 entrées,,OUI,E,JPPR,FIXE,NON,R,300,237,2,69.1,18.5,10.1,2.3,193,52.9,40.3,45.421496,4.064272
3,377083,CINEJADE,PAYS DE LA LOIRE,PARC ACTIVITES  DE LA GUERCHE,44154,Saint-Brevin-les-Pins,14809,44,44601,Saint-Nazaire,194384,04-Unités urbaines de 100 000 hbts ou plus,3,465,53,4501,122705,113556,8.1,De 100 à 150 000 entrées,,OUI,D,JP,FIXE,NON,C,307,225,91,54.1,31.5,12.0,2.5,182,32.6,17.6,47.246308,-2.135768
3,377271,CLUB 6,BRETAGNE,40 BD CLEMENCEAU,22278,Saint-Brieuc,45602,22,22501,Saint-Brieuc,98861,05-Unités urbaines de 20 000 à 100 000 hbts,6,1150,49,6375,97501,101503,-3.9,De 80 à 100 000 entrées,CINEVILLE,OUI,D,RDJPPR,FIXE,NON,C,385,214,180,64.4,12.8,16.2,6.7,338,96.3,94.5,48.508095,-2.760537
3,377441,ZOOM,PAYS DE LA LOIRE,PLACE DE L HOTEL DE VILLE,72269,Saint-Calais,3346,72,72116,Saint-Calais,3831,06-autres communes et unités urbaines,1,131,51,640,14388,11899,20.9,De 10 à 20 000 entrées,,OUI,E,JP,FIXE,NON,C,220,170,1,68.8,13.6,12.5,5.1,145,58.5,48.3,47.920147,0.743555
4,377892,CINEMA DE SAINT CERE,OCCITANIE,QUAI AUGUSTE SALESSES,46251,Saint-Céré,3582,46,46105,Saint-Céré,4678,06-autres communes et unités urbaines,1,284,48,609,11947,9863,21.1,De 10 à 20 000 entrées,,OUI,E,JP,FIXE,NON,C,249,185,0,60.7,21.8,12.5,5.1,159,54.8,40.1,44.85779,1.896668
7,378233,LE CINE THEATRE,OCCITANIE,130 RUE THEOPHILE ROUSSEL,48140,Saint-Chély-d'Apcher,4814,48,48103,Saint-Chély-d'Apcher,4814,06-autres communes et unités urbaines,1,152,53,1314,25954,23713,9.5,De 20 à 30 000 entrées,,OUI,E,JP,FIXE,NON,I,236,183,12,60.0,27.4,10.1,2.4,137,37.3,27.1,44.803412,3.275679
4,379013,LE TRIANON,NOUVELLE AQUITAINE,PLACE DU 8 MAI,33389,Saint-Ciers-sur-Gironde,3071,33,33111,Saint-Ciers-sur-Gironde,3071,06-autres communes et unités urbaines,1,225,48,223,2762,2444,13.0,De 2 à 5 000 entrées,,OUI,E,,FIXE,NON,I,139,114,0,67.0,19.6,11.3,2.2,52,36.5,47.8,45.290626,-0.610204
6,379403,MAISON DU PEUPLE 2,BOURGOGNE / FRANCHE-COMTE,12 RUE DE LA POYAT,39478,Saint-Claude,9139,39,39203,Saint-Claude,9757,06-autres communes et unités urbaines,3,419,48,2471,34358,30201,13.8,De 30 à 40 000 entrées,,OUI,E,RDJPPR,FIXE,NON,C,412,305,28,56.1,29.3,10.8,3.8,293,52.1,46.3,46.387715,5.86346
2,379671,LES TROIS PIERROTS,ILE-DE-FRANCE,6-8 RUE DU MONT VALERIEN,92064,Saint-Cloud,30115,92,00851,Paris,10947378,02-Petite Couronne,2,473,17,484,13482,,#VALEUR !,De 10 à 20 000 entrées,,OUI,C,,FIXE,NON,B,88,66,18,55.1,20.9,23.4,0.6,60,60.9,57.8,48.852362,2.216385
2,381152,LES YEUX D ELSA,ILE-DE-FRANCE,11 BIS AVE JEAN JAURES,78545,Saint-Cyr-l'École,21244,78,00851,Paris,10947378,03-Grande couronne,1,168,47,904,19337,19442,-0.5,De 10 à 20 000 entrées,,OUI,C,JP,FIXE,NON,B,237,180,1,55.3,12.3,22.7,9.8,172,69.9,66.8,48.799763,2.067533
3,381240,L'ESCALE,CENTRE-VAL DE LOIRE,ALLEE RENE COULON,37214,Saint-Cyr-sur-Loire,17286,37,37701,Tours,371410,04-Unités urbaines de 100 000 hbts ou plus,1,292,13,19,2278,2095,8.7,De 2 à 5 000 entrées,,NON,NON,,FIXE,NON,B,14,11,0,90.5,9.5,0.0,0.0,4,28.6,20.0,47.419122,0.653805
7,381260,CINEMA Casino,PROVENCE-ALPES-COTE D'AZUR,ROUTE DE BANDOL,83112,Saint-Cyr-sur-Mer,12303,83,00757,Toulon,598427,04-Unités urbaines de 100 000 hbts ou plus,1,110,53,1125,18769,17298,8.5,De 10 à 20 000 entrées,,NON,NON,,FIXE,NON,B,216,163,38,59.1,27.4,12.7,0.7,114,28.2,28.8,43.19174,5.713725
2,381912,ECRAN,ILE-DE-FRANCE,14 PASSAGE DE L ACQUEDUC,93066,Saint-Denis,114027,93,00851,Paris,10947378,02-Petite Couronne,2,398,51,3062,79007,74216,6.5,De 50 à 80 000 entrées,,OUI,C,RDJPPR,FIXE,NON,B,422,212,109,45.0,32.6,12.5,9.9,324,84.6,71.6,48.93659,2.358747
2,381941,GAUMONT SAINT-DENIS,ILE-DE-FRANCE,8 RUE DU MONDIAL 1998,93066,Saint-Denis,114027,93,00851,Paris,10947378,02-Petite Couronne,9,1513,53,13586,144758,210760,-31.3,De 100 à 150 000 entrées,CINEMAS PATHE,NON,NON,,FIXE,OUI,B,261,150,130,10.6,44.5,9.8,35.0,26,6.3,3.1,48.925395,2.363117
9,382412,Nova Ciné,GRAND EST,QUAI DE LA RÉSISTANCE,88413,Saint-Dié-des-Vosges,19936,88,88402,Saint-Dié-des-Vosges,41650,05-Unités urbaines de 20 000 à 100 000 hbts,4,900,53,4656,60125,60219,-0.2,De 50 à 80 000 entrées,,OUI,D,,FIXE,NON,C,239,182,109,43.8,40.7,14.5,0.9,93,17.6,8.9,48.2851218,6.9631937
9,382423,L'Excelsior,GRAND EST,26 28 QUAI SADI CARNOT,88413,Saint-Dié-des-Vosges,19936,88,88402,Saint-Dié-des-Vosges,41650,05-Unités urbaines de 20 000 à 100 000 hbts,1,96,48,773,14893,14753,0.9,De 10 à 20 000 entrées,,OUI,D,JPPR,FIXE,NON,C,160,100,0,62.6,8.3,19.8,9.3,145,91.8,83.5,48.284368,6.952934
3,382552,CINE-QUAI,GRAND EST,QUAI LAMARTINE,52448,Saint-Dizier,23566,52,00460,Saint-Dizier,30217,05-Unités urbaines de 20 000 à 100 000 hbts,7,1122,53,9651,146413,150775,-2.9,De 100 à 150 000 entrées,,OUI,D,JP,FIXE,NON,C,342,243,187,47.3,38.1,13.3,1.3,154,22.8,11.3,48.640036,4.95025
6,382660,ESPACE DES COLLINES,AUVERGNE / RHONE-ALPES,CINEMA,26301,Saint-Donat-sur-l'Herbasse,4388,26,26108,Saint-Donat-sur-l'Herbasse,4388,06-autres communes et unités urbaines,1,232,53,356,11596,10114,14.7,De 10 à 20 000 entrées,,OUI,E,JP,FIXE,NON,I,227,177,2,63.4,16.6,15.1,5.0,144,60.6,55.7,45.122686,4.98172
6,382760,LA VENCE SCENE,AUVERGNE / RHONE-ALPES,1 AVENUE GENERAL DE GAULLE,38382,Saint-Égrève,16221,38,38701,Grenoble,461802,04-Unités urbaines de 100 000 hbts ou plus,2,432,50,2113,68673,62905,9.2,De 50 à 80 000 entrées,,OUI,C,JP,FIXE,NON,B,323,261,23,58.8,23.9,13.1,4.2,198,50.1,39.1,45.230283,5.681963
6,383245,MEGARAMA JEAN JAURES,AUVERGNE / RHONE-ALPES,2/4/6 RUE PRAIRE,42218,Saint-Étienne,176016,42,00753,Saint-Étienne,379742,04-Unités urbaines de 100 000 hbts ou plus,10,1733,53,17286,239142,262806,-9.0,De 200 à 300 000 entrées,MEGARAMA,NON,NON,,FIXE,OUI,C,230,185,170,33.9,48.4,15.0,2.7,60,19.3,8.8,45.441579,4.383999
6,383261,LE MELIES SAINT FRANCOIS,AUVERGNE / RHONE-ALPES,8 RUE DE LA VALSE,42218,Saint-Étienne,176016,42,00753,Saint-Étienne,379742,04-Unités urbaines de 100 000 hbts ou plus,2,477,46,2263,41799,39376,6.2,De 40 à 50 000 entrées,,OUI,A,RDJPPR,FIXE,NON,C,357,204,35,51.4,16.4,19.9,12.2,311,89.9,87.2,45.43924,4.401579
6,383585,LE MELIES,AUVERGNE / RHONE-ALPES,10 PLACE JEAN JAURES,42218,Saint-Étienne,176016,42,00753,Saint-Étienne,379742,04-Unités urbaines de 100 000 hbts ou plus,4,630,53,6777,133187,138570,-3.9,De 100 à 150 000 entrées,,OUI,A,RDJPPR,FIXE,NON,C,317,235,194,63.8,14.2,14.7,7.3,284,92.3,89.6,45.441646,4.387294
6,383589,MEGARAMA CHAVANELLE,AUVERGNE / RHONE-ALPES,RUE ETIENNE MENARD,42218,Saint-Étienne,176016,42,00753,Saint-Étienne,379742,04-Unités urbaines de 100 000 hbts ou plus,10,1643,53,14715,123530,122165,1.1,De 100 à 150 000 entrées,MEGARAMA,NON,NON,,FIXE,OUI,C,198,152,133,41.1,43.0,14.4,1.5,38,8.6,4.1,45.4379,4.395893
6,383599,VEO GRAND LUMIERE,AUVERGNE / RHONE-ALPES,RUE DE SAINT ETIENNE,42207,Saint-Chamond,35697,42,00753,Saint-Étienne,379742,04-Unités urbaines de 100 000 hbts ou plus,6,950,53,8413,202458,192570,5.1,De 200 à 300 000 entrées,,OUI,C,JPPR,FIXE,NON,B,370,238,134,49.7,36.0,12.7,1.6,186,27.9,15.0,45.472045,4.505391
3,383961,MONTLUC CINEMA,PAYS DE LA LOIRE,RUE CHAVIN DE LA MUSSE,44158,Saint-Étienne-de-Montluc,7758,44,44217,Saint-Étienne-de-Montluc,7758,06-autres communes et unités urbaines,1,241,47,436,16042,15171,5.7,De 10 à 20 000 entrées,,OUI,E,JP,FIXE,NON,I,241,194,1,69.1,14.6,14.1,2.3,145,53.2,42.5,47.275577,-1.779561
7,384051,LE RIOUNET,PROVENCE-ALPES-COTE D'AZUR,AURON,06120,Saint-Étienne-de-Tinée,1566,06,00000,Zone rurale,14183345,06-autres communes et unités urbaines,1,250,29,344,5294,5081,4.2,De 5 à 10 000 entrées,,NON,NON,,FIXE,NON,R,80,68,3,51.0,33.1,15.7,0.2,19,12.8,7.0,44.225131,6.93274
4,384532,GRAND ECRAN,NOUVELLE AQUITAINE,26 RUE ADRIEN PIQUET,33397,Sainte-Eulalie,5017,33,33701,Bordeaux,1008323,04-Unités urbaines de 100 000 hbts ou plus,8,1301,53,11726,201612,206102,-2.2,De 200 à 300 000 entrées,GRAND ECRAN,NON,NON,,FIXE,OUI,B,309,218,169,39.8,43.9,14.7,1.6,118,17.1,7.0,44.906415,-0.484312
2,384792,ESPACE CULTUREL LES 26 COULEURS,ILE-DE-FRANCE,IMPASSE PASTEUR,77407,Saint-Fargeau-Ponthierry,14429,77,00851,Paris,10947378,03-Grande couronne,1,222,46,482,10148,8985,12.9,De 10 à 20 000 entrées,,OUI,C,,FIXE,NON,B,176,114,0,56.8,24.2,12.4,6.6,114,58.0,52.3,48.535934,2.547053
3,385392,RIO,CENTRE-VAL DE LOIRE,2 RUE JEAN MOULIN,18207,Saint-Florent-sur-Cher,6527,18,18202,Saint-Florent-sur-Cher,6527,06-autres communes et unités urbaines,1,200,50,836,11825,12331,-4.1,De 10 à 20 000 entrées,,OUI,E,JPPR,FIXE,NON,I,235,173,1,51.3,26.9,13.8,7.9,124,38.7,40.6,46.996042,2.252694
3,385401,FOYER MUNICIPAL,BOURGOGNE / FRANCHE-COMTE,FOYER MUNICIPAL,89068,Chablis,2210,89,89102,Chablis,2210,06-autres communes et unités urbaines,1,,52,566,17407,15153,14.9,De 10 à 20 000 entrées,,OUI,E,JP,ITINERANT,NON,R,194,156,2,84.3,6.9,6.8,1.9,116,45.9,40.9,47.815917,3.799085
3,385421,CINE GLONNE,PAYS DE LA LOIRE,GRANDE RUE,49244,Mauges-sur-Loire,18559,49,49307,Mauges-sur-Loire,18559,06-autres communes et unités urbaines,1,192,44,237,4727,4317,9.5,De 2 à 5 000 entrées,,OUI,D,,FIXE,NON,C,148,123,1,75.7,13.8,8.0,2.5,84,48.4,34.8,47.363746,-1.0164589999999407
6,385491,DELTA,AUVERGNE / RHONE-ALPES,17 BIS PLACE D ARMES,15187,Saint-Flour,6992,15,15201,Saint-Flour,6992,06-autres communes et unités urbaines,2,252,53,1580,31507,29185,8.0,De 30 à 40 000 entrées,,OUI,E,RDJP,FIXE,NON,I,309,218,10,55.1,27.6,14.1,3.2,183,39.8,25.2,45.03382,3.095174
4,385793,CINEMA LA BRECHE,NOUVELLE AQUITAINE,138 RUE DE LA REPUBLIQUE,33402,Sainte-Foy-la-Grande,2697,33,00555,Bergerac,65682,05-Unités urbaines de 20 000 à 100 000 hbts,3,515,53,3463,61795,65125,-5.1,De 50 à 80 000 entrées,,OUI,D,JP,FIXE,NON,B,335,248,96,52.5,31.2,13.5,2.8,195,35.1,26.4,44.842499,0.219805
6,385823,CINE MOURGUET,AUVERGNE / RHONE-ALPES,15 RUE DESHAY,69202,Sainte-Foy-lès-Lyon,22452,69,00760,Lyon,1714833,04-Unités urbaines de 100 000 hbts ou plus,2,280,53,2858,104426,99516,4.9,De 100 à 150 000 entrées,,OUI,C,JPPR,FIXE,NON,B,372,223,78,70.9,10.1,14.9,4.1,281,74.8,68.3,45.73594,4.79997
6,385941,FANNY,AUVERGNE / RHONE-ALPES,ST FRANCOIS LONGCHAMP,73235,Saint François Longchamp,551,73,00000,Zone rurale,14183345,06-autres communes et unités urbaines,1,160,29,229,4262,4676,-8.9,De 2 à 5 000 entrées,,NON,NON,,FIXE,NON,R,87,71,34,42.3,44.2,12.7,0.8,22,20.3,6.9,45.415068,6.357553
6,386192,LE COLISEE,AUVERGNE / RHONE-ALPES,7 BD GABRIEL COUSIN,42222,Saint-Galmier,5966,42,42501,Saint-Just-Saint-Rambert,64833,05-Unités urbaines de 20 000 à 100 000 hbts,1,202,53,1171,23003,20850,10.3,De 20 à 30 000 entrées,,OUI,D,JP,FIXE,NON,B,274,200,8,69.7,17.9,9.2,3.1,162,46.5,40.2,45.591253,4.316478
4,386254,LE REGENT,OCCITANIE,16 RUE DE L'INDEPENDANCE,31483,Saint-Gaudens,12204,31,31301,Saint-Gaudens,16720,06-autres communes et unités urbaines,7,1020,53,10106,179540,175528,2.3,De 150 à 200 000 entrées,,OUI,E,RDJPPR,FIXE,NON,C,460,307,245,52.2,31.8,13.4,2.6,257,39.2,23.2,43.108339,0.718892
6,386782,SALLE PINATEL,AUVERGNE / RHONE-ALPES,PLACE DE CHARLES DE GAULLE,42223,Saint-Genest-Lerpt,6252,42,00753,Saint-Étienne,379742,04-Unités urbaines de 100 000 hbts ou plus,1,204,1,1,53,1402,-96.2,Moins de 2000 entrées,,NON,NON,,FIXE,NON,B,1,0,0,0.0,100.0,0.0,0.0,0,0.0,0.0,43.234582,3.107601
6,386792,ESPACE JULES VERNE,AUVERGNE / RHONE-ALPES,RUE JEAN MEUNIER,42224,Saint-Genest-Malifaux,3089,42,00000,Zone rurale,14183345,06-autres communes et unités urbaines,1,221,50,272,12645,11331,11.6,De 10 à 20 000 entrées,,OUI,E,,FIXE,NON,R,138,104,0,77.1,13.3,8.0,1.6,74,43.1,32.7,45.339698,4.414174
2,386873,LES 4 PERRAY,ILE-DE-FRANCE,44-46 AVENUE GABRIEL PERI,91549,Sainte-Geneviève-des-Bois,36190,91,00851,Paris,10947378,03-Grande couronne,4,731,17,1244,15599,61243,-74.5,De 10 à 20 000 entrées,,NON,NON,,FIXE,NON,B,78,51,23,51.9,29.3,16.3,2.5,31,15.6,15.2,48.647173,2.327732
4,386961,LINO VENTURA,OCCITANIE,3 RUE DE L'EGLISE,31484,Saint-Geniès-Bellevue,2571,31,00758,Toulouse,1062736,04-Unités urbaines de 100 000 hbts ou plus,1,127,49,442,6679,6533,2.2,De 5 à 10 000 entrées,,OUI,C,,FIXE,NON,B,244,203,29,61.6,22.6,14.3,1.5,143,43.3,34.6,43.682793,1.486048
4,387041,EVEIL CINEMA,OCCITANIE,RUE DU COURS,12224,Saint Geniez d'Olt et d'Aubrac,2256,12,00000,Zone rurale,14183345,06-autres communes et unités urbaines,1,204,38,106,3825,4085,-6.4,De 2 à 5 000 entrées,,OUI,E,,FIXE,NON,R,86,63,0,62.4,23.9,7.7,5.9,38,41.2,23.5,44.465282,2.972204
4,387092,JEANNE D ARC,NOUVELLE AQUITAINE,AVENUE DE SAINTES,17331,Saint-Genis-de-Saintonge,1293,17,00000,Zone rurale,14183345,06-autres communes et unités urbaines,1,282,52,238,6075,5711,6.4,De 5 à 10 000 entrées,,NON,NON,,FIXE,NON,R,189,157,0,61.0,20.3,15.7,3.0,82,38.8,31.4,45.485115,-0.566824
6,387142,CINÉ LA MOUCHE,AUVERGNE / RHONE-ALPES,"8, RUE DES ECOLES",69204,Saint-Genis-Laval,21439,69,00760,Lyon,1714833,04-Unités urbaines de 100 000 hbts ou plus,1,301,45,534,19567,18158,7.8,De 10 à 20 000 entrées,,OUI,C,,FIXE,NON,B,195,134,1,72.4,9.4,15.4,2.8,138,68.8,65.1,45.696745,4.795075
6,387191,L ATMOSPHERE SALLE A PREJEAN,AUVERGNE / RHONE-ALPES,PLACE PIERRE DESCOTES,73236,Saint-Genix-sur-Guiers,2962,73,00453,Le Pont-de-Beauvoisin,21693,05-Unités urbaines de 20 000 à 100 000 hbts,1,147,50,749,12868,10707,20.2,De 10 à 20 000 entrées,,OUI,E,JP,FIXE,NON,B,220,183,0,68.5,17.5,11.7,2.4,138,57.6,53.0,45.599999,5.633175
4,387501,LE RELAIS,NOUVELLE AQUITAINE,136 BLD DE LA COTE DE BEAUTE,17333,Saint-Georges-de-Didonne,5356,17,17403,Royan,40635,05-Unités urbaines de 20 000 à 100 000 hbts,1,192,53,1101,30124,27612,9.1,De 30 à 40 000 entrées,,OUI,D,JP,FIXE,NON,B,244,160,62,67.5,11.5,18.0,3.1,193,82.2,83.6,45.59922,-0.993953
3,387661,JULIEN MAUNOIR,BRETAGNE,11 AVENUE DES ACACIAS,35271,Saint-Georges-de-Reintembault,1512,35,00000,Zone rurale,14183345,06-autres communes et unités urbaines,1,157,52,409,8934,7545,18.4,De 5 à 10 000 entrées,,OUI,E,,FIXE,NON,R,187,158,4,66.9,17.1,13.4,2.6,88,36.1,25.3,48.506874,-1.241635
7,388371,FOYER RURAL,OCCITANIE,FOYER RURAL,48155,Saint-Germain-de-Calberte,476,48,00000,Zone rurale,14183345,06-autres communes et unités urbaines,1,,53,1144,34222,27650,23.8,De 30 à 40 000 entrées,,OUI,E,JP,ITINERANT,NON,R,100,56,3,67.6,16.2,9.1,7.1,78,79.3,62.1,44.217236,3.808519
2,388971,C 2 L,ILE-DE-FRANCE,25/27/29 RUE DU VIEUX MARCHE,78551,Saint-Germain-en-Laye,46171,78,00851,Paris,10947378,03-Grande couronne,5,742,53,7112,138027,138319,-0.2,De 100 à 150 000 entrées,UGC,OUI,C,,FIXE,NON,B,264,140,99,46.2,33.0,18.6,2.1,162,41.7,33.1,48.896605,2.090977
4,390024,CINEMARINE,PAYS DE LA LOIRE,PLACE DE LA FELICITE,85222,Saint-Gilles-Croix-de-Vie,8170,85,85403,Saint-Hilaire-de-Riez,41224,05-Unités urbaines de 20 000 à 100 000 hbts,4,763,53,4267,167049,156425,6.8,De 150 à 200 000 entrées,,OUI,D,JP,FIXE,NON,C,263,176,97,60.0,28.6,10.8,0.7,131,24.9,14.9,46.699163,-1.927816
4,390184,MAX LINDER,OCCITANIE,RUE GABRIEL FAURE,09261,Saint-Girons,6812,09,09203,Saint-Girons,10247,06-autres communes et unités urbaines,1,284,53,563,18657,16900,10.4,De 10 à 20 000 entrées,,OUI,E,JP,FIXE,NON,C,214,166,2,55.5,24.0,14.4,6.2,128,54.8,45.5,42.983492,1.146819
3,390271,ERMITAGE,HAUTS DE FRANCE,RUE SIMON,02680,Saint-Gobain,2343,02,02107,Saint-Gobain,2343,06-autres communes et unités urbaines,1,281,46,205,6023,4300,40.1,De 5 à 10 000 entrées,,NON,NON,,FIXE,NON,I,153,129,0,56.8,28.3,13.7,1.2,70,41.6,35.7,49.597177,3.378189
2,390452,LES TOILES OLYMPIC,ILE-DE-FRANCE,PLACE FRANCOIS TRUFFAUT,95555,Saint-Gratien,21060,95,00851,Paris,10947378,03-Grande couronne,3,371,49,3568,61655,58329,5.7,De 50 à 80 000 entrées,,OUI,C,RDJPPR,FIXE,NON,B,262,140,69,63.5,17.0,15.3,4.2,234,96.5,92.8,48.971269,2.274468
4,390680,Salle des Fêtes,NOUVELLE AQUITAINE,1 PLACE DU 11 NOVEMBRE,33417,Sainte-Hélène,2985,33,33107,Sainte-Hélène,2985,06-autres communes et unités urbaines,1,,52,397,6860,6026,13.8,De 5 à 10 000 entrées,,OUI,E,,ITINERANT,NON,R,191,160,2,59.8,22.3,16.3,1.6,79,35.2,39.0,49.7511844,0.40355909999993855
3,390791,LUTETIA,PAYS DE LA LOIRE,18 RUE DES CALVAIRES,44162,Saint-Herblain,49801,44,44701,Nantes,683510,04-Unités urbaines de 100 000 hbts ou plus,1,288,50,650,31487,27941,12.7,De 30 à 40 000 entrées,,OUI,C,JP,FIXE,NON,B,288,196,0,71.1,12.7,12.4,3.8,199,68.2,61.9,47.21395,-1.64939
3,390793,UGC Ciné Cité ATLANTIS,PAYS DE LA LOIRE,PLACE JEAN BART,44162,Saint-Herblain,49801,44,44701,Nantes,683510,04-Unités urbaines de 100 000 hbts ou plus,12,2458,53,18544,308676,305854,0.9,De 300 à 450 000 entrées,UGC,NON,NON,,FIXE,OUI,B,392,168,162,49.3,35.8,13.1,1.8,176,25.0,18.3,47.224381,-1.625621
4,390821,LE TIGRE,PAYS DE LA LOIRE,PLACE DE LA LIBERTE,85223,Sainte-Hermine,3008,85,85113,Sainte-Hermine,3008,06-autres communes et unités urbaines,1,162,46,272,5077,5384,-5.7,De 5 à 10 000 entrées,,OUI,E,JP,FIXE,NON,R,138,116,0,62.9,21.9,13.3,1.9,74,48.1,52.0,46.556503,-1.061779
3,391331,REX,NORMANDIE,RUE WALDECK ROUSSEAU,50484,Saint-Hilaire-du-Harcouët,6077,50,50206,Saint-Hilaire-du-Harcouët,8786,06-autres communes et unités urbaines,1,395,48,542,19927,17458,14.1,De 10 à 20 000 entrées,,NON,NON,,FIXE,NON,C,102,86,5,71.5,20.0,8.0,0.4,37,19.6,15.7,48.576008,-1.09371
4,391451,LA VENISE VERTE,NOUVELLE AQUITAINE,3 IMPASSE DU CINEMA,79257,Saint-Hilaire-la-Palud,1545,79,00000,Zone rurale,14183345,06-autres communes et unités urbaines,1,251,52,381,8493,8735,-2.8,De 5 à 10 000 entrées,,OUI,E,,FIXE,NON,R,251,206,0,70.3,15.6,9.7,4.3,151,55.0,41.6,46.269476,-0.715321
6,391951,SELECT CINE,BOURGOGNE / FRANCHE-COMTE,18 RUE HENRI RENAUD,58246,Saint-Honoré-les-Bains,711,58,00000,Zone rurale,14183345,06-autres communes et unités urbaines,1,179,51,533,5849,4686,24.8,De 5 à 10 000 entrées,,OUI,E,,FIXE,NON,R,214,169,3,67.6,15.5,12.5,4.3,162,66.7,55.8,46.905158,3.842831
4,392685,CINEVALS,NOUVELLE AQUITAINE,1 RUE LACOUE,17347,Saint-Jean-d'Angély,7172,17,17205,Saint-Jean-d'Angély,8431,06-autres communes et unités urbaines,3,463,53,3976,79593,73489,8.3,De 50 à 80 000 entrées,,OUI,E,JPPR,FIXE,NON,C,452,294,62,53.3,31.5,12.6,2.6,295,38.5,23.4,45.944226,-0.527289
6,392710,LES AIGUILLES,AUVERGNE / RHONE-ALPES,LACHAL,73242,Saint-Jean-d'Arves,282,73,00000,Zone rurale,14183345,06-autres communes et unités urbaines,1,215,42,560,8037,7066,13.7,De 5 à 10 000 entrées,,NON,NON,,FIXE,NON,R,192,161,10,53.4,27.8,16.9,1.9,86,32.7,17.2,45.214928,6.260483
6,392882,LE SAINT JEAN,AUVERGNE / RHONE-ALPES,RUE JEANNE D'ARC,38399,Saint-Jean-de-Bournay,4759,38,38125,Saint-Jean-de-Bournay,4759,06-autres communes et unités urbaines,1,285,47,395,15266,13555,12.6,De 10 à 20 000 entrées,,OUI,E,JP,FIXE,NON,I,211,180,1,64.7,21.1,8.8,5.3,111,46.6,44.0,45.501585,5.142493
4,393253,LE SELECT,NOUVELLE AQUITAINE,BOULEVARD VICTOR HUGO,64483,Saint-Jean-de-Luz,14702,64,00751,Bayonne (partie française),267184,04-Unités urbaines de 100 000 hbts ou plus,5,775,53,6673,235784,220911,6.7,De 200 à 300 000 entrées,,OUI,C,JP,FIXE,NON,B,407,279,236,61.3,23.8,12.8,2.1,233,44.4,33.7,43.388314,-1.659851
6,393293,STAR,AUVERGNE / RHONE-ALPES,137 AV HENRI FALCOZ,73248,Saint-Jean-de-Maurienne,7894,73,73204,Saint-Jean-de-Maurienne,9571,06-autres communes et unités urbaines,1,265,53,1278,33502,33771,-0.8,De 30 à 40 000 entrées,,NON,NON,,FIXE,NON,C,219,171,114,48.6,36.2,13.1,2.1,102,29.0,21.0,45.277364,6.348249
4,393312,CINE MONTS,PAYS DE LA LOIRE,58 RUE DU GENERAL DE GAULLE,85234,Saint-Jean-de-Monts,8954,85,85403,Saint-Hilaire-de-Riez,41224,05-Unités urbaines de 20 000 à 100 000 hbts,1,298,53,915,32645,30980,5.4,De 30 à 40 000 entrées,,OUI,E,JP,FIXE,NON,C,257,197,23,63.5,24.9,9.9,1.7,133,33.2,25.5,46.793577,-2.061566
4,394201,LE VAUBAN,NOUVELLE AQUITAINE,4 RUE RENAUD,64485,Saint-Jean-Pied-de-Port,1810,64,64107,Saint-Jean-Pied-de-Port,5051,06-autres communes et unités urbaines,1,300,53,691,19707,16764,17.6,De 10 à 20 000 entrées,,OUI,E,JP,FIXE,NON,C,265,206,8,59.9,23.9,12.1,4.0,141,45.7,29.4,43.16402,-1.237591
6,394522,CINE LAUDON,AUVERGNE / RHONE-ALPES,ROUTE DE L EGLISE,74242,Saint-Jorioz,6358,74,74601,Annecy,187946,04-Unités urbaines de 100 000 hbts ou plus,1,92,52,268,9985,10026,-0.4,De 5 à 10 000 entrées,,OUI,C,,FIXE,NON,B,193,150,0,66.7,12.6,15.1,5.7,126,63.5,58.8,45.832006,6.161597
4,395463,LE SELECT,NOUVELLE AQUITAINE,CONTIS PLAGE,40266,Saint-Julien-en-Born,1722,40,00000,Zone rurale,14183345,06-autres communes et unités urbaines,1,290,1,4,489,6561,-92.5,Moins de 2000 entrées,,OUI,E,,FIXE,NON,R,4,2,0,76.7,23.3,0.0,0.0,3,75.0,76.9,44.079661,-1.257781
6,395484,CINEMA ROUGE ET NOIR,AUVERGNE / RHONE-ALPES,7 RUE AMEDEE VIII DE SAVOIE,74243,Saint-Julien-en-Genevois,15968,74,00653,Genève (SUI)-Annemasse (partie française),197599,04-Unités urbaines de 100 000 hbts ou plus,1,123,49,924,25764,25605,0.6,De 20 à 30 000 entrées,,OUI,C,JP,FIXE,NON,B,287,189,3,60.3,14.0,18.1,7.5,227,79.1,76.3,46.144524,6.080637
8,395671,Kinepolis,GRAND EST,10 AV PAUL LANGEVIN,57616,Saint-Julien-lès-Metz,3531,57,57701,Metz,294959,04-Unités urbaines de 100 000 hbts ou plus,14,4058,53,23162,448276,487706,-8.1,De 300 à 450 000 entrées,Kinepolis,NON,NON,,FIXE,OUI,B,423,264,260,35.9,44.2,17.4,2.5,92,18.1,9.2,49.133075,6.200124
6,395720,Salle des Fêtes,AUVERGNE / RHONE-ALPES,Salle des Fêtes,42246,Saint-Julien-Molin-Molette,1164,42,00000,Zone rurale,14183345,06-autres communes et unités urbaines,1,,36,92,2408,2360,2.0,De 2 à 5 000 entrées,,NON,NON,,ITINERANT,NON,R,70,52,0,76.7,8.1,6.9,8.4,57,81.9,74.4,45.319731,4.616216
4,395872,CINE BOURSE,NOUVELLE AQUITAINE,PLACE LENINE,87154,Saint-Junien,11600,87,87301,Saint-Junien,11600,06-autres communes et unités urbaines,2,328,53,1730,46641,42512,9.7,De 40 à 50 000 entrées,,OUI,E,RDJPPR,FIXE,NON,I,320,235,27,51.2,31.8,12.7,4.3,209,44.1,30.9,45.887637,0.903224
3,396151,JEANNE MOREAU,HAUTS DE FRANCE,67 RUE DE BEAUVAIS,60581,Saint-Just-en-Chaussée,6105,60,60207,Saint-Just-en-Chaussée,6640,06-autres communes et unités urbaines,1,200,53,967,31078,32939,-5.6,De 30 à 40 000 entrées,,NON,NON,,FIXE,NON,I,264,200,23,38.3,41.3,17.7,2.6,118,29.4,18.7,49.505347,2.430243
6,396242,ESPACE CULTUREL LE CERCLE,AUVERGNE / RHONE-ALPES,9 PLACE DES VICTIMES DES DÉPORTES DU TRAVAIL,43205,Saint-Just-Malmont,4301,43,43104,Saint-Just-Malmont,4301,06-autres communes et unités urbaines,1,178,44,193,5645,4583,23.2,De 5 à 10 000 entrées,,NON,NON,,FIXE,NON,I,126,108,0,71.7,10.6,16.8,0.9,45,32.3,25.5,45.340205,4.313068
6,396275,FAMILY CINÉMA,AUVERGNE / RHONE-ALPES,89 BOULEVARD JEAN JAURES,42279,Saint-Just-Saint-Rambert,15488,42,42501,Saint-Just-Saint-Rambert,64833,05-Unités urbaines de 20 000 à 100 000 hbts,8,1499,53,11210,361646,327003,10.6,De 300 à 450 000 entrées,,OUI,D,JPPR,FIXE,OUI,C,420,260,207,52.5,33.5,12.6,1.4,207,29.7,13.3,45.51246,4.263395
7,396771,LES TRAVAILLEURS SYNDIQUES,OCCITANIE,RUE JOSEPH NIVET,66179,Saint-Laurent-de-Cerdans,1050,66,00000,Zone rurale,14183345,06-autres communes et unités urbaines,1,176,50,67,1515,1351,12.1,Moins de 2000 entrées,,NON,NON,,FIXE,NON,R,63,56,4,64.3,24.5,10.5,0.6,24,37.5,32.2,42.38271,2.614735
4,396961,LE SAINT LAURENT,OCCITANIE,4 BIS AVENUE DES CHATAIGNERS,65389,Saint-Laurent-de-Neste,990,65,00000,Zone rurale,14183345,06-autres communes et unités urbaines,1,326,40,138,3040,3454,-12.0,De 2 à 5 000 entrées,,OUI,E,,FIXE,NON,R,107,76,2,60.9,15.7,13.6,9.8,61,59.3,70.0,43.08008,0.480895
6,397231,LE CARTUS,AUVERGNE / RHONE-ALPES,PLACE DE L EGLISE,38412,Saint-Laurent-du-Pont,4601,38,38124,Saint-Laurent-du-Pont,4601,06-autres communes et unités urbaines,1,187,51,551,15819,14348,10.3,De 10 à 20 000 entrées,,OUI,E,,FIXE,NON,I,239,197,1,58.1,23.3,14.2,4.4,108,41.9,29.9,45.388247,5.73148
4,398251,REX,NOUVELLE AQUITAINE,BD HENRI BARBUSSE,87161,Saint-Léonard-de-Noblat,4468,87,87104,Saint-Léonard-de-Noblat,4468,06-autres communes et unités urbaines,1,192,52,417,10360,9824,5.5,De 10 à 20 000 entrées,,OUI,E,JP,FIXE,NON,I,199,127,1,60.9,16.9,19.0,3.2,106,47.7,48.2,45.838161,1.487619
4,398525,ART CINE,NOUVELLE AQUITAINE,ART CINE,47252,Sainte-Livrade-sur-Lot,6660,47,47401,Villeneuve-sur-Lot,49674,05-Unités urbaines de 20 000 à 100 000 hbts,1,,51,745,9082,7649,18.7,De 5 à 10 000 entrées,,OUI,D,RDJPPR,ITINERANT,NON,B,259,182,0,73.9,9.5,11.6,5.1,187,67.3,62.7,44.397257,0.588996
4,398526,L'UTOPIE,NOUVELLE AQUITAINE,18 RUE NATIONALE,47252,Sainte-Livrade-sur-Lot,6660,47,47401,Villeneuve-sur-Lot,49674,05-Unités urbaines de 20 000 à 100 000 hbts,1,119,51,795,21507,17994,19.5,De 20 à 30 000 entrées,,OUI,D,JP,FIXE,NON,B,204,134,1,64.2,22.7,9.0,4.1,129,50.3,49.5,44.398567,0.590542
3,398574,CINEMOVIKING,NORMANDIE, ESPLANADE JEAN GREMILLON,50502,Saint-Lô,20112,50,50401,Saint-Lô,26352,05-Unités urbaines de 20 000 à 100 000 hbts,9,1344,53,13888,283256,278522,1.7,De 200 à 300 000 entrées,,OUI,D,JPPR,FIXE,OUI,C,477,320,214,52.9,32.7,12.8,1.6,261,20.8,11.8,49.118217,-1.098287
8,398731,LA COUPOLE,GRAND EST,"4, CROISÉE DES LYS",68297,Saint-Louis,23122,68,68403,Bâle (SUI)-Saint-Louis (partie française),42461,05-Unités urbaines de 20 000 à 100 000 hbts,3,491,50,3291,58575,60565,-3.3,De 50 à 80 000 entrées,,OUI,D,,FIXE,NON,C,188,119,45,37.4,41.3,18.9,2.4,105,23.6,19.3,47.586452,7.564551
3,399341,FAMILIAL,BRETAGNE,BD DE LA PLAGE,35287,Saint-Lunaire,2589,35,00462,Dinard,35626,05-Unités urbaines de 20 000 à 100 000 hbts,1,203,50,234,8393,8506,-1.3,De 5 à 10 000 entrées,,OUI,D,,FIXE,NON,B,182,149,0,58.8,19.8,16.8,4.6,116,55.9,47.8,48.634794,-2.105848
3,399432,ESPACE BORIS VIAN,PAYS DE LA LOIRE, 2 RUE DU PRIEURE,49301,Sèvremoine,26095,49,49404,Sèvremoine,26095,05-Unités urbaines de 20 000 à 100 000 hbts,1,202,44,307,10737,10921,-1.7,De 10 à 20 000 entrées,,OUI,D,,FIXE,NON,I,196,162,0,65.2,21.1,9.4,4.3,94,41.6,25.9,47.124726,-0.994734
3,399686,LE VAUBAN 2- LA GRANDE PASSERELLE,BRETAGNE,LA GRANDE PASSERELLE,35288,Saint-Malo,48328,35,35402,Saint-Malo,48328,05-Unités urbaines de 20 000 à 100 000 hbts,3,505,53,3632,58593,52177,12.3,De 50 à 80 000 entrées,,OUI,D,JPPR,FIXE,NON,I,245,160,141,65.0,10.8,17.3,6.8,214,94.1,91.5,48.602575,-2.005943
3,399689,CINE VAUBAN,BRETAGNE,45 RUE DE LA CROIX DESILLES,35288,Saint-Malo,48328,35,35402,Saint-Malo,48328,05-Unités urbaines de 20 000 à 100 000 hbts,8,1458,53,10024,250240,242503,3.2,De 200 à 300 000 entrées,,NON,NON,,FIXE,OUI,I,237,179,175,49.6,33.5,15.7,1.3,47,10.5,7.7,48.657589,-1.970525
3,399721,LA MALOUINE,PAYS DE LA LOIRE,LE BOURG,44176,Saint-Malo-de-Guersac,3259,44,44601,Saint-Nazaire,194384,04-Unités urbaines de 100 000 hbts ou plus,1,150,49,719,12437,11663,6.6,De 10 à 20 000 entrées,,OUI,E,JPPR,FIXE,NON,B,243,183,6,58.9,29.3,9.5,2.3,106,31.3,27.7,47.339858,-2.175644
7,399893,CINEMA MARC BARON,PROVENCE-ALPES-COTE D'AZUR,SQUARE MARC BARON,83153,Saint-Mandrier-sur-Mer,6170,83,00757,Toulon,598427,04-Unités urbaines de 100 000 hbts ou plus,1,150,53,341,10076,8168,23.4,De 10 à 20 000 entrées,,OUI,C,,FIXE,NON,B,160,123,1,69.1,15.0,14.7,1.2,86,34.9,29.3,43.074223,5.927991
6,400305,LES MELIES,AUVERGNE / RHONE-ALPES,20 BD RIONDEL,38416,Saint-Marcellin,7914,38,38402,Saint-Marcellin,21466,05-Unités urbaines de 20 000 à 100 000 hbts,2,330,53,2037,46598,42896,8.6,De 40 à 50 000 entrées,,OUI,D,JP,FIXE,NON,C,294,221,85,56.0,32.5,9.9,1.7,154,26.3,19.2,45.155481,5.318377
3,401371,SALLE JEANNE D ARC,PAYS DE LA LOIRE,17 BD DE LA FERRONNAYS,44180,Saint-Mars-la-Jaille,6607,44,44209,Vallons-de-l'Erdre,6607,06-autres communes et unités urbaines,1,220,45,489,8902,7233,23.1,De 5 à 10 000 entrées,,NON,NON,,FIXE,NON,I,164,135,19,61.0,25.6,11.0,2.4,48,18.4,15.3,47.52339,-1.186562
6,402242,LE LAC BLANC,AUVERGNE / RHONE-ALPES,VAL THORENS,73257,Les Belleville,3592,73,00000,Zone rurale,14183345,06-autres communes et unités urbaines,1,180,34,331,3304,4276,-22.7,De 2 à 5 000 entrées,,NON,NON,,FIXE,NON,R,125,101,20,46.2,36.6,15.4,1.7,46,22.6,14.0,45.295246,6.58263
6,402243,LES BRUYERES,AUVERGNE / RHONE-ALPES,LES MENUIRES / REBERTY,73257,Les Belleville,3592,73,00000,Zone rurale,14183345,06-autres communes et unités urbaines,2,344,26,448,4349,5330,-18.4,De 2 à 5 000 entrées,,NON,NON,,FIXE,NON,R,104,78,13,60.7,25.7,12.8,0.8,37,28.1,11.0,45.323346,6.538468
6,402249,LES FLOCONS,AUVERGNE / RHONE-ALPES,STATION LES MENUIRES,73257,Les Belleville,3592,73,00000,Zone rurale,14183345,06-autres communes et unités urbaines,1,290,30,263,4484,4820,-7.0,De 2 à 5 000 entrées,,NON,NON,,FIXE,NON,R,115,89,16,54.5,27.4,17.1,1.0,44,30.6,19.5,45.323346,6.538468
6,402431,SALLE ELOI VILLE,AUVERGNE / RHONE-ALPES,SALLE DE REUNION COMMUNALE,38419,Saint-Martin-de-Clelles,185,38,00000,Zone rurale,14183345,06-autres communes et unités urbaines,1,,51,554,14663,13546,8.2,De 10 à 20 000 entrées,,OUI,E,JP,ITINERANT,NON,R,110,83,0,68.1,13.9,9.7,8.3,74,66.1,63.2,44.833366,5.59397
7,402493,LE GALET,PROVENCE-ALPES-COTE D'AZUR,PLACE FRANCOIS MITTERRAND,13097,Saint-Martin-de-Crau,13661,13,13304,Saint-Martin-de-Crau,13661,06-autres communes et unités urbaines,1,134,51,821,16350,16857,-3.0,De 10 à 20 000 entrées,,OUI,E,JP,FIXE,NON,I,169,134,1,57.4,29.6,11.2,1.7,70,30.7,23.5,43.638749,4.813461
6,403281,MON CINE,AUVERGNE / RHONE-ALPES,10 AV. AMBROISE CROIZAT,38421,Saint-Martin-d'Hères,38455,38,38701,Grenoble,461802,04-Unités urbaines de 100 000 hbts ou plus,1,140,49,1159,30842,27799,10.9,De 30 à 40 000 entrées,,OUI,C,JP,FIXE,NON,B,243,165,1,65.7,13.8,7.4,13.1,210,86.2,81.9,45.185764,5.747373
3,403400,SALLE BARBARA,PAYS DE LA LOIRE,SALLE BARBARA,49306,Saint-Martin-du-Fouilloux,1704,49,00000,Zone rurale,14183345,06-autres communes et unités urbaines,1,,44,203,8637,7787,10.9,De 5 à 10 000 entrées,,OUI,E,,ITINERANT,NON,R,158,124,1,73.7,12.7,12.5,1.1,83,48.7,36.0,47.434568,-0.703599
6,403681,CINEMA PARADISO,AUVERGNE / RHONE-ALPES,PLACE DE LA MAIRIE,69227,Saint-Martin-en-Haut,4042,69,69105,Saint-Martin-en-Haut,4042,06-autres communes et unités urbaines,2,299,53,3558,68201,65282,4.5,De 50 à 80 000 entrées,,OUI,E,RDJPPR,FIXE,NON,I,453,325,104,59.5,28.0,9.7,2.7,261,38.7,23.7,45.660214,4.558851
7,404350,SALLE JEAN GABIN,PROVENCE-ALPES-COTE D'AZUR,PLACE FELIX FAURE,06127,Saint-Martin-Vésubie,1443,06,00000,Zone rurale,14183345,06-autres communes et unités urbaines,1,,49,329,7690,7349,4.6,De 5 à 10 000 entrées,CINEWEST,NON,NON,,ITINERANT,NON,R,109,95,0,64.8,26.0,7.3,2.0,48,28.4,23.5,44.073396,7.263839
2,404603,LE LIDO,ILE-DE-FRANCE,70 AV DE LA REPUBLIQUE,94068,Saint-Maur-des-Fossés,75449,94,00851,Paris,10947378,02-Petite Couronne,1,425,51,1556,49265,49009,0.5,De 40 à 50 000 entrées,,OUI,C,RDJPPR,FIXE,NON,B,276,162,76,64.3,15.4,14.4,5.9,229,87.7,80.7,48.798427,2.485821
2,404612,LES 4 DELTA 4,ILE-DE-FRANCE,81 BIS AVENUE DU BAC,94068,Saint-Maur-des-Fossés,75449,94,00851,Paris,10947378,02-Petite Couronne,4,886,46,4485,77184,94147,-18.0,De 50 à 80 000 entrées,,OUI,C,JP,FIXE,NON,B,207,129,59,49.9,32.9,15.4,1.8,119,36.7,29.9,48.793451,2.514771
3,404692,SALLE PATRICE LECONTE,CENTRE-VAL DE LOIRE,10 RUE DU CHATEAU,37226,Sainte-Maure-de-Touraine,4199,37,37105,Sainte-Maure-de-Touraine,4199,06-autres communes et unités urbaines,1,140,50,343,7417,7205,2.9,De 5 à 10 000 entrées,,OUI,E,JP,FIXE,NON,I,149,107,0,64.7,24.1,9.1,2.0,86,51.2,42.5,47.111089,0.61914
9,405441,ROYAL,GRAND EST,18 RUE ST LIVIER,54482,Saint-Max,10139,54,54701,Nancy,290016,04-Unités urbaines de 100 000 hbts ou plus,2,274,53,3140,50419,52194,-3.4,De 50 à 80 000 entrées,,NON,NON,,FIXE,NON,B,160,119,60,56.8,28.6,13.3,1.2,58,13.7,22.5,48.699609,6.207734
7,405462,CINEMAS MARCEL PAGNOL,PROVENCE-ALPES-COTE D'AZUR,107 ROUTE DU PLAN DE LA TOUR,83115,Sainte-Maxime,14954,83,83311,Sainte-Maxime,19625,06-autres communes et unités urbaines,3,450,53,4620,122727,117732,4.2,De 100 à 150 000 entrées,,NON,NON,,FIXE,NON,C,238,178,88,46.9,36.0,16.1,1.1,112,20.4,12.1,43.32495,6.62431
7,405509,SALLE DE CINEMA DU POLE CULTUREL,PROVENCE-ALPES-COTE D'AZUR,PLACE MALHERBE,83116,Saint-Maximin-la-Sainte-Baume,18006,83,83310,Saint-Maximin-la-Sainte-Baume,18006,06-autres communes et unités urbaines,1,140,53,1202,47610,49493,-3.8,De 40 à 50 000 entrées,,NON,NON,,FIXE,NON,I,129,88,32,42.7,41.6,14.7,1.0,73,24.6,15.8,43.453509,5.860383
4,405772,L'ETOILE,NOUVELLE AQUITAINE,PLACE DE LA REPUBLIQUE,33449,Saint-Médard-en-Jalles,32866,33,33701,Bordeaux,1008323,04-Unités urbaines de 100 000 hbts ou plus,3,1072,53,3232,82330,81977,0.4,De 80 à 100 000 entrées,,OUI,C,JP,FIXE,NON,B,333,229,84,48.4,36.7,13.1,1.8,199,36.4,24.8,44.893791,-0.715027
3,405831,LE CELTIC,BRETAGNE,RUE THEODORE BOTREL,35297,Saint-Méen-le-Grand,4732,35,35206,Saint-Méen-le-Grand,5870,06-autres communes et unités urbaines,2,307,53,1148,23631,23604,0.1,De 20 à 30 000 entrées,,OUI,E,JP,FIXE,NON,C,281,229,24,58.2,27.9,11.8,2.1,130,37.4,21.3,48.188591,-2.192564
6,406333,ESPACE CULTUREL LE SAVOIE,AUVERGNE / RHONE-ALPES,16 AV DE LA REPUBLIQUE,73261,Saint-Michel-de-Maurienne,2754,73,73103,Saint-Michel-de-Maurienne,3072,06-autres communes et unités urbaines,1,187,53,517,8655,7908,9.4,De 5 à 10 000 entrées,,OUI,E,JP,FIXE,NON,C,210,167,0,64.6,19.2,14.2,2.0,133,48.5,45.4,45.21706,6.474053
3,406352,SALLE ST MICHEL,PAYS DE LA LOIRE,20 RUE DU REDOIS,44182,Saint-Michel-Chef-Chef,5385,44,44601,Saint-Nazaire,194384,04-Unités urbaines de 100 000 hbts ou plus,1,95,53,563,9364,9549,-1.9,De 5 à 10 000 entrées,,OUI,D,,FIXE,NON,B,318,260,3,66.4,16.4,13.9,3.3,201,57.1,42.3,47.180946,-2.149737
2,406812,CINES CARNE,ILE-DE-FRANCE,PLACE MARCEL CARNE,91570,Saint-Michel-sur-Orge,21441,91,00851,Paris,10947378,03-Grande couronne,3,496,50,2951,62368,55329,12.7,De 50 à 80 000 entrées,,OUI,C,RDJPPR,FIXE,NON,B,337,212,53,65.3,15.0,15.6,4.1,252,75.2,66.4,48.637713,2.320768
4,407140,Salle des Fêtes,OCCITANIE,Salle des Fêtes,82168,Saint-Nazaire-de-Valentane,322,82,00000,Zone rurale,14183345,06-autres communes et unités urbaines,1,,53,295,5962,6159,-3.2,De 5 à 10 000 entrées,,OUI,E,JP,ITINERANT,NON,R,68,29,0,65.8,16.5,9.4,8.3,58,89.1,84.7,44.203862,1.018776
3,407211,JACQUES TATI,PAYS DE LA LOIRE,33 BD VICTOR HUGO,44184,Saint-Nazaire,73643,44,44601,Saint-Nazaire,194384,04-Unités urbaines de 100 000 hbts ou plus,1,154,50,1922,51786,46011,12.6,De 50 à 80 000 entrées,,OUI,B,RDJPPR,FIXE,NON,C,332,160,68,63.7,11.5,13.9,10.9,302,97.5,96.7,47.280291,-2.216623
3,407220,CINEVILLE,PAYS DE LA LOIRE,5 BD DE LA LEGION D'HONNEUR,44184,Saint-Nazaire,73643,44,44601,Saint-Nazaire,194384,04-Unités urbaines de 100 000 hbts ou plus,9,1986,53,13519,336900,333427,1.0,De 300 à 450 000 entrées,CINEVILLE,NON,NON,,FIXE,OUI,C,357,210,184,45.3,39.1,13.7,1.8,138,18.1,11.1,47.274768,-2.20402
3,407229,CINE PRESQU'ILE,PAYS DE LA LOIRE,4 AVENUE ANNE DE BRETAGNE,44069,Guérande,16612,44,44601,Saint-Nazaire,194384,04-Unités urbaines de 100 000 hbts ou plus,6,1029,53,9664,192781,188390,2.3,De 150 à 200 000 entrées,,NON,NON,,FIXE,NON,B,297,214,147,53.1,33.3,12.9,0.7,115,24.5,12.2,47.331071,-2.426378
7,407321,MORIANINCU,CORSE,SANTA LUCIA DI MORIANI,2B313,San-Nicolao,2055,2B,2B203,Penta-di-Casinca,9831,06-autres communes et unités urbaines,1,260,10,69,6169,5984,3.1,De 5 à 10 000 entrées,,NON,NON,,FIXE,NON,R,28,26,8,43.8,49.7,6.5,0.0,3,4.3,2.6,42.366924,9.53137
5,407871,OCINE,HAUTS DE FRANCE,RUE DU LION D'OR,62765,Saint-Omer,15428,62,00556,Saint-Omer,76267,05-Unités urbaines de 20 000 à 100 000 hbts,9,1546,53,12628,284645,289844,-1.8,De 200 à 300 000 entrées,,OUI,D,,FIXE,OUI,C,330,248,178,47.4,37.1,14.3,1.2,144,20.0,8.4,50.750679,2.250328
3,408122,VOX,HAUTS DE FRANCE,RUE AMBROISE CROIZAT,80711,Saint-Ouen,1802,80,80207,Saint-Léger-lès-Domart,7134,06-autres communes et unités urbaines,1,176,43,229,10298,8853,16.3,De 10 à 20 000 entrées,,NON,NON,,FIXE,NON,C,113,91,0,56.9,24.9,14.4,3.8,30,25.8,24.8,50.038633,2.123723
2,408323,UTOPIA SAINT OUEN,ILE-DE-FRANCE,1 PLACE MENDES-FRANCE,95572,Saint-Ouen-l'Aumône,24849,95,00851,Paris,10947378,03-Grande couronne,5,513,50,7452,121720,124139,-1.9,De 100 à 150 000 entrées,,OUI,C,RDJPPR,FIXE,NON,B,378,233,164,65.5,14.5,14.9,5.1,320,85.3,79.5,49.044334,2.106823
2,408441,ESPACE 1789,ILE-DE-FRANCE,7/9 RUE DES ROSIERS,93070,Saint-Ouen,51656,93,00851,Paris,10947378,02-Petite Couronne,2,668,50,2652,66733,67570,-1.2,De 50 à 80 000 entrées,,OUI,C,RDJPPR,FIXE,NON,B,265,186,45,50.1,23.1,18.9,7.9,221,87.9,77.0,48.904144,2.339193
4,408682,SAINT LOUIS,NOUVELLE AQUITAINE,CINEMA,64493,Saint-Palais,2023,64,64103,Saint-Palais,3188,06-autres communes et unités urbaines,2,496,53,1612,33919,28036,21.0,De 30 à 40 000 entrées,,OUI,E,JPPR,FIXE,NON,C,404,315,92,60.7,25.9,11.0,2.4,219,41.1,24.2,43.327875,-1.034919
4,408744,CINEMA MICHEL LEGRAND,NOUVELLE AQUITAINE,31 BIS RUE DU LOGIS VERT,17380,Saint-Palais-sur-Mer,4002,17,17403,Royan,40635,05-Unités urbaines de 20 000 à 100 000 hbts,1,175,53,600,7665,7717,-0.7,De 5 à 10 000 entrées,,OUI,D,,FIXE,NON,B,189,161,3,66.0,20.0,13.8,0.3,100,34.2,31.0,45.64428,-1.088823
7,409142,CIRCUIT ALAIN RESNAIS,OCCITANIE,2 AVENUE MAS SALAT,34281,Saint-Pargoire,2393,34,34109,Saint-Pargoire,2393,06-autres communes et unités urbaines,1,,34,100,3724,4575,-18.6,De 2 à 5 000 entrées,,OUI,E,,ITINERANT,NON,R,62,47,0,77.7,16.5,5.9,0.0,24,33.3,40.2,43.528827,3.517645
7,409303,CINEMA LE MIDIC,PROVENCE-ALPES-COTE D'AZUR,PLACE JEAN SANTINI,13099,Saint-Paul-lès-Durance,904,13,00000,Zone rurale,14183345,06-autres communes et unités urbaines,1,99,19,38,616,402,53.2,Moins de 2000 entrées,,NON,NON,,FIXE,NON,R,19,14,0,34.0,60.8,5.3,0.0,1,2.8,2.4,43.687155,5.708539
7,409463,FOYER RURAL,OCCITANIE,RUE GEORGES PEZIERES,66187,Saint-Paul-de-Fenouillet,1796,66,00000,Zone rurale,14183345,06-autres communes et unités urbaines,1,172,41,151,3158,4060,-22.2,De 2 à 5 000 entrées,,OUI,E,,FIXE,NON,R,127,105,18,59.9,18.9,18.5,2.8,63,49.3,42.2,42.811446,2.505248
6,409903,7 EME ART,AUVERGNE / RHONE-ALPES,ROUTE DE PIERRELATTE,26324,Saint-Paul-Trois-Châteaux,9162,26,26301,Saint-Paul-Trois-Châteaux,10672,06-autres communes et unités urbaines,1,159,52,1185,29048,29149,-0.3,De 20 à 30 000 entrées,,OUI,E,JPPR,FIXE,NON,C,293,219,3,47.2,36.0,13.2,3.6,166,36.9,30.1,44.353475,4.739599
3,410232,CINE PHIL,PAYS DE LA LOIRE,RUE DE LA CURE,44188,Saint-Philbert-de-Grand-Lieu,9409,44,44222,Saint-Philbert-de-Grand-Lieu,9409,06-autres communes et unités urbaines,1,228,53,654,28538,28692,-0.5,De 20 à 30 000 entrées,,OUI,E,JP,FIXE,NON,I,262,211,1,58.9,23.5,15.7,2.0,113,34.7,28.3,47.037392,-1.641091
6,410631,LE FLORE,AUVERGNE / RHONE-ALPES,RUE DEMENGET,73270,Saint-Pierre-d'Albigny,4272,73,73111,Saint-Pierre-d'Albigny,5308,06-autres communes et unités urbaines,1,149,14,77,3750,,#VALEUR !,De 2 à 5 000 entrées,,NON,NON,,FIXE,NON,C,53,51,0,73.7,18.0,6.7,1.5,33,57.7,44.9,45.569699,6.15397
3,411244,CENTRE CULTUREL COMMUNAL,CENTRE-VAL DE LOIRE,37BIS AVENUE DE LA REPUBLIQUE,37233,Saint-Pierre-des-Corps,16151,37,37701,Tours,371410,04-Unités urbaines de 100 000 hbts ou plus,1,365,39,80,5276,5511,-4.3,De 5 à 10 000 entrées,,NON,NON,,FIXE,NON,B,54,38,0,51.2,35.2,13.6,0.0,27,60.3,65.9,47.389603,0.719808
3,411333,AIGLON,PAYS DE LA LOIRE,RUE DU PRE DE LA VILLE,53246,Saint-Pierre-des-Nids,1820,53,00000,Zone rurale,14183345,06-autres communes et unités urbaines,1,155,52,229,6293,5814,8.2,De 5 à 10 000 entrées,,OUI,E,,FIXE,NON,R,144,107,0,69.3,14.9,10.9,4.8,63,40.9,35.9,48.400769,-0.099188
4,411461,ELDORADO,NOUVELLE AQUITAINE,5 RUE DE LA REPUBLIQUE,17385,Saint-Pierre-d'Oléron,6682,17,17202,Saint-Pierre-d'Oléron,6682,06-autres communes et unités urbaines,3,630,53,3653,93496,89036,5.0,De 80 à 100 000 entrées,,OUI,E,RDJPPR,FIXE,NON,I,323,222,58,62.2,23.7,11.0,3.2,230,55.4,37.3,45.943128,-1.308557
4,411540,LES TOILES DU MOUN,NOUVELLE AQUITAINE,447 AVENUE DU CORPS FRANC,40281,Saint-Pierre-du-Mont,10087,40,40401,Mont-de-Marsan,41453,05-Unités urbaines de 20 000 à 100 000 hbts,4,388,53,7202,79823,69224,15.3,De 50 à 80 000 entrées,CINEWEST,NON,NON,,FIXE,NON,B,154,99,80,40.6,46.0,12.4,1.1,30,5.3,5.3,43.885758,-0.521675
3,412061,REXY,NORMANDIE,9 RUE DE L EGLISE,14654,Saint-Pierre-en-Auge,7665,14,14207,Saint-Pierre-en-Auge,7665,06-autres communes et unités urbaines,1,144,52,615,15661,14455,8.3,De 10 à 20 000 entrées,,OUI,E,JP,FIXE,NON,C,179,135,0,61.5,22.7,12.5,3.3,106,54.2,43.2,49.016764,-0.043436
3,412251,MAJESTIC,BRETAGNE,PLACE DU KREISKER,29259,Saint-Pol-de-Léon,6985,29,29304,Saint-Pol-de-Léon,12892,06-autres communes et unités urbaines,1,331,53,596,28479,25109,13.4,De 20 à 30 000 entrées,,OUI,E,,FIXE,NON,C,245,194,13,59.3,25.4,13.2,2.0,137,40.5,29.6,48.687279,-3.992419
5,412322,LE REGENCY,HAUTS DE FRANCE,OSCAR RICQUE,62767,Saint-Pol-sur-Ternoise,5023,62,62208,Saint-Pol-sur-Ternoise,8532,06-autres communes et unités urbaines,1,140,52,1436,38316,30847,24.2,De 30 à 40 000 entrées,,OUI,E,JPPR,FIXE,NON,C,182,106,12,61.1,25.0,13.6,0.4,123,40.6,27.2,50.381554,2.33712
7,412415,CINE STAR,OCCITANIE,PLACE DU FOIRAIL,34284,Saint-Pons-de-Thomières,1939,34,00000,Zone rurale,14183345,06-autres communes et unités urbaines,1,155,47,793,5417,6414,-15.5,De 5 à 10 000 entrées,,OUI,E,,FIXE,NON,R,120,105,11,62.9,20.3,14.3,2.5,52,31.0,26.6,43.48939,2.758039
6,412532,SAINT POURCINOIS,AUVERGNE / RHONE-ALPES,COUR DES BENEDICTINS,03254,Saint-Pourçain-sur-Sioule,5221,03,03201,Saint-Pourçain-sur-Sioule,5221,06-autres communes et unités urbaines,1,,50,418,9839,6964,41.3,De 5 à 10 000 entrées,,NON,NON,,ITINERANT,NON,I,148,114,0,67.0,21.7,9.9,1.4,76,38.9,27.5,46.307498,3.289943
3,413111,ARLETTY,BRETAGNE,BD MARECHAL FOCH,22325,Saint-Quay-Portrieux,3382,22,22301,Binic-Étables-sur-Mer,13349,06-autres communes et unités urbaines,1,167,53,1245,41243,39782,3.7,De 40 à 50 000 entrées,,OUI,E,,FIXE,NON,C,199,156,110,67.8,20.6,10.6,1.0,112,39.8,34.0,48.651051,-2.83135
3,413157,CGR SAINT QUENTIN,HAUTS DE FRANCE,QUAI GAYANT,02691,Saint-Quentin,54347,02,02501,Saint-Quentin,63673,05-Unités urbaines de 20 000 à 100 000 hbts,11,1870,53,20573,299959,309106,-3.0,De 200 à 300 000 entrées,CGR,OUI,D,JPPR,FIXE,OUI,C,512,301,218,40.9,42.1,15.1,1.9,271,22.3,10.6,49.84044,3.292065
7,414162,CINE PALACE,PROVENCE-ALPES-COTE D'AZUR,4 AV FAUCONNET,13100,Saint-Rémy-de-Provence,9888,13,13302,Saint-Rémy-de-Provence,12949,06-autres communes et unités urbaines,1,190,53,1509,36254,35922,0.9,De 30 à 40 000 entrées,,OUI,E,JPPR,FIXE,NON,C,338,266,47,60.1,20.3,15.6,4.0,197,40.2,36.8,43.788778,4.829098
3,414352,LE BRETAGNE,BRETAGNE,RUE SAINT MATHIEU,29260,Saint-Renan,8470,29,29214,Saint-Renan,8470,06-autres communes et unités urbaines,1,300,53,816,41032,34839,17.8,De 40 à 50 000 entrées,,OUI,E,JPPR,FIXE,NON,I,305,197,13,60.7,25.8,10.7,2.8,220,62.6,43.6,48.431183,-4.623373
3,415471,MEGA CGR,PAYS DE LA LOIRE,ROUTE D'ALENCON,72320,Saint-Saturnin,2787,72,72701,Le Mans,221529,04-Unités urbaines de 100 000 hbts ou plus,12,2141,53,22798,493352,473241,4.2,De 450 à 700 000 entrées,CGR,NON,NON,,FIXE,OUI,B,278,186,183,46.7,39.3,12.5,1.6,40,8.5,3.3,48.06123,0.167196
4,416021,FLORIDA,NOUVELLE AQUITAINE,65 QUAI DES FLEURS,17397,Saint-Savinien,2553,17,00000,Zone rurale,14183345,06-autres communes et unités urbaines,1,163,50,377,7300,5074,43.9,De 5 à 10 000 entrées,,OUI,E,JP,FIXE,NON,R,204,152,2,63.9,19.3,9.4,7.3,142,68.9,70.6,45.87583,-0.681096
4,416622,MEDIA 7,NOUVELLE AQUITAINE,PLACE DE L'HOTEL DE VILLE,40282,Saint-Sever,5046,40,40114,Saint-Sever,5046,06-autres communes et unités urbaines,1,200,53,632,11051,9552,15.7,De 10 à 20 000 entrées,,OUI,E,JP,FIXE,NON,I,239,195,22,59.2,28.2,10.8,1.8,121,34.8,25.3,43.758985,-0.574071
6,416701,CIN ETOILES,AUVERGNE / RHONE-ALPES,13 AV LAFAYETTE,43224,Sainte-Sigolène,6120,43,43203,Sainte-Sigolène,8473,06-autres communes et unités urbaines,1,208,53,589,12742,12707,0.3,De 10 à 20 000 entrées,,OUI,E,JP,FIXE,NON,C,234,193,2,65.5,21.0,11.4,2.1,131,46.8,29.2,45.24015,4.233176
3,416921,FOYER RURAL,CENTRE-VAL DE LOIRE,25 PLACE DU CYGNE,18235,Sainte-Solange,1141,18,00000,Zone rurale,14183345,06-autres communes et unités urbaines,1,,42,251,8606,7511,14.6,De 5 à 10 000 entrées,,OUI,E,JP,ITINERANT,NON,R,44,31,1,60.4,23.2,4.2,12.3,20,46.2,47.2,47.135691,2.548784
4,417332,LE SEJEFY S,OCCITANIE,11 AV CHARLES DE GAULLE,81271,Saint-Sulpice-la-Pointe,9751,81,81204,Saint-Sulpice,9751,06-autres communes et unités urbaines,1,167,48,565,10756,9851,9.2,De 10 à 20 000 entrées,,OUI,E,JP,FIXE,NON,I,185,156,0,63.8,15.4,9.3,11.5,109,60.6,56.0,43.77186,1.688125
6,418121,LE FOYER,AUVERGNE / RHONE-ALPES,210 RUE DU CHANOINE PAVAILLER,69238,Saint-Symphorien-sur-Coise,3797,69,69104,Saint-Symphorien-sur-Coise,3797,06-autres communes et unités urbaines,2,247,53,1553,24013,20937,14.7,De 20 à 30 000 entrées,,OUI,E,JP,FIXE,NON,I,346,276,8,65.6,22.8,9.5,2.1,188,43.5,28.8,45.629307,4.452451
7,418633,CINEMA STAR,PROVENCE-ALPES-COTE D'AZUR,3 TRAVERSE DE LA GENDARMERIE,83119,Saint-Tropez,3669,83,83207,Saint-Tropez,8439,06-autres communes et unités urbaines,1,168,50,826,8777,8104,8.3,De 5 à 10 000 entrées,,NON,NON,,FIXE,NON,C,115,102,2,68.8,14.9,15.3,1.0,51,36.8,29.8,43.269837,6.635574
3,418992,Casino MUNICIPAL,NORMANDIE,LE PERREY,76655,Saint-Valery-en-Caux,4068,76,76122,Saint-Valery-en-Caux,4068,06-autres communes et unités urbaines,1,189,53,819,14317,13101,9.3,De 10 à 20 000 entrées,,NON,NON,,FIXE,NON,I,190,157,4,60.3,20.7,17.4,1.7,74,27.3,30.7,49.863,0.706604
6,419082,CINE  GALAURE,AUVERGNE / RHONE-ALPES,AVENUE DESIRE VALETTE,26333,Saint-Vallier,4172,26,00353,Saint-Vallier,12286,06-autres communes et unités urbaines,2,354,52,2324,69135,65156,6.1,De 50 à 80 000 entrées,,OUI,E,JPPR,FIXE,NON,C,290,213,41,49.7,36.6,11.7,2.1,174,32.6,20.7,45.176008,4.816127
4,419912,GRAND ECRAN,NOUVELLE AQUITAINE,24 AVENUE NATIONALE,40284,Saint-Vincent-de-Tyrosse,8046,40,40303,Saint-Vincent-de-Tyrosse,17235,06-autres communes et unités urbaines,1,286,53,831,26268,24890,5.5,De 20 à 30 000 entrées,,OUI,E,JPPR,FIXE,NON,C,302,220,13,55.6,27.0,13.8,3.6,184,54.6,47.0,43.660752,-1.304343
4,420443,AREVI,NOUVELLE AQUITAINE,AV DU DOCTEUR LEMOYNE,87187,Saint-Yrieix-la-Perche,7147,87,87202,Saint-Yrieix-la-Perche,7147,06-autres communes et unités urbaines,2,264,53,1755,31076,27157,14.4,De 30 à 40 000 entrées,,OUI,E,JPPR,FIXE,NON,I,304,228,10,60.3,27.8,10.2,1.7,184,39.2,25.6,45.51138,1.20357
6,421203,NOUVEL ESPACE CULTUREL,AUVERGNE / RHONE-ALPES,NOUVEL ESPACE CULTUEL,42275,Saint-Priest-en-Jarez,6182,42,00753,Saint-Étienne,379742,04-Unités urbaines de 100 000 hbts ou plus,1,,15,28,2516,2709,-7.1,De 2 à 5 000 entrées,,NON,NON,,ITINERANT,NON,B,14,1,0,78.6,19.6,0.0,1.7,13,90.9,96.5,45.474022,4.380177
6,421204,CENTRE CULTUREL COMMUNAL LE SOU,AUVERGNE / RHONE-ALPES,RUE ROMAIN ROLLAND,42305,La Talaudière,7143,42,00753,Saint-Étienne,379742,04-Unités urbaines de 100 000 hbts ou plus,1,277,41,206,7165,7204,-0.5,De 5 à 10 000 entrées,,OUI,C,,FIXE,NON,B,153,135,2,75.3,13.6,7.1,3.9,91,57.2,49.4,45.482487,4.429981
4,421242,UGC TALENCE,NOUVELLE AQUITAINE,ALLEE DU 7EME ART,33522,Talence,45355,33,33701,Bordeaux,1008323,04-Unités urbaines de 100 000 hbts ou plus,12,2403,53,19281,294665,296903,-0.8,De 200 à 300 000 entrées,UGC,NON,NON,,FIXE,OUI,B,391,170,164,39.0,41.0,17.6,2.5,173,23.3,19.7,44.811682,-0.592543
4,421441,LE MANOIR,PAYS DE LA LOIRE,11 TER AVENUE DES SABLES,85288,Talmont-Saint-Hilaire,8119,85,85210,Talmont-Saint-Hilaire,8119,06-autres communes et unités urbaines,1,309,53,647,8757,8076,8.4,De 5 à 10 000 entrées,,OUI,E,,FIXE,NON,I,213,175,1,70.3,19.4,9.6,0.8,100,31.1,23.5,46.465494,-1.62086
6,421911,CINEMA JACQUES PERRIN,AUVERGNE / RHONE-ALPES,19 RUE BATAILLON BERTHIER,69243,Tarare,10833,69,69303,Tarare,17751,06-autres communes et unités urbaines,2,357,53,2026,55123,45210,21.9,De 50 à 80 000 entrées,,OUI,E,JP,FIXE,NON,C,276,192,35,54.4,32.2,10.6,2.9,155,27.6,18.4,45.898249,4.4318
4,421923,CENTRE MULTIMEDIA,OCCITANIE,AVENUE PAUL JOUCLA,09306,Tarascon-sur-Ariège,3044,09,09201,Tarascon-sur-Ariège,6198,06-autres communes et unités urbaines,1,200,53,1019,15215,14792,2.9,De 10 à 20 000 entrées,,OUI,E,JPPR,FIXE,NON,C,268,209,6,49.1,28.8,14.9,7.2,160,38.7,39.1,42.846422,1.603935
7,421932,REX,PROVENCE-ALPES-COTE D'AZUR,46 RUE MONGE,13108,Tarascon,15639,13,00461,Beaucaire,31439,05-Unités urbaines de 20 000 à 100 000 hbts,2,336,50,1837,25880,21528,20.2,De 20 à 30 000 entrées,,NON,NON,,FIXE,NON,B,144,118,38,45.6,35.7,16.9,1.8,56,20.8,17.7,43.806585,4.660803
4,421997,MEGA CGR,OCCITANIE,AVENUE DES FORGES,65440,Tarbes,43944,65,65501,Tarbes,81157,05-Unités urbaines de 20 000 à 100 000 hbts,11,1968,53,20032,308445,305739,0.9,De 300 à 450 000 entrées,CGR,NON,NON,,FIXE,OUI,C,281,200,190,41.2,41.8,15.1,1.9,44,9.1,4.1,43.240399,0.079601
4,422160,MEGA CGR,NOUVELLE AQUITAINE,BOULEVARD JACQUES DUCLOS,40312,Tarnos,13234,40,00751,Bayonne (partie française),267184,04-Unités urbaines de 100 000 hbts ou plus,12,2519,53,22098,232447,228111,1.9,De 200 à 300 000 entrées,CGR,NON,NON,,FIXE,OUI,B,282,196,191,41.0,41.6,15.0,2.4,47,9.5,5.2,43.536908,-1.461264
6,422432,LE LEM,AUVERGNE / RHONE-ALPES,62 AV DU 8 MAI 1945,69244,Tassin-la-Demi-Lune,22795,69,00760,Lyon,1714833,04-Unités urbaines de 100 000 hbts ou plus,1,245,49,947,45173,44983,0.4,De 40 à 50 000 entrées,,OUI,C,JP,FIXE,NON,B,211,169,13,69.0,17.3,12.1,1.6,136,58.5,50.3,45.761019,4.761288
2,422871,STUDIO CINE,ILE-DE-FRANCE,207 RUE DE PARIS,95607,Taverny,26773,95,00851,Paris,10947378,03-Grande couronne,2,329,53,3033,32283,32673,-1.2,De 30 à 40 000 entrées,,OUI,C,JP,FIXE,NON,B,253,200,20,54.5,24.9,17.9,2.7,137,40.7,46.4,49.026312,2.224754
6,423061,REGAIN,AUVERGNE / RHONE-ALPES,3 MONTEE DU CHATEAU,07319,Le Teil,9051,07,00553,Montélimar,59460,05-Unités urbaines de 20 000 à 100 000 hbts,2,189,52,2316,33877,28731,17.9,De 30 à 40 000 entrées,,OUI,D,JP,FIXE,NON,B,400,236,9,53.4,20.3,19.4,6.8,261,54.3,45.3,44.550873,4.681776
5,423382,MODERN CINE,HAUTS DE FRANCE,"1, RUE DU 8 MAI",59586,Templeuve-en-Pévèle,6559,59,59307,Templeuve-en-Pévèle,17267,06-autres communes et unités urbaines,1,170,53,1178,37655,29835,26.2,De 30 à 40 000 entrées,,NON,NON,,FIXE,NON,C,109,93,32,53.0,33.3,13.3,0.4,34,14.3,14.3,50.527126,3.168609
5,423383,OLYMPIA CINE,HAUTS DE FRANCE,2 RUE D'ORCHIES,59586,Templeuve-en-Pévèle,6559,59,59307,Templeuve-en-Pévèle,17267,06-autres communes et unités urbaines,1,126,53,1124,26749,26855,-0.4,De 20 à 30 000 entrées,,OUI,E,JP,FIXE,NON,C,143,98,27,59.0,25.0,14.5,1.5,72,27.8,28.7,50.526289,3.170036
6,423422,CINE TENCE,AUVERGNE / RHONE-ALPES,8 RUE DE ST AGREVE,43244,Tence,3175,43,43102,Tence,3175,06-autres communes et unités urbaines,1,172,51,497,10521,10697,-1.6,De 10 à 20 000 entrées,,OUI,E,JP,FIXE,NON,I,206,167,0,64.8,22.0,10.9,2.3,108,45.5,29.8,45.114054,4.290647
7,423501,LE BEGO,PROVENCE-ALPES-COTE D'AZUR,AV DU 16 SEPTEMBRE 1947,06163,Tende,2193,06,00000,Zone rurale,14183345,06-autres communes et unités urbaines,1,157,52,125,3276,3130,4.7,De 2 à 5 000 entrées,,NON,NON,,FIXE,NON,R,118,106,0,58.5,23.1,16.8,1.6,44,36.4,27.4,44.08886,7.593211
3,423561,Casino,HAUTS DE FRANCE,"7, RUE MARCEAU",02738,Tergnier,13694,02,02402,Tergnier,22703,05-Unités urbaines de 20 000 à 100 000 hbts,2,498,53,2217,26957,30153,-10.6,De 20 à 30 000 entrées,,NON,NON,,FIXE,NON,C,195,167,85,36.0,48.5,14.2,1.3,57,9.6,7.3,49.657142,3.298248
4,423865,CINE ROC,NOUVELLE AQUITAINE,16 AVENUE JEAN JAURES,24547,Terrasson-Lavilledieu,6370,24,00261,Terrasson-Lavilledieu,8134,06-autres communes et unités urbaines,1,228,53,1089,22891,24772,-7.6,De 20 à 30 000 entrées,,OUI,E,RDJPPR,FIXE,NON,C,369,286,3,62.0,20.4,14.5,3.1,233,53.0,43.2,45.131093,1.301938
4,424194,GRAND ECRAN,NOUVELLE AQUITAINE,CAP OCEAN,33529,La Teste-de-Buch,26648,33,33501,La Teste-de-Buch-Arcachon,69504,05-Unités urbaines de 20 000 à 100 000 hbts,10,1375,53,13066,241902,237254,2.0,De 200 à 300 000 entrées,GRAND ECRAN,OUI,D,,FIXE,OUI,C,400,281,208,46.0,38.3,14.1,1.7,189,25.9,12.0,44.637099,-1.153746
8,424465,RELAIS CULTUREL REGIONAL,GRAND EST,51 RUE KLEBER,68334,Thann,7932,68,68402,Thann-Cernay,32184,05-Unités urbaines de 20 000 à 100 000 hbts,2,670,28,225,4341,7741,-43.9,De 2 à 5 000 entrées,,OUI,D,,FIXE,NON,C,82,57,2,32.0,25.1,28.0,14.9,62,77.2,85.3,47.805797,7.101395
3,424781,ST LOUIS,NORMANDIE,15 RUE DE LA CROIX,61484,Val-au-Perche,3482,61,00000,Zone rurale,14183345,06-autres communes et unités urbaines,1,221,21,161,4246,7538,-43.7,De 2 à 5 000 entrées,,OUI,E,JP,FIXE,NON,C,86,61,0,57.3,13.6,17.6,11.4,46,53.5,55.2,48.265259,0.690629
2,425503,PATHE BELLE EPINE,ILE-DE-FRANCE,CENTRE COMMERCIAL BELLE EPINE,94073,Thiais,30994,94,00851,Paris,10947378,02-Petite Couronne,16,3222,53,33108,953012,"1,052,579",-9.5,De 700 000 à 1 million d'entrées,CINEMAS PATHE,NON,NON,,FIXE,OUI,B,388,249,240,24.9,55.9,15.9,3.3,87,14.2,7.4,48.756508,2.371928
6,425783,LE MONACO,AUVERGNE / RHONE-ALPES,17 RUE CONCHETTE,63430,Thiers,11841,63,63303,Thiers,13998,06-autres communes et unités urbaines,3,341,51,1760,22500,19347,16.3,De 20 à 30 000 entrées,,OUI,E,,FIXE,NON,C,151,116,1,64.6,22.5,11.5,1.4,88,43.1,33.5,45.855676,3.547437
3,426120,PATHE PARC MILLESIME,GRAND EST,PARC MILLESIME,51569,Thillois,575,51,00000,Zone rurale,14183345,06-autres communes et unités urbaines,13,2493,53,22859,563049,605922,-7.1,De 450 à 700 000 entrées,CINEMAS PATHE,NON,NON,,FIXE,OUI,R,396,242,188,37.4,45.2,15.3,2.1,139,13.3,6.8,49.254024,3.962365
9,426151,VARIETES,GRAND EST,10 RUE JULES FERRY,88468,Le Thillot,3372,88,88304,Le Thillot,15261,06-autres communes et unités urbaines,2,332,51,952,11092,10974,1.1,De 10 à 20 000 entrées,,NON,NON,,FIXE,NON,C,146,134,22,59.2,27.7,10.3,2.8,44,21.1,16.8,47.881078,6.765526
8,426273,SCALA,GRAND EST,"23, PLACE DU MARCHE",57672,Thionville,42117,57,57601,Thionville,138442,04-Unités urbaines de 100 000 hbts ou plus,2,299,47,3042,39358,33630,17.0,De 30 à 40 000 entrées,,OUI,C,RDJPPR,FIXE,NON,C,231,149,65,65.2,14.1,15.1,5.6,191,94.7,85.2,49.357979,6.167955
8,426301,Kinepolis,GRAND EST,50 ROUTE D'ARLON,57672,Thionville,42117,57,57601,Thionville,138442,04-Unités urbaines de 100 000 hbts ou plus,10,2844,53,16203,421183,447178,-5.8,De 300 à 450 000 entrées,Kinepolis,NON,NON,,FIXE,OUI,C,291,187,180,32.4,48.8,17.0,1.8,50,10.0,4.4,49.362347,6.111437
4,426463,LE CLAIR,NOUVELLE AQUITAINE,4 AVENUE DU GENERAL LECLERC,24551,Thiviers,3060,24,24110,Thiviers,4057,06-autres communes et unités urbaines,1,173,53,880,20964,20381,2.9,De 20 à 30 000 entrées,,OUI,E,JPPR,FIXE,NON,C,274,193,4,63.7,19.8,12.7,3.9,173,51.3,41.4,45.413265,0.918749
6,426533,AGORA,AUVERGNE / RHONE-ALPES,23 RUE PIERRE CHEVENARD,69248,Thizy-les-Bourgs,6061,69,69203,Thizy,6061,06-autres communes et unités urbaines,2,333,50,958,10458,9788,6.8,De 10 à 20 000 entrées,,OUI,E,JP,FIXE,NON,I,170,137,5,62.9,23.0,12.2,1.9,72,30.8,30.3,46.030249,4.313447
6,426761,LE ROC,AUVERGNE / RHONE-ALPES,IMMEUBLE LES EFFALEES,74279,Thollon-les-Mémises,849,74,00000,Zone rurale,14183345,06-autres communes et unités urbaines,1,193,24,243,2225,1787,24.5,De 2 à 5 000 entrées,,NON,NON,,FIXE,NON,R,69,56,0,59.3,25.6,14.7,0.4,25,22.2,21.2,46.389621,6.718783
6,426831,EDELWEISS,AUVERGNE / RHONE-ALPES,PASSAGE DES ADDEBOUTS,74280,Thônes,6876,74,74210,Thônes,10178,06-autres communes et unités urbaines,1,189,52,538,21204,18575,14.2,De 20 à 30 000 entrées,,OUI,E,,FIXE,NON,C,182,136,48,63.4,22.3,12.7,1.7,93,34.6,35.1,45.881671,6.325794
6,426921,LE FRANCE,AUVERGNE / RHONE-ALPES,AVENUE DE LA GARE,74281,Thonon-les-Bains,37732,74,74501,Thonon-les-Bains,82816,05-Unités urbaines de 20 000 à 100 000 hbts,3,412,49,3133,43864,38742,13.2,De 40 à 50 000 entrées,,OUI,D,,FIXE,NON,C,249,156,105,72.8,10.0,12.2,5.0,200,91.2,90.1,46.369762,6.481305
6,426924,CINE LEMAN,AUVERGNE / RHONE-ALPES,63 AVENUE DE SENEVULLAZ,74281,Thonon-les-Bains,37732,74,74501,Thonon-les-Bains,82816,05-Unités urbaines de 20 000 à 100 000 hbts,8,1393,53,12331,343922,346718,-0.8,De 300 à 450 000 entrées,,NON,NON,,FIXE,OUI,C,243,185,179,40.1,42.3,15.9,1.7,56,12.3,6.8,46.352812,6.468439
6,427042,LE PARNAL,AUVERGNE / RHONE-ALPES,GRAND RUE,74282,Fillière,9781,74,74303,Fillière,20637,05-Unités urbaines de 20 000 à 100 000 hbts,1,114,53,435,14241,14185,0.4,De 10 à 20 000 entrées,,OUI,E,JPPR,FIXE,NON,R,181,115,1,68.3,12.1,14.1,5.5,131,69.2,55.5,45.99595,6.239124
3,427312,CINEMA SAINT-LOUIS,PAYS DE LA LOIRE,1 IMPASSE DE L EVECHE,49345,Bellevigne-en-Layon,5897,49,00000,Zone rurale,14183345,06-autres communes et unités urbaines,1,170,44,212,6468,5430,19.1,De 5 à 10 000 entrées,,OUI,E,,FIXE,NON,R,154,124,0,72.9,16.9,8.7,1.6,86,48.3,43.1,47.267642,-0.502889
4,427365,LE KIOSQUE,NOUVELLE AQUITAINE,BOULEVARD ADRIEN MORIN,79329,Thouars,14225,79,79302,Thouars,17467,06-autres communes et unités urbaines,4,530,53,5435,99301,89753,10.6,De 80 à 100 000 entrées,,OUI,E,JP,FIXE,NON,C,313,217,123,57.6,28.7,11.9,1.7,191,31.2,16.6,46.979451,-0.21706
3,427442,Salle Saint-Gobain,HAUTS DE FRANCE,Place Saint-Gobain,60636,Thourotte,4530,60,60502,Compiègne,72962,05-Unités urbaines de 20 000 à 100 000 hbts,1,220,42,88,4398,4975,-11.6,De 2 à 5 000 entrées,,NON,NON,,FIXE,NON,B,62,28,0,65.2,17.0,10.2,7.7,58,94.3,90.3,49.482001,2.884056
5,427703,FOYER,HAUTS DE FRANCE,"1 BIS, RUE ALBERT SAMAIN",59592,Thumeries,4001,59,00756,Douai-Lens,510310,04-Unités urbaines de 100 000 hbts ou plus,1,270,46,265,15856,15839,0.1,De 10 à 20 000 entrées,,NON,NON,,FIXE,NON,B,130,107,1,50.1,31.4,15.4,3.1,38,21.7,23.2,50.471998,3.073172
3,427861,LE NORMANDY,NORMANDIE,PLACE DU GENERAL DE GAULLE,14689,Le Hom,3647,14,14110,Thury-Harcourt-le-Hom,3647,06-autres communes et unités urbaines,1,213,53,850,23120,22525,2.6,De 20 à 30 000 entrées,,OUI,E,JP,FIXE,NON,R,214,169,1,58.0,26.4,12.0,3.6,126,47.5,33.7,48.985746,-0.478263
6,428103,CINEMA,AUVERGNE / RHONE-ALPES,ZAC DU VAL CLARET,73296,Tignes,2058,73,00000,Zone rurale,14183345,06-autres communes et unités urbaines,2,282,38,873,12331,14628,-15.7,De 10 à 20 000 entrées,,NON,NON,,FIXE,NON,R,175,144,46,45.0,35.9,17.6,1.4,69,26.5,15.8,45.456559,6.900294
3,428483,LE NORMANDY,NORMANDIE,BD DU MIDI,61486,Tinchebray-Bocage,4982,61,61107,Tinchebray-Bocage,4982,06-autres communes et unités urbaines,1,280,49,228,6585,6444,2.2,De 5 à 10 000 entrées,,NON,NON,,FIXE,NON,I,164,134,0,65.2,13.6,16.1,5.1,87,46.0,40.0,48.763163,-0.732609
4,428711,CINE PASSION,NOUVELLE AQUITAINE,CINE PASSION,24553,Tocane-Saint-Apre,1774,24,00000,Zone rurale,14183345,06-autres communes et unités urbaines,1,,52,584,22223,19965,11.3,De 20 à 30 000 entrées,,OUI,E,JP,ITINERANT,NON,R,152,95,1,63.9,22.9,11.6,1.6,78,44.5,35.3,45.252655,0.493333
4,428921,CINE REX,NOUVELLE AQUITAINE,13 RUE DE L'EGLISE,17448,Tonnay-Boutonne,1194,17,00000,Zone rurale,14183345,06-autres communes et unités urbaines,1,173,53,351,4146,3783,9.6,De 2 à 5 000 entrées,,OUI,E,,FIXE,NON,R,196,146,1,64.0,27.1,6.0,2.9,116,57.8,53.9,45.966024,-0.705655
4,428942,REX 1,NOUVELLE AQUITAINE,RUE DU MARECHAL FOCH,47310,Tonneins,9371,47,47201,Tonneins,10245,06-autres communes et unités urbaines,3,406,53,2685,37749,34858,8.3,De 30 à 40 000 entrées,,OUI,E,RDJPPR,FIXE,NON,C,429,339,156,54.7,29.8,13.1,2.4,259,46.2,29.3,44.391294,0.311793
3,428961,CINEMA THEATRE,BOURGOGNE / FRANCHE-COMTE,PLACE DE L HOTEL DE VILLE,89418,Tonnerre,4508,89,89201,Tonnerre,5057,06-autres communes et unités urbaines,1,141,46,748,15655,,#VALEUR !,De 10 à 20 000 entrées,,OUI,E,JPPR,FIXE,NON,C,213,136,3,54.6,26.5,15.2,3.7,130,55.5,45.0,47.856492,3.972991
2,429132,MEGA CGR,ILE-DE-FRANCE,PROMENADE DU 7ÈME ART,77468,Torcy,22604,77,00851,Paris,10947378,03-Grande couronne,16,2843,53,30868,656774,713897,-8.0,De 450 à 700 000 entrées,CGR,NON,NON,,FIXE,OUI,B,456,305,299,27.1,51.0,16.1,5.9,134,19.9,6.9,48.840592,2.654959
3,429621,CINETOILES,BOURGOGNE / FRANCHE-COMTE,21 RUE ARRAULT,89419,Toucy,2732,89,89103,Toucy,2732,06-autres communes et unités urbaines,1,74,51,435,8820,7932,11.2,De 5 à 10 000 entrées,,OUI,E,,FIXE,NON,I,157,124,1,70.5,15.0,12.0,2.5,91,56.3,50.3,47.734838,3.292272
9,429814,CITEA,GRAND EST,12 RUE DE RIGNY,54528,Toul,16107,54,54403,Toul,23348,05-Unités urbaines de 20 000 à 100 000 hbts,1,246,50,1029,32141,32687,-1.7,De 30 à 40 000 entrées,,OUI,D,JPPR,FIXE,NON,C,347,276,4,57.1,20.5,16.2,6.2,225,56.9,46.2,48.676183,5.893159
7,429951,LE ROYAL,PROVENCE-ALPES-COTE D'AZUR,2 ET 4 RUE DU DOCTEUR,83137,Toulon,181506,83,00757,Toulon,598427,04-Unités urbaines de 100 000 hbts ou plus,3,386,53,4994,101576,102694,-1.1,De 100 à 150 000 entrées,,OUI,A,RDPR,FIXE,NON,C,253,154,128,59.7,13.3,18.5,8.5,241,98.6,97.7,43.124501,5.96296
7,430102,Salle des Fêtes,OCCITANIE,Salle des Fêtes,66213,Toulouges,7385,66,66701,Perpignan,205745,04-Unités urbaines de 100 000 hbts ou plus,1,,30,49,6336,4187,51.3,De 5 à 10 000 entrées,,NON,NON,,ITINERANT,NON,B,26,14,0,75.2,9.9,9.2,5.7,8,16.3,15.6,42.666461,2.836131
4,430222,A B C SALLE A,OCCITANIE,13 RUE ST BERNARD,31555,Toulouse,503020,31,00758,Toulouse,1062736,04-Unités urbaines de 100 000 hbts ou plus,3,396,53,5442,185212,188679,-1.8,De 150 à 200 000 entrées,,OUI,A,RDJPPR,FIXE,NON,C,312,142,117,60.7,10.9,20.3,8.0,263,95.0,94.2,43.60903,1.443975
4,430243,AMERICAN COSMOGRAPH 1,OCCITANIE,24 RUE MONTARDY,31555,Toulouse,503020,31,00758,Toulouse,1062736,04-Unités urbaines de 100 000 hbts ou plus,3,441,53,5639,197605,165885,19.1,De 150 à 200 000 entrées,,OUI,A,RDJPPR,FIXE,NON,C,361,151,131,54.9,16.5,13.6,14.9,283,96.8,95.7,43.604016,1.446784
4,430261,LE CRATERE,OCCITANIE,95 GRANDE RUE SAINT MICHEL,31555,Toulouse,503020,31,00758,Toulouse,1062736,04-Unités urbaines de 100 000 hbts ou plus,1,79,53,2007,30095,27613,9.0,De 30 à 40 000 entrées,,OUI,A,RDJPPR,FIXE,NON,C,497,268,3,51.3,16.2,15.5,17.1,451,95.7,94.7,43.588909,1.445984
4,430404,CINEMA LE METRO,OCCITANIE,ALLEE DE BELLEFONTAINE,31555,Toulouse,503020,31,00758,Toulouse,1062736,04-Unités urbaines de 100 000 hbts ou plus,1,130,32,292,4753,4142,14.8,De 2 à 5 000 entrées,,NON,NON,,FIXE,NON,C,94,71,0,35.3,41.6,18.8,4.4,60,61.0,75.5,43.563857,1.404136
4,430446,PATHE WILSON,OCCITANIE,3 PLACE WILSON,31555,Toulouse,503020,31,00758,Toulouse,1062736,04-Unités urbaines de 100 000 hbts ou plus,15,3529,53,24773,"1,009,283","1,025,594",-1.6,"De 1 à 1,5 million d'entrées",CINEMAS PATHE,NON,NON,,FIXE,OUI,C,544,295,275,37.6,40.5,18.5,3.4,243,37.0,25.6,43.60456,1.44782
4,430455,BORDEROUGE CINE,OCCITANIE,"59, AVENUE MAURICE BOURGES-MAUNOURY",31555,Toulouse,503020,31,00758,Toulouse,1062736,04-Unités urbaines de 100 000 hbts ou plus,3,299,53,5309,98884,82598,19.7,De 80 à 100 000 entrées,,OUI,A,RDJPPR,FIXE,NON,C,346,174,22,63.2,13.3,13.5,10.0,296,89.9,82.7,43.642205,1.45598
4,430459,UGC MONTAUDRAN,OCCITANIE,38 Avenue Bernard Maris,31555,Toulouse,503020,31,00758,Toulouse,1062736,04-Unités urbaines de 100 000 hbts ou plus,7,1330,53,10272,142698,125675,13.5,De 100 à 150 000 entrées,UGC,NON,NON,,FIXE,NON,C,250,110,102,33.0,47.6,17.2,2.2,114,17.2,12.6,43.571055,1.478228
5,430620,LES 3 AS,HAUTS DE FRANCE,43 RUE DE LONDRES,62826,Le Touquet-Paris-Plage,4527,62,62401,Berck,44883,05-Unités urbaines de 20 000 à 100 000 hbts,5,445,53,8749,100773,101859,-1.1,De 100 à 150 000 entrées,,OUI,D,JPPR,FIXE,NON,B,504,310,261,57.6,26.7,14.4,1.2,339,51.4,25.9,50.524614,1.585193
5,430771,STUDIOS DU FRESNOY,HAUTS DE FRANCE,22 RUE DU FRESNOY,59599,Tourcoing,99826,59,59702,Lille (partie française),1062844,04-Unités urbaines de 100 000 hbts ou plus,2,303,48,1139,20171,20767,-2.9,De 20 à 30 000 entrées,,OUI,C,RDJPPR,FIXE,NON,B,212,129,11,55.5,12.9,16.0,15.7,189,91.5,89.5,50.699907,3.155883
5,430886,LES ECRANS,HAUTS DE FRANCE,"4, PROMENADE DE LA FRATERNITÉ",59599,Tourcoing,99826,59,59702,Lille (partie française),1062844,04-Unités urbaines de 100 000 hbts ou plus,5,638,53,6683,85894,80790,6.3,De 80 à 100 000 entrées,UGC,NON,NON,,FIXE,NON,B,132,98,84,35.1,46.3,15.6,3.0,44,13.7,18.9,50.721235,3.15888
7,430923,RESEAU SUD LUBERON,PROVENCE-ALPES-COTE D'AZUR,43 BOULEVARD DE VERDUN,84133,La Tour-d'Aigues,4466,84,84201,La Tour-d'Aigues,5373,06-autres communes et unités urbaines,1,,49,193,6177,6463,-4.4,De 5 à 10 000 entrées,,OUI,E,JPPR,ITINERANT,NON,I,103,61,0,64.9,24.5,6.9,3.8,75,76.7,57.6,43.726077,5.547136
6,431023,AUDITORIUM EQUINOXE,AUVERGNE / RHONE-ALPES,6 - 8 RUE DE L'HOTEL DE VILLE,38509,La Tour-du-Pin,8353,38,38405,La Tour-du-Pin,40313,05-Unités urbaines de 20 000 à 100 000 hbts,1,208,53,1003,34370,29030,18.4,De 30 à 40 000 entrées,,OUI,D,,FIXE,NON,C,225,176,30,59.3,29.1,8.5,3.1,125,32.6,30.7,45.562468,5.444145
4,431351,ESPACE SAINT MICHEL,OCCITANIE,ESPACE SAINT MICHEL,31028,Aurignac,1312,31,00000,Zone rurale,14183345,06-autres communes et unités urbaines,1,,53,1082,34953,30432,14.9,De 30 à 40 000 entrées,,OUI,E,JP,ITINERANT,NON,R,231,136,0,60.1,18.1,12.7,9.1,162,65.4,60.4,43.216817,0.882662
4,431352,UTOPIA SANTA MAGDALENA,OCCITANIE,PLACE DU CHATEAU,31557,Tournefeuille,29405,31,00758,Toulouse,1062736,04-Unités urbaines de 100 000 hbts ou plus,4,486,53,6780,173152,171781,0.8,De 150 à 200 000 entrées,,OUI,C,RDJPPR,FIXE,NON,B,345,194,142,64.9,11.2,18.4,5.5,299,92.7,88.3,43.581932,1.345083
3,431533,LE FOYER,CENTRE-VAL DE LOIRE,11 RUE DE LA GARE,36224,Tournon-Saint-Martin,1152,36,00000,Zone rurale,14183345,06-autres communes et unités urbaines,1,230,40,135,2442,1845,32.4,De 2 à 5 000 entrées,,NON,NON,,FIXE,NON,R,65,52,0,69.1,16.1,14.8,0.0,29,37.5,42.3,46.734796,0.956025
6,431551,CINE THEATRE,AUVERGNE / RHONE-ALPES,1 PLACE RAMPON,07324,Tournon-sur-Rhône,11421,07,00459,Tournon-sur-Rhône,32205,05-Unités urbaines de 20 000 à 100 000 hbts,2,285,51,1120,40282,35752,12.7,De 40 à 50 000 entrées,,OUI,D,JP,FIXE,NON,C,143,99,14,54.2,31.4,12.8,1.6,63,22.9,23.7,45.065738,4.834751
6,431604,LA PALETTE,BOURGOGNE / FRANCHE-COMTE,37 RUE DE LA REPUBLIQUE,71543,Tournus,5832,71,71204,Tournus,5832,06-autres communes et unités urbaines,1,219,50,554,21300,20325,4.8,De 20 à 30 000 entrées,,OUI,E,RDJPPR,FIXE,NON,I,199,125,1,61.4,19.8,13.9,5.0,139,57.4,54.7,46.562498,4.912313
3,431732,STUDIO DES URSULINES,CENTRE-VAL DE LOIRE,2 RUE DES URSULINES,37261,Tours,140474,37,37701,Tours,371410,04-Unités urbaines de 100 000 hbts ou plus,7,1067,53,11001,324747,316030,2.8,De 300 à 450 000 entrées,,OUI,A,RDJPPR,FIXE,NON,C,567,288,216,59.1,16.3,18.6,6.1,469,89.4,88.7,47.394391,0.697155
3,431771,MEGA CGR 2 LIONS,CENTRE-VAL DE LOIRE,AVENUE MARCEL MERIEUX,37261,Tours,140474,37,37701,Tours,371410,04-Unités urbaines de 100 000 hbts ou plus,13,2574,53,26390,702750,706077,-0.5,De 700 000 à 1 million d'entrées,CGR,NON,NON,,FIXE,OUI,C,320,221,215,40.4,42.9,15.1,1.7,67,14.9,6.1,47.365422,0.680755
3,431801,MEGA CGR CENTRE,CENTRE-VAL DE LOIRE,4 PLACE FRANCOIS TRUFFAUT,37261,Tours,140474,37,37701,Tours,371410,04-Unités urbaines de 100 000 hbts ou plus,8,1898,53,15019,192877,191287,0.8,De 150 à 200 000 entrées,CGR,NON,NON,,FIXE,OUI,C,376,253,205,46.3,35.8,14.5,3.4,166,26.1,14.7,47.366664,0.706536
4,432661,AGNES VARDA,PAYS DE LA LOIRE,BOULEVARD DE LA PETITE HOLLANDE,85294,La Tranche-sur-Mer,3040,85,85112,La Tranche-sur-Mer,3040,06-autres communes et unités urbaines,2,266,51,2090,46811,41222,13.6,De 40 à 50 000 entrées,,OUI,E,,FIXE,NON,I,223,187,98,67.5,22.4,9.5,0.7,92,32.7,17.2,46.34852,-1.448152
2,432832,CINEMA LE GRENIER A SEL,ILE-DE-FRANCE,PLACE DU 8 MAI 1945,78621,Trappes,33527,78,00851,Paris,10947378,03-Grande couronne,1,218,45,990,15556,10017,55.3,De 10 à 20 000 entrées,,OUI,C,JP,FIXE,NON,B,211,132,3,60.0,15.2,15.0,9.7,147,65.6,65.5,48.780183,1.992423
3,433570,CINELAND,BRETAGNE,ZAC DU ROND PIONT DE BREZILLET,22360,Trégueux,8639,22,22501,Saint-Brieuc,98861,05-Unités urbaines de 20 000 à 100 000 hbts,10,2187,53,12220,513100,491106,4.5,De 450 à 700 000 entrées,CINEVILLE,NON,NON,,FIXE,OUI,B,244,176,171,46.8,38.0,13.7,1.5,44,10.7,4.8,48.493105,-2.761907
2,433972,JACQUES TATI,ILE-DE-FRANCE,29 BIS AV CHARLES DE GAULLE,93073,Tremblay-en-France,36653,93,00851,Paris,10947378,02-Petite Couronne,3,524,50,3986,83889,77519,8.2,De 80 à 100 000 entrées,,OUI,C,RDJPPR,FIXE,NON,B,317,216,47,44.9,35.6,13.1,6.4,241,64.5,49.7,48.99649,2.550261
2,433975,PATHE,ILE-DE-FRANCE,RUE DES BUISSONS,93073,Tremblay-en-France,36653,93,00851,Paris,10947378,02-Petite Couronne,12,2061,53,21062,601068,712347,-15.6,De 450 à 700 000 entrées,CINEMAS PATHE,NON,NON,,FIXE,OUI,B,266,166,152,19.7,60.5,16.9,2.8,36,5.9,4.1,48.991044,2.524032
3,434402,JOACASINO,NORMANDIE,ESPLANADE LOUIS ARAGON,76711,Le Tréport,4533,76,00359,Eu,16202,06-autres communes et unités urbaines,1,332,53,1557,21101,21563,-2.1,De 20 à 30 000 entrées,,NON,NON,,FIXE,NON,C,136,110,53,46.2,38.8,13.7,1.2,34,7.2,17.4,50.061473,1.367587
7,434682,LE Casino,PROVENCE-ALPES-COTE D'AZUR,RUE DU DOCTEUR WILLEMUS,13110,Trets,10680,13,00759,Marseille-Aix-en-Provence,1635844,04-Unités urbaines de 100 000 hbts ou plus,1,220,49,234,7032,5213,34.9,De 5 à 10 000 entrées,,NON,NON,,FIXE,NON,B,96,78,3,66.7,23.1,8.2,2.0,46,35.0,38.2,43.447455,5.684694
4,435331,L ETOILE,NOUVELLE AQUITAINE,RUE DE LA LIBERTE,86273,La Trimouille,881,86,00000,Zone rurale,14183345,06-autres communes et unités urbaines,1,228,52,225,2921,2020,44.6,De 2 à 5 000 entrées,,OUI,E,,FIXE,NON,R,155,129,0,73.3,12.4,13.6,0.7,77,43.8,27.9,46.46634,1.038441
3,436453,CGR TROYES,GRAND EST,RUE DES BAS TREVOIS,10387,Troyes,63708,10,10601,Troyes,141960,04-Unités urbaines de 100 000 hbts ou plus,14,2352,53,28234,443009,462081,-4.1,De 300 à 450 000 entrées,CGR,NON,NON,,FIXE,OUI,C,506,327,305,38.8,44.4,14.6,2.2,224,22.4,9.5,48.291806,4.080707
4,436927,VEO GRAND PALACE,NOUVELLE AQUITAINE,AVENUE DE VENTADOUR,19272,Tulle,14973,19,19401,Tulle,22299,05-Unités urbaines de 20 000 à 100 000 hbts,5,708,53,6614,109330,111740,-2.2,De 100 à 150 000 entrées,,OUI,D,JPPR,FIXE,NON,C,422,260,108,51.7,33.5,13.3,1.5,255,31.6,20.5,45.272941,1.776816
6,436962,PARADISO,AUVERGNE / RHONE-ALPES,3 RUE PASTEUR,38517,Tullins,7883,38,38209,Tullins,9088,06-autres communes et unités urbaines,1,106,49,765,14474,12445,16.3,De 10 à 20 000 entrées,,OUI,E,JP,FIXE,NON,C,223,186,5,61.8,20.7,13.7,3.8,126,43.1,43.2,45.297176,5.483039
3,437012,ATLANTIC,PAYS DE LA LOIRE,PLACE DES ANCIENS COMBATTANTS,44211,La Turballe,4982,44,44210,La Turballe,7400,06-autres communes et unités urbaines,1,160,53,1671,43777,44327,-1.2,De 40 à 50 000 entrées,,OUI,E,RDJPPR,FIXE,NON,C,330,238,135,65.6,16.0,13.0,5.4,259,72.8,70.4,47.348261,-2.512088
6,437401,CHANTECLER,AUVERGNE / RHONE-ALPES,45 PLACE MONTMAIN,73303,Ugine,7366,73,73203,Ugine,9067,06-autres communes et unités urbaines,2,615,53,2607,68271,67917,0.5,De 50 à 80 000 entrées,,OUI,E,JP,FIXE,NON,C,233,173,90,45.9,38.0,14.1,2.0,113,32.1,16.3,45.754303,6.417593
2,437561,STUDIO DES CHAMPS LASNIERS,ILE-DE-FRANCE,AVENUE DU BERRY,91692,Les Ulis,25299,91,00851,Paris,10947378,03-Grande couronne,1,210,48,772,17652,14922,18.3,De 10 à 20 000 entrées,,OUI,C,JP,FIXE,NON,B,248,159,0,68.5,12.7,13.7,5.0,147,59.5,59.2,48.682507,2.169714
2,437562,UGC LES ULIS,ILE-DE-FRANCE,CENTRE COMMERCIAL LES ULIS 2,91692,Les Ulis,25299,91,00851,Paris,10947378,03-Grande couronne,4,649,53,4175,37734,42065,-10.3,De 30 à 40 000 entrées,UGC,NON,NON,,FIXE,NON,B,82,73,59,36.8,50.8,11.8,0.7,3,3.3,1.9,48.675884,2.175597
8,437630,ESPACE LE TREFLE,GRAND EST,"29, RUE D'ENSISHEIM",68343,Ungersheim,2455,68,68207,Ensisheim,10000,06-autres communes et unités urbaines,1,102,47,79,1742,1958,-11.0,Moins de 2000 entrées,,NON,NON,,FIXE,NON,B,73,61,0,77.1,18.8,4.1,0.0,29,39.5,34.9,47.876905,7.309221
6,437674,LE QUARTO,AUVERGNE / RHONE-ALPES,RUE JEAN JAURES,42316,Unieux,8525,42,00753,Saint-Étienne,379742,04-Unités urbaines de 100 000 hbts ou plus,1,377,44,1114,21170,20642,2.6,De 20 à 30 000 entrées,,NON,NON,,FIXE,NON,B,208,154,6,64.6,20.3,13.8,1.2,105,35.7,34.7,45.396194,4.281269
4,437682,LE LUMIERE,OCCITANIE,AVENUE DES PYRENEES,31561,L' Union,12511,31,00758,Toulouse,1062736,04-Unités urbaines de 100 000 hbts ou plus,1,200,49,670,25387,23038,10.2,De 20 à 30 000 entrées,,OUI,C,,FIXE,NON,B,294,252,31,63.1,23.0,11.8,2.2,179,48.5,40.5,43.654225,1.491185
4,438001, ITSAS MENDI,NOUVELLE AQUITAINE,RUE BERNARD DE CORAL,64545,Urrugne,10656,64,00751,Bayonne (partie française),267184,04-Unités urbaines de 100 000 hbts ou plus,1,229,50,1729,14144,14407,-1.8,De 10 à 20 000 entrées,,OUI,C,RDJPPR,FIXE,NON,B,244,185,14,61.4,12.9,18.4,7.3,214,88.7,81.9,43.36278,-1.696856
4,438291,LE CARNOT,NOUVELLE AQUITAINE,66 BIS AV CARNOT,19275,Ussel,9530,19,19202,Ussel,9530,06-autres communes et unités urbaines,2,491,53,1799,33855,32192,5.2,De 30 à 40 000 entrées,,OUI,E,JP,FIXE,NON,I,255,202,14,50.7,36.3,11.7,1.3,129,27.1,14.5,45.550069,2.312425
7,438461,CINEMA DE PRA LOU,PROVENCE-ALPES-COTE D'AZUR,PRA LOU,04226,Uvernet-Fours,574,04,00000,Zone rurale,14183345,06-autres communes et unités urbaines,1,185,25,271,2484,3801,-34.6,De 2 à 5 000 entrées,,NON,NON,,FIXE,NON,R,110,89,39,57.1,29.1,11.6,2.2,29,18.8,10.0,44.369873,6.605179
4,438622,CINEMA LOUIS JOUVET,NOUVELLE AQUITAINE,PLACE DE LA LIBERATION,19276,Uzerche,2846,19,19103,Uzerche,2846,06-autres communes et unités urbaines,1,187,52,429,8719,8872,-1.7,De 5 à 10 000 entrées,,OUI,E,JPPR,FIXE,NON,I,196,155,2,56.1,23.5,16.9,3.4,105,45.1,32.6,45.424402,1.563016
7,438631,CAPITOLE,OCCITANIE,11 RUE XAVIER SIGALON,30334,Uzès,8721,30,30303,Uzès,12005,06-autres communes et unités urbaines,3,500,53,3890,75429,68524,10.1,De 50 à 80 000 entrées,,OUI,E,RDJPPR,FIXE,NON,C,305,203,147,59.4,23.1,13.6,3.9,185,51.2,41.1,44.014623,4.419527
9,439061,L'Entr'Actes,GRAND EST,RUELLE DES VIAUX,88486,Vagney,4008,88,88303,Vagney,13392,06-autres communes et unités urbaines,1,219,46,154,2219,2929,-24.2,De 2 à 5 000 entrées,,OUI,D,,FIXE,NON,C,98,80,0,52.3,22.0,24.9,0.8,52,45.6,55.9,48.008328,6.71485
2,439271,LES VARIETES,ILE-DE-FRANCE,72 RUE DE CHELLES,77479,Vaires-sur-Marne,13450,77,00851,Paris,10947378,03-Grande couronne,1,311,45,398,9225,9521,-3.1,De 5 à 10 000 entrées,,NON,NON,,FIXE,NON,B,108,93,1,74.1,6.8,18.4,0.7,43,41.5,34.5,48.874168,2.632366
7,439295,LE FLORIAN,PROVENCE-ALPES-COTE D'AZUR,ALLEE SAINT QUENIN,84137,Vaison-la-Romaine,6019,84,84204,Vaison-la-Romaine,7820,06-autres communes et unités urbaines,3,442,51,2967,72998,71028,2.8,De 50 à 80 000 entrées,,OUI,E,RDJPPR,FIXE,NON,C,414,319,267,59.1,22.7,14.5,3.8,274,62.6,44.9,44.244391,5.067667
7,439502,SOPHIA ANTIPOLIS,PROVENCE-ALPES-COTE D'AZUR,190 RUE FREDERIC MISTRAL,06152,Valbonne,13665,06,06701,Nice,966577,04-Unités urbaines de 100 000 hbts ou plus,1,230,33,79,6610,5613,17.8,De 5 à 10 000 entrées,,NON,NON,,FIXE,NON,B,43,17,0,52.0,20.2,26.7,1.0,31,71.9,87.0,43.619739,7.039277
7,439503,LES VISITEURS DU SOIR,PROVENCE-ALPES-COTE D'AZUR,QUARTIER DE LA VIGNASSE,06152,Valbonne,13665,06,06701,Nice,966577,04-Unités urbaines de 100 000 hbts ou plus,1,230,46,285,15944,18191,-12.4,De 10 à 20 000 entrées,,OUI,C,,FIXE,NON,B,190,141,0,51.8,16.9,18.9,12.4,174,94.1,92.3,43.641892,7.006394
6,439583,CINE PAX,BOURGOGNE / FRANCHE-COMTE,RUE DE LA GARE,25578,Valdahon,5841,25,25202,Valdahon,5841,06-autres communes et unités urbaines,1,241,52,364,17114,16247,5.3,De 10 à 20 000 entrées,,OUI,E,,FIXE,NON,I,161,128,0,66.2,20.3,12.2,1.4,76,41.0,37.9,47.148814,6.343241
3,439721,LES ARCADES,NORMANDIE,PLACE DES CHALANDS,27701,Val-de-Reuil,12988,27,27402,Louviers,40141,05-Unités urbaines de 20 000 à 100 000 hbts,2,242,51,1179,18209,17539,3.8,De 10 à 20 000 entrées,,OUI,D,JP,FIXE,NON,C,254,189,3,51.7,21.2,23.6,3.5,153,56.4,43.3,49.271387,1.212255
6,439745,Cinéma LE SPLENDID,AUVERGNE / RHONE-ALPES,RUE DE LA FACE,73304,Val-d'Isère,1636,73,00000,Zone rurale,14183345,06-autres communes et unités urbaines,1,156,37,382,7761,8235,-5.8,De 5 à 10 000 entrées,,NON,NON,,FIXE,NON,R,163,135,38,48.8,33.7,16.7,0.9,74,33.1,20.8,45.44673400000001,6.975815000000011
4,439901,APOLLO,OCCITANIE,RUE DES LIMOUSINS,82186,Valence,5381,82,82203,Valence,7932,06-autres communes et unités urbaines,1,148,50,507,11473,11399,0.6,De 10 à 20 000 entrées,,OUI,E,JP,FIXE,NON,C,236,192,0,47.7,30.1,20.3,1.9,123,44.9,36.5,44.107657,0.889685
6,439941,LE NAVIRE,AUVERGNE / RHONE-ALPES,9 BD D ALSACE,26362,Valence,65709,26,00652,Valence,135081,04-Unités urbaines de 100 000 hbts ou plus,5,739,53,7714,118268,114789,3.0,De 100 à 150 000 entrées,,OUI,B,RDJP,FIXE,NON,C,369,212,178,64.0,12.3,17.5,6.2,325,91.6,86.1,44.93274,4.89523
6,439942,LUX,AUVERGNE / RHONE-ALPES,36 BD DU GENERAL DE GAULLE,26362,Valence,65709,26,00652,Valence,135081,04-Unités urbaines de 100 000 hbts ou plus,2,377,47,1694,33462,30953,8.1,De 30 à 40 000 entrées,,OUI,B,RDJPPR,FIXE,NON,C,176,63,34,58.1,13.6,16.0,12.3,160,95.0,90.9,44.930191,4.893946
6,439990,PATHE VALENCE,AUVERGNE / RHONE-ALPES,53 AVENUE DE ROMANS,26362,Valence,65709,26,00652,Valence,135081,04-Unités urbaines de 100 000 hbts ou plus,12,2210,53,19632,501598,517809,-3.1,De 450 à 700 000 entrées,CINEMAS PATHE,NON,NON,,FIXE,OUI,C,400,241,186,40.3,42.9,14.6,2.2,124,14.2,7.4,44.933197,4.901186
5,440044,PATHE VALENCIENNES,HAUTS DE FRANCE,AV DES ALPES ET RUE DU DAUPHINE,59606,Valenciennes,43188,59,59701,Valenciennes (partie française),336069,04-Unités urbaines de 100 000 hbts ou plus,15,3559,53,24755,420097,470936,-10.8,De 300 à 450 000 entrées,CINEMAS PATHE,NON,NON,,FIXE,OUI,C,502,302,246,37.5,44.5,15.4,2.6,223,22.1,14.9,50.339838,3.514954
7,440286,SALLE HENRI VERNEUIL,PROVENCE-ALPES-COTE D'AZUR,LA COUPIANE,83144,La Valette-du-Var,24377,83,00757,Toulon,598427,04-Unités urbaines de 100 000 hbts ou plus,1,109,53,1092,21917,19543,12.1,De 20 à 30 000 entrées,,OUI,C,,FIXE,NON,B,249,189,1,64.6,19.2,14.8,1.5,153,43.6,40.9,43.131815,5.988887
3,440961,LE CEP,PAYS DE LA LOIRE,8 BD EVARISTE DEJOIE,44212,Vallet,9631,44,44223,Vallet,9631,06-autres communes et unités urbaines,1,282,52,624,26583,26440,0.5,De 20 à 30 000 entrées,,OUI,E,JPPR,FIXE,NON,I,273,208,4,57.0,27.2,12.8,3.0,156,45.5,34.4,47.162517,-1.264107
6,441063,LES GENTIANES,AUVERGNE / RHONE-ALPES,AVENUE DE LA VALLEE D'OR,73306,Valloire,1096,73,00000,Zone rurale,14183345,06-autres communes et unités urbaines,1,334,49,459,11798,10914,8.1,De 10 à 20 000 entrées,,OUI,E,JP,FIXE,NON,R,193,153,63,59.8,26.1,13.6,0.5,86,33.0,20.0,45.164163,6.429287
6,441172,CINEMA VALMEINIER 1800,AUVERGNE / RHONE-ALPES,ESPACE CULTUREL LES ISLETTES,73307,Valmeinier,572,73,00000,Zone rurale,14183345,06-autres communes et unités urbaines,2,274,28,531,6919,6954,-0.5,De 5 à 10 000 entrées,,NON,NON,,FIXE,NON,R,154,122,51,51.8,30.9,15.6,1.6,71,32.9,14.9,45.174957,6.493547
3,441261,TRIANON,NORMANDIE,4 RUE PALAIS DE JUSTICE,50615,Valognes,7064,50,50205,Valognes,8276,06-autres communes et unités urbaines,1,340,52,755,29827,25920,15.1,De 20 à 30 000 entrées,,OUI,E,JP,FIXE,NON,C,171,143,29,62.9,26.1,10.7,0.3,89,24.2,22.9,49.508042,-1.47082
7,441352,REX,PROVENCE-ALPES-COTE D'AZUR,PLACE CARDINAL MAURY,84138,Valréas,9616,84,84205,Valréas,9616,06-autres communes et unités urbaines,2,740,49,2254,34856,31369,11.1,De 30 à 40 000 entrées,,NON,NON,,FIXE,NON,I,176,153,52,53.3,33.0,13.1,0.6,74,19.3,16.4,44.384549,4.991924
6,441383,CINEMA LES QUINCONCES,AUVERGNE / RHONE-ALPES,AV CLAUDE EXPILLY,07331,Vals-les-Bains,3561,07,07402,Aubenas,43584,05-Unités urbaines de 20 000 à 100 000 hbts,2,218,47,539,8436,7955,6.0,De 5 à 10 000 entrées,,OUI,D,,FIXE,NON,B,140,122,2,70.2,12.5,15.6,1.7,70,47.5,45.8,44.655637,4.36656
3,441861,GARENNE,BRETAGNE,12 RUE ALEXANDRE LE PONTOIS,56260,Vannes,56018,56,56501,Vannes,83769,05-Unités urbaines de 20 000 à 100 000 hbts,5,565,53,6709,104273,111267,-6.3,De 100 à 150 000 entrées,CINEVILLE,OUI,D,RDJPPR,FIXE,NON,C,447,258,163,64.6,12.0,17.2,6.2,402,94.0,91.3,47.654885,-2.756096
3,441876,CINEVILLE PARC LANN,BRETAGNE,RUE ARISTIDE BOUCICAUT,56260,Vannes,56018,56,56501,Vannes,83769,05-Unités urbaines de 20 000 à 100 000 hbts,9,1979,53,14107,496181,478162,3.8,De 450 à 700 000 entrées,CINEVILLE,NON,NON,,FIXE,OUI,C,304,201,179,49.5,35.9,13.2,1.3,79,12.4,7.4,47.670076,-2.792332
6,441953,CENTRE DE LA CULTURE,AUVERGNE / RHONE-ALPES,ROUSSELET,07334,Les Vans,2710,07,07113,Les Vans,4992,06-autres communes et unités urbaines,1,316,29,418,8353,9771,-14.5,De 5 à 10 000 entrées,,NON,NON,,FIXE,NON,C,165,147,7,60.2,22.9,15.8,1.1,106,50.5,45.1,44.402406,4.132968
2,442002,LE VANVES,ILE-DE-FRANCE,12 RUE SADI CARNOT,92075,Vanves,28157,92,00851,Paris,10947378,02-Petite Couronne,1,192,47,558,16861,17707,-4.8,De 10 à 20 000 entrées,,OUI,C,,FIXE,NON,B,181,146,0,65.1,14.8,16.4,3.7,150,81.1,74.1,48.821779,2.287439
2,442370,CINEMA CONFLUENCES VARENNES,ILE-DE-FRANCE,PETIT FOSSARD,77482,Varennes-sur-Seine,3732,77,77404,Montereau-Fault-Yonne,31257,03-Grande couronne,9,1603,50,13470,245190,246007,-0.3,De 200 à 300 000 entrées,,NON,NON,,FIXE,OUI,B,322,231,194,39.8,43.6,14.2,2.4,133,19.1,10.1,48.367677,2.957289
7,442861,LE MELEZE,PROVENCE-ALPES-COTE D'AZUR,COURS G.ROHNER,05177,Vars,565,05,00000,Zone rurale,14183345,06-autres communes et unités urbaines,2,188,23,635,5210,5357,-2.7,De 5 à 10 000 entrées,,NON,NON,,FIXE,NON,R,60,44,10,53.2,32.8,13.4,0.6,14,15.1,5.5,44.569752,6.68318
2,443601,LE NORMANDY,ILE-DE-FRANCE,72 BOULEVARD DE LA REPUBLIQUE,92076,Vaucresson,8941,92,00851,Paris,10947378,02-Petite Couronne,2,303,49,1901,27484,36484,-24.7,De 20 à 30 000 entrées,,OUI,C,JPPR,FIXE,NON,B,211,163,43,69.0,15.5,14.1,1.4,149,63.3,60.0,48.837881,2.157499
6,444091,LE SCHUSS,AUVERGNE / RHONE-ALPES,AVENUE DU PERE TASSE,38567,Chamrousse,416,38,00000,Zone rurale,14183345,06-autres communes et unités urbaines,1,160,28,299,4012,3828,4.8,De 2 à 5 000 entrées,,NON,NON,,FIXE,NON,R,113,91,27,58.2,26.5,13.1,2.2,36,23.9,19.4,45.111573,5.875976
6,444143,LES AMPHIS,AUVERGNE / RHONE-ALPES,RUE PIERRE COT,69256,Vaulx-en-Velin,51990,69,00760,Lyon,1714833,04-Unités urbaines de 100 000 hbts ou plus,1,177,7,24,1913,,#VALEUR !,Moins de 2000 entrées,,NON,NON,,FIXE,NON,B,7,1,0,66.6,5.6,3.9,23.8,7,100.0,100.0,45.789822,4.917721
6,444144,PATHE CARRE DE SOIE,AUVERGNE / RHONE-ALPES,2 RUE JACQUARD,69256,Vaulx-en-Velin,51990,69,00760,Lyon,1714833,04-Unités urbaines de 100 000 hbts ou plus,15,3422,53,27378,782674,873950,-10.4,De 700 000 à 1 million d'entrées,CINEMAS PATHE,NON,NON,,FIXE,OUI,B,421,252,199,29.8,52.1,15.0,3.2,134,13.1,7.1,45.763741,4.920277
2,444330,L'ANTARES,ILE-DE-FRANCE,"1, PLACE DU COEUR BATTANT",95637,Vauréal,16207,95,00851,Paris,10947378,03-Grande couronne,2,217,50,2548,46117,39649,16.3,De 40 à 50 000 entrées,,NON,NON,,FIXE,NON,B,275,192,36,26.9,46.6,20.9,5.6,125,32.1,27.3,49.030119,2.021182
2,444791,LA GRANGE,ILE-DE-FRANCE,RUE AMBROISE PRO,77487,Vaux-le-Pénil,11254,77,00851,Paris,10947378,03-Grande couronne,1,268,50,752,16394,14853,10.4,De 10 à 20 000 entrées,,OUI,C,,FIXE,NON,B,213,174,4,66.5,15.5,9.9,8.1,122,44.2,48.7,48.527795,2.689584
4,445201,FOYER RURAL,OCCITANIE,RUE DES MAQUISARDS,46330,Vayrac,1329,46,00163,Vayrac,4463,06-autres communes et unités urbaines,1,200,53,452,11002,9325,18.0,De 10 à 20 000 entrées,,OUI,E,,FIXE,NON,C,281,221,1,71.4,14.0,9.6,5.0,192,63.3,50.1,44.954501,1.70171
7,446171,Casino,PROVENCE-ALPES-COTE D'AZUR,30 AV HENRI ISNARD,06157,Vence,19585,06,06701,Nice,966577,04-Unités urbaines de 100 000 hbts ou plus,2,281,52,1975,28628,25661,11.6,De 20 à 30 000 entrées,,OUI,C,,FIXE,NON,B,313,257,80,67.0,17.6,11.8,3.5,213,46.0,52.4,43.723214,7.110472
4,446204,OBAULABA PLEIN AIR,NOUVELLE AQUITAINE,46 AVENUE DE L'EUROPE,33540,Vendays-Montalivet,2583,33,00000,Zone rurale,14183345,06-autres communes et unités urbaines,1,,32,61,13748,11925,15.3,De 10 à 20 000 entrées,,NON,NON,,ITINERANT,NON,R,46,33,0,63.4,18.6,15.8,2.3,11,23.3,21.6,45.355735,-1.060588
8,446302,LE DIAPASON,GRAND EST,14 RUE JEAN HOLWEG,67506,Vendenheim,6080,67,67701,Strasbourg (partie française),489338,04-Unités urbaines de 100 000 hbts ou plus,1,121,37,126,7153,5684,25.8,De 5 à 10 000 entrées,,NON,NON,,FIXE,NON,B,45,27,0,60.5,13.1,21.6,4.7,23,51.4,44.1,48.666901,7.711243
3,446494,CINE VENDOME,CENTRE-VAL DE LOIRE,2 RUE DARREAU,41269,Vendôme,16307,41,41401,Vendôme,23236,05-Unités urbaines de 20 000 à 100 000 hbts,5,900,53,7349,126776,120594,5.1,De 100 à 150 000 entrées,,NON,NON,,FIXE,NON,C,362,259,137,53.0,32.2,12.9,1.9,190,21.6,13.8,47.802972,1.06936
6,446804,Cinéma Gérard Philipe,AUVERGNE / RHONE-ALPES,12  AVENUE JEAN CAGNE,69259,Vénissieux,67017,69,00760,Lyon,1714833,04-Unités urbaines de 100 000 hbts ou plus,3,473,53,4262,65362,62591,4.4,De 50 à 80 000 entrées,,OUI,C,JPPR,FIXE,NON,B,357,221,57,42.7,38.7,13.0,5.6,233,50.2,41.3,45.697279,4.8697
6,446901,LE SLALOM,AUVERGNE / RHONE-ALPES,ALPES DE VENOSC,38253,Les Deux Alpes,1979,38,00000,Zone rurale,14183345,06-autres communes et unités urbaines,2,280,39,818,12653,10423,21.4,De 10 à 20 000 entrées,,NON,NON,,FIXE,NON,R,184,162,46,52.4,32.3,14.2,1.1,75,25.0,13.9,44.995012,6.117879
4,447605,MJC VERDUN SUR GARONNE,OCCITANIE,15 RUE CLEMENCE ISAURE,82190,Verdun-sur-Garonne,4900,82,82109,Verdun-sur-Garonne,4900,06-autres communes et unités urbaines,1,98,49,494,6863,6088,12.7,De 5 à 10 000 entrées,,OUI,E,JP,FIXE,NON,I,322,245,0,51.1,27.8,17.8,3.4,185,51.2,45.9,43.851122,1.234903
9,447622,CAROUSSEL,GRAND EST,12 PLACE CHEVERT,55545,Verdun,17846,55,55401,Verdun,24182,05-Unités urbaines de 20 000 à 100 000 hbts,8,1161,53,10716,155830,163085,-4.4,De 150 à 200 000 entrées,,OUI,D,JP,FIXE,OUI,C,328,217,175,49.2,34.3,15.3,1.2,135,20.2,11.4,49.159325,5.38635
3,448762,CINEMA THEATRE TRIANON,NORMANDIE,RUE DU CANON,27679,Verneuil d'Avre et d'Iton,7717,27,27206,Verneuil d'Avre et d'Iton,7717,06-autres communes et unités urbaines,1,168,53,798,26176,23793,10.0,De 20 à 30 000 entrées,,OUI,E,JP,FIXE,NON,I,207,168,23,56.3,27.3,14.5,1.9,115,29.4,25.3,48.736789,0.930047
2,448802,ESPACE MAURICE BEJART,ILE-DE-FRANCE,3 BLVD ANDRE MALRAUX,78642,Verneuil-sur-Seine,16283,78,00851,Paris,10947378,03-Grande couronne,1,312,49,803,26326,23717,11.0,De 20 à 30 000 entrées,,NON,NON,,FIXE,NON,B,206,167,2,60.8,20.6,16.8,1.8,98,41.7,31.9,48.979213,1.97461
3,448981,THEATRE,NORMANDIE,1 PLACE DE PARIS,27681,Vernon,24678,27,27401,Vernon,32649,05-Unités urbaines de 20 000 à 100 000 hbts,4,836,53,4173,70139,56078,25.1,De 50 à 80 000 entrées,,OUI,D,,FIXE,NON,C,289,208,78,44.5,38.8,15.1,1.7,169,22.2,17.7,49.091924,1.487671
6,449133,CENTRE CULTUREL,AUVERGNE / RHONE-ALPES,SALLE LOUIS NODON,07129,Lamastre,2401,07,07102,Lamastre,2401,06-autres communes et unités urbaines,1,,52,551,17736,16545,7.2,De 10 à 20 000 entrées,,OUI,E,JPPR,ITINERANT,NON,I,226,165,1,67.9,16.1,12.0,4.0,173,76.4,55.5,44.996549,4.552256
2,449542,ESPACE BERNARD MANTIENNE,ILE-DE-FRANCE,VOIE DE L'AULNE,91645,Verrières-le-Buisson,14931,91,00851,Paris,10947378,03-Grande couronne,2,491,49,1593,29182,31855,-8.4,De 20 à 30 000 entrées,,OUI,C,JPPR,FIXE,NON,B,253,178,7,70.0,13.0,13.6,3.4,171,63.5,59.5,48.754993,2.269638
2,449661,UGC CYRANO,ILE-DE-FRANCE,7 RUE RAMEAU,78646,Versailles,85474,78,00851,Paris,10947378,03-Grande couronne,8,1590,53,11041,187567,196493,-4.5,De 150 à 200 000 entrées,UGC,NON,NON,,FIXE,OUI,B,316,196,156,54.1,26.4,17.9,1.7,164,33.1,29.0,48.807883,2.130901
2,449702,UGC ROXANE,ILE-DE-FRANCE,6 RUE ST SIMON,78646,Versailles,85474,78,00851,Paris,10947378,03-Grande couronne,4,769,49,5187,66459,71167,-6.6,De 50 à 80 000 entrées,UGC,OUI,C,PR,FIXE,NON,B,283,177,126,61.4,9.0,17.5,12.1,262,98.5,98.2,48.803954,2.133847
3,450171,CINE VAILLANT,PAYS DE LA LOIRE,RUE DU GENERAL DE GAULLE,44215,Vertou,26449,44,44701,Nantes,683510,04-Unités urbaines de 100 000 hbts ou plus,1,182,48,586,27441,26495,3.6,De 20 à 30 000 entrées,,OUI,C,JP,FIXE,NON,B,239,188,1,66.3,13.0,18.1,2.7,164,64.7,62.9,47.167104,-1.467908
3,450271,PICCOLI PICCOLO,HAUTS DE FRANCE,PLACE PAPILLON,02789,Vervins,2695,02,02117,Vervins,3776,06-autres communes et unités urbaines,1,149,45,263,10469,9870,6.1,De 10 à 20 000 entrées,,OUI,E,,FIXE,NON,C,171,136,1,61.7,22.1,15.2,1.1,78,41.3,37.2,49.833134,3.902529
2,450503,CINEMA JEAN MARAIS,ILE-DE-FRANCE,59 BD CARNOT,78650,Le Vésinet,16108,78,00851,Paris,10947378,03-Grande couronne,1,199,48,680,25135,24758,1.5,De 20 à 30 000 entrées,,OUI,C,,FIXE,NON,B,172,128,4,58.1,14.8,20.4,6.6,125,69.5,71.2,48.893988,2.134326
9,450575,CLUB 6,BOURGOGNE / FRANCHE-COMTE,ESPACE VILLON,70550,Vesoul,15626,70,70401,Vesoul,29433,05-Unités urbaines de 20 000 à 100 000 hbts,1,370,27,95,5942,6034,-1.5,De 5 à 10 000 entrées,,NON,NON,,FIXE,NON,C,41,21,0,28.5,20.5,11.2,39.8,22,72.5,78.0,47.636582,6.166288
3,450742,CINEMA LE REX ANAIS AUBERT,NORMANDIE,PLACE DES ECOSSAIS,76735,Veules-les-Roses,536,76,00000,Zone rurale,14183345,06-autres communes et unités urbaines,1,97,53,1099,15549,15374,1.1,De 10 à 20 000 entrées,,OUI,E,RDJPPR,FIXE,NON,R,239,148,16,68.8,12.9,15.1,3.2,194,75.8,69.8,49.873882,0.796808
7,450871,LES VARIETES,PROVENCE-ALPES-COTE D'AZUR,AVENUE DES MARTYRS,05179,Veynes,3378,05,05105,Veynes,3567,06-autres communes et unités urbaines,1,276,52,337,6097,6221,-2.0,De 5 à 10 000 entrées,,OUI,E,,FIXE,NON,C,231,185,2,63.1,16.8,16.0,4.1,133,52.8,55.4,44.532911,5.816268
4,451594,CINEVIC,OCCITANIE,PLACE DU CORPS FRANC POMMIES,65460,Vic-en-Bigorre,5101,65,65201,Vic-en-Bigorre,5501,06-autres communes et unités urbaines,1,110,51,560,8487,7434,14.2,De 5 à 10 000 entrées,,OUI,E,,FIXE,NON,I,219,167,0,51.4,21.4,19.9,7.3,114,45.9,54.1,43.387059,0.055241
4,451631,CINE VIC,OCCITANIE,6 PLACE JULIE ST AVIT,32462,Vic-Fezensac,3640,32,32104,Vic-Fezensac,4087,06-autres communes et unités urbaines,1,112,52,362,9305,8497,9.5,De 5 à 10 000 entrées,,OUI,E,JP,FIXE,NON,C,239,209,23,55.9,24.3,16.1,3.7,136,49.3,36.6,43.757919,0.302664
6,452571,AMPHI,AUVERGNE / RHONE-ALPES,8/10 RUE ROCHEBRUN,38544,Vienne,30401,38,00559,Vienne,98266,05-Unités urbaines de 20 000 à 100 000 hbts,8,1437,53,11030,279364,303391,-7.9,De 200 à 300 000 entrées,,OUI,D,,FIXE,OUI,C,334,227,148,48.2,35.7,14.1,1.9,167,24.7,17.5,45.520383,4.86896
4,452961,ALBRET,NOUVELLE AQUITAINE,Z A C DES TAMARIS,40328,Vieux-Boucau-les-Bains,1670,40,00000,Zone rurale,14183345,06-autres communes et unités urbaines,1,436,38,271,7712,7907,-2.5,De 5 à 10 000 entrées,,NON,NON,,FIXE,NON,R,136,96,11,48.9,37.1,11.2,2.9,78,39.3,20.1,43.78629,-1.402582
7,453462, LE PALACE,OCCITANIE,3 RUE SOUS LE QUAI,30350,Le Vigan,3824,30,30208,Le Vigan,7139,06-autres communes et unités urbaines,1,158,53,1135,24459,22678,7.9,De 20 à 30 000 entrées,,OUI,E,JP,FIXE,NON,C,290,222,24,55.2,25.2,12.3,7.3,166,36.8,40.4,43.991372,3.607058
3,454032,CINE'FIL,PAYS DE LA LOIRE,PLACE SAINT JEAN,49373,Lys-Haut-Layon,7917,49,49208,Lys-Haut-Layon,7917,06-autres communes et unités urbaines,1,204,49,389,18475,15042,22.8,De 10 à 20 000 entrées,,OUI,E,JP,FIXE,NON,I,174,127,1,69.6,20.3,8.0,2.1,98,39.2,20.6,47.14704,-0.536932
6,454504,ESPACE ARAGON,AUVERGNE / RHONE-ALPES,19 BIS BD JULES FERRY,38547,Villard-Bonnot,7431,38,38701,Grenoble,461802,04-Unités urbaines de 100 000 hbts ou plus,2,528,50,1926,94307,90061,4.7,De 80 à 100 000 entrées,,OUI,C,JP,FIXE,NON,B,294,199,45,59.4,22.6,13.1,4.9,197,47.6,39.3,45.238286,5.888231
6,454531,REX I,AUVERGNE / RHONE-ALPES,127 RUE LYCEE POLONAIS,38548,Villard-de-Lans,4492,38,38123,Villard-de-Lans,4492,06-autres communes et unités urbaines,2,419,53,1446,21784,19546,11.4,De 20 à 30 000 entrées,,OUI,E,,FIXE,NON,I,238,211,62,60.5,29.1,9.9,0.4,133,31.5,16.2,45.070607,5.549868
6,454671,LA TRACE,AUVERGNE / RHONE-ALPES,430 ROUTE DE LA VEILLAZ DEVANT,74301,Villard,962,74,00000,Zone rurale,14183345,06-autres communes et unités urbaines,1,136,53,1135,33873,34308,-1.3,De 30 à 40 000 entrées,,OUI,E,JPPR,FIXE,NON,R,236,178,4,67.8,17.8,12.0,2.4,157,64.8,46.3,46.216827,6.440326
6,454712,ARIANE,AUVERGNE / RHONE-ALPES,IMMEUBLE CERES,73318,Villarembert,259,73,00000,Zone rurale,14183345,06-autres communes et unités urbaines,1,204,29,294,4727,4124,14.6,De 2 à 5 000 entrées,,NON,NON,,FIXE,NON,R,110,91,39,53.0,33.3,12.1,1.6,38,25.9,11.1,45.244201,6.263395
6,455071,CINEMA JEAN PERRIN,AUVERGNE / RHONE-ALPES,RUE DE BUGEY,01443,Villars-les-Dombes,5040,01,01128,Villars-les-Dombes,5040,06-autres communes et unités urbaines,1,137,51,698,11729,9789,19.8,De 10 à 20 000 entrées,,OUI,E,,FIXE,NON,I,181,153,4,60.3,25.6,13.8,0.3,77,23.5,17.7,45.999263,5.031235
2,455770,LE COLOMBIER,ILE-DE-FRANCE,PLACE CHARLES DE GAULLE,92077,Ville-d'Avray,11170,92,00851,Paris,10947378,02-Petite Couronne,1,279,47,350,8082,6494,24.5,De 5 à 10 000 entrées,,OUI,C,,FIXE,NON,B,207,179,0,57.5,19.2,20.2,3.1,130,61.2,59.0,48.824654,2.18397
3,455951,LE REX,NORMANDIE,PLACE DU PRESBYTERE,50639,Villedieu-les-Poêles-Rouffigny,3913,50,50201,Villedieu-les-Poêles-Rouffigny,5797,06-autres communes et unités urbaines,1,240,53,713,21997,21673,1.5,De 20 à 30 000 entrées,,OUI,E,RDJPPR,FIXE,NON,C,241,164,3,68.0,17.2,12.1,2.7,169,59.1,37.1,48.837867,-1.221993
6,456251,FELLINI,AUVERGNE / RHONE-ALPES,RUE SERGE MAUROIT,38553,Villefontaine,19131,38,38404,Villefontaine,38593,05-Unités urbaines de 20 000 à 100 000 hbts,4,584,53,4129,65033,64415,1.0,De 50 à 80 000 entrées,,OUI,D,RDJPPR,FIXE,NON,C,463,307,80,46.4,37.4,12.0,4.2,316,40.9,33.3,45.612006,5.156182
7,456305,LA CITADELLE PLEIN AIR.,PROVENCE-ALPES-COTE D'AZUR,LA CITADELLE PLEIN AIR,06159,Villefranche-sur-Mer,5037,06,06701,Nice,966577,04-Unités urbaines de 100 000 hbts ou plus,1,,48,148,9282,8060,15.2,De 5 à 10 000 entrées,,NON,NON,,ITINERANT,NON,B,89,82,11,56.4,33.6,9.9,0.1,27,19.6,5.4,43.701093,7.311425
4,456362,CINE BOR,OCCITANIE,RUE BOR,31582,Villefranche-de-Lauragais,4916,31,31201,Villefranche-de-Lauragais,5472,06-autres communes et unités urbaines,1,162,47,774,12267,13544,-9.4,De 10 à 20 000 entrées,,OUI,E,JPPR,FIXE,NON,C,377,308,0,60.3,20.2,14.9,4.6,248,61.9,51.0,43.398281,1.715623
4,456402,VOX,OCCITANIE,BD DE GAULLE,12300,Villefranche-de-Rouergue,12195,12,12301,Villefranche-de-Rouergue,12963,06-autres communes et unités urbaines,2,305,51,2171,46333,41558,11.5,De 40 à 50 000 entrées,,OUI,E,JPPR,FIXE,NON,C,157,104,49,51.9,33.8,12.1,2.2,91,28.0,20.2,44.351282,2.034728
6,456493,LES 400 COUPS SALLE,AUVERGNE / RHONE-ALPES,60 RUE DE LA BARMONDIERE,69264,Villefranche-sur-Saône,36419,69,00760,Lyon,1714833,04-Unités urbaines de 100 000 hbts ou plus,3,392,51,2945,67559,63707,6.0,De 50 à 80 000 entrées,,OUI,C,RDJPPR,FIXE,NON,B,274,152,64,75.4,6.8,12.4,5.4,253,98.0,96.5,45.989404,4.716509
2,456762,CINEMA D ART ROMAIN ROLLAND,ILE-DE-FRANCE,18 RUE EUGENE VARLIN,94076,Villejuif,56585,94,00851,Paris,10947378,02-Petite Couronne,1,616,47,296,18035,20477,-11.9,De 10 à 20 000 entrées,,NON,NON,,FIXE,NON,B,134,114,2,62.1,21.5,12.8,3.6,93,66.7,61.1,48.793428,2.363199
4,457411,MEGA CGR,NOUVELLE AQUITAINE,AVENUE DU 7EME ART,33550,Villenave-d'Ornon,38696,33,33701,Bordeaux,1008323,04-Unités urbaines de 100 000 hbts ou plus,15,3167,53,29632,614316,633570,-3.0,De 450 à 700 000 entrées,CGR,NON,NON,,FIXE,OUI,B,341,238,231,34.9,46.8,16.1,2.2,85,14.2,5.4,44.788343,-0.532977
5,457562,LE KINO CINE,HAUTS DE FRANCE,UNIVERSITE CHARLES DE GAULLE,59009,Villeneuve-d'Ascq,61902,59,59702,Lille (partie française),1062844,04-Unités urbaines de 100 000 hbts ou plus,1,316,49,502,10568,8058,31.1,De 10 à 20 000 entrées,,OUI,C,JPPR,FIXE,NON,B,134,60,2,45.8,16.7,22.7,14.7,117,88.7,85.6,50.608989,3.134086
5,457563,LE MELIES,HAUTS DE FRANCE,RUE TRUDAINE,59009,Villeneuve-d'Ascq,61902,59,59702,Lille (partie française),1062844,04-Unités urbaines de 100 000 hbts ou plus,1,167,48,1274,52762,53930,-2.2,De 50 à 80 000 entrées,,OUI,C,RDJPPR,FIXE,NON,B,346,194,8,55.3,14.3,19.9,10.5,295,89.0,85.1,50.616176,3.139061
5,457576,UGC Ciné Cité,HAUTS DE FRANCE,21 AVENUE DE L'AVENIR,59009,Villeneuve-d'Ascq,61902,59,59702,Lille (partie française),1062844,04-Unités urbaines de 100 000 hbts ou plus,12,2835,53,19217,647159,642186,0.8,De 450 à 700 000 entrées,UGC,NON,NON,,FIXE,OUI,B,414,193,163,39.0,44.0,15.4,1.6,173,14.9,10.6,50.615793,3.126269
2,457861,ANDRE MALRAUX,ILE-DE-FRANCE,28 AVENUE DE VERDUN,92078,Villeneuve-la-Garenne,24670,92,00851,Paris,10947378,02-Petite Couronne,1,212,39,169,6577,5524,19.1,De 5 à 10 000 entrées,,NON,NON,,FIXE,NON,B,91,47,1,59.8,14.7,16.6,8.9,59,68.5,81.1,48.935662,2.333275
2,457983,ESPACE CULTUREL,ILE-DE-FRANCE,56BIS AVENUE CARNOT,94077,Villeneuve-le-Roi,21493,94,00851,Paris,10947378,02-Petite Couronne,1,448,11,15,1511,1830,-17.4,Moins de 2000 entrées,,NON,NON,,FIXE,NON,B,13,10,0,21.2,70.4,8.4,0.0,4,26.7,8.4,48.735355,2.416829
4,458401,CYRANO,NOUVELLE AQUITAINE,9 BD DE LA MARINE,47323,Villeneuve-sur-Lot,22385,47,47401,Villeneuve-sur-Lot,49674,05-Unités urbaines de 20 000 à 100 000 hbts,6,676,53,7699,82297,80990,1.6,De 80 à 100 000 entrées,GRAND ECRAN,NON,NON,,FIXE,NON,C,254,181,106,45.7,40.2,12.9,1.2,83,15.1,6.3,44.408808,0.704017
3,459221,CLUB 80,HAUTS DE FRANCE,12 PLACE ARISTIDE BRIAND,02810,Villers-Cotterêts,10803,02,02301,Villers-Cotterêts,10803,06-autres communes et unités urbaines,2,217,53,2444,24976,25316,-1.3,De 20 à 30 000 entrées,,OUI,E,JP,FIXE,NON,I,377,288,99,48.4,33.6,15.3,2.7,230,39.2,27.9,49.254713,3.092158
3,460033,CINEMA DU Casino,NORMANDIE,PLACE FANNEAU,14754,Villers-sur-Mer,2559,14,14402,Dives-sur-Mer,36529,05-Unités urbaines de 20 000 à 100 000 hbts,1,188,49,729,13018,12414,4.9,De 10 à 20 000 entrées,,NON,NON,,FIXE,NON,B,151,131,2,73.6,20.7,4.7,1.0,58,23.8,14.0,49.324649,-0.001154
9,460136,L'ARCHE,GRAND EST,ESPLANADE NINO ROTA,54580,Villerupt,10206,54,00452,Esch-sur-Alzette (LUX)-Villerupt (partie française),21670,05-Unités urbaines de 20 000 à 100 000 hbts,1,147,45,692,12321,4609,167.3,De 10 à 20 000 entrées,,NON,NON,,FIXE,NON,C,125,94,2,68.1,17.8,13.1,0.9,64,34.3,56.0,49.475248,5.932394
6,460784,ZOLA,AUVERGNE / RHONE-ALPES,117 COURS EMILE ZOLA,69266,Villeurbanne,155858,69,00760,Lyon,1714833,04-Unités urbaines de 100 000 hbts ou plus,1,240,53,1372,61554,63308,-2.8,De 50 à 80 000 entrées,,OUI,C,RDJPPR,FIXE,NON,B,334,194,15,53.1,17.1,20.8,8.9,274,84.1,82.9,45.770555,4.874404
2,461663,LE Casino,ILE-DE-FRANCE,13 RUE GUILLAUME BUDE,94079,Villiers-sur-Marne,29820,94,00851,Paris,10947378,02-Petite Couronne,1,220,47,1058,20649,18920,9.1,De 20 à 30 000 entrées,,OUI,C,JP,FIXE,NON,B,262,211,2,63.7,18.0,14.1,4.2,165,58.2,59.2,48.826124,2.542402
2,462304,CINEMA SORANO,ILE-DE-FRANCE,1 RUE CHARLES PATHE,94080,Vincennes,50168,94,00851,Paris,10947378,02-Petite Couronne,1,204,11,18,1098,1132,-3.0,Moins de 2000 entrées,,NON,NON,,FIXE,NON,B,10,0,0,43.5,28.9,8.7,19.0,10,100.0,100.0,48.849453,2.437319
2,462321,LE VINCENNES,ILE-DE-FRANCE,30 AV DE PARIS,94080,Vincennes,50168,94,00851,Paris,10947378,02-Petite Couronne,4,481,53,6771,174082,161102,8.1,De 150 à 200 000 entrées,,OUI,C,JPPR,FIXE,NON,B,309,121,94,54.2,26.9,15.0,3.9,256,61.4,55.3,48.845095,2.434268
7,462644,LE MOULIN DE SAINT ANDRE,PROVENCE-ALPES-COTE D'AZUR,ROUTE DE MANOSQUE,83150,Vinon-sur-Verdon,4381,83,83119,Vinon-sur-Verdon,4381,06-autres communes et unités urbaines,1,160,52,660,5970,5126,16.5,De 5 à 10 000 entrées,,OUI,E,,FIXE,NON,I,283,246,4,52.8,24.5,20.9,1.9,168,51.5,35.4,43.733221,5.808646
3,462953,LE BASSELIN,NORMANDIE,PLACE CASTEL,14762,Vire Normandie,17784,14,14301,Vire Normandie,17784,06-autres communes et unités urbaines,2,345,52,2177,57433,57754,-0.6,De 50 à 80 000 entrées,,OUI,E,RDJPPR,FIXE,NON,C,320,206,40,50.3,34.2,12.0,3.6,215,42.8,26.2,48.838655,-0.892968
2,463353,CALYPSO A,ILE-DE-FRANCE,38 RUE VICTOR BASCH,91687,Viry-Châtillon,31297,91,00851,Paris,10947378,03-Grande couronne,3,551,53,3268,78562,77405,1.5,De 50 à 80 000 entrées,,OUI,C,JPPR,FIXE,NON,B,365,241,41,45.7,36.3,14.6,3.4,253,42.3,30.1,48.681815,2.379391
7,463372,SALLE DES FETESF.MISTRAL,PROVENCE-ALPES-COTE D'AZUR,Salle des Fêtes,84150,Visan,1962,84,00000,Zone rurale,14183345,06-autres communes et unités urbaines,1,,47,309,8118,7619,6.5,De 5 à 10 000 entrées,,OUI,E,JP,ITINERANT,NON,R,131,98,2,63.2,19.1,16.3,1.4,81,57.2,55.1,44.312781,4.951099
3,463650,AURORE CINEMA,BRETAGNE,199 BOULEVARD DE LAVAL LA GRANDE HAIE,35360,Vitré,19171,35,35303,Vitré,19171,06-autres communes et unités urbaines,6,958,53,9252,178088,109865,62.1,De 150 à 200 000 entrées,CINEWEST,NON,NON,,FIXE,NON,I,333,219,124,52.9,33.5,12.0,1.6,144,20.3,10.3,48.120357,-1.169751
7,463723,LES LUMIERES,PROVENCE-ALPES-COTE D'AZUR,ARCADES DES CITEAUX,13117,Vitrolles,34814,13,00759,Marseille-Aix-en-Provence,1635844,04-Unités urbaines de 100 000 hbts ou plus,3,364,51,2354,30137,25024,20.4,De 30 à 40 000 entrées,,OUI,C,JPPR,FIXE,NON,B,415,258,9,54.3,17.5,18.9,9.3,294,69.5,71.4,43.447301,5.250042
3,463842,PIERRE BRASSEUR,GRAND EST,18 GRANDE RUE DE VAUX,51649,Vitry-le-François,11678,51,51301,Vitry-le-François,14370,06-autres communes et unités urbaines,3,465,53,3109,41782,41107,1.6,De 40 à 50 000 entrées,,NON,NON,,FIXE,NON,C,177,143,77,47.5,38.9,12.8,0.7,55,11.7,9.3,48.727309,4.586264
2,463931,3 CINES ROBESPIERRE,ILE-DE-FRANCE,19 AVENUE MAXIMILIEN ROBESPIERRE,94081,Vitry-sur-Seine,96138,94,00851,Paris,10947378,02-Petite Couronne,3,509,53,4627,68535,57770,18.6,De 50 à 80 000 entrées,,OUI,C,RDJPPR,FIXE,NON,B,416,252,51,44.8,34.9,15.3,5.0,274,52.6,42.1,48.790948,2.388152
9,464001,ALHAMBRA,GRAND EST,223 RUE DE METZ,88516,Vittel,4943,88,88201,Vittel,4943,06-autres communes et unités urbaines,1,313,53,511,16344,16644,-1.8,De 10 à 20 000 entrées,,NON,NON,,FIXE,NON,I,128,101,9,67.7,20.7,10.8,0.8,45,24.2,14.8,48.201738,5.943243
6,464453,LE JEU DE PAUME,AUVERGNE / RHONE-ALPES,SQUARE DE LA REVOLUTION,38562,Vizille,7474,38,38401,Vizille,20885,05-Unités urbaines de 20 000 à 100 000 hbts,2,420,53,2271,68028,56574,20.2,De 50 à 80 000 entrées,,OUI,D,JP,FIXE,NON,C,282,197,34,61.2,22.3,13.4,3.0,181,43.2,34.4,45.07319,5.771446
6,464692,PASSRL LES ECRANS,AUVERGNE / RHONE-ALPES,RUE GEORGES CLEMENCEAU,38563,Voiron,20853,38,38502,Voiron,64243,05-Unités urbaines de 20 000 à 100 000 hbts,3,389,48,2500,44249,38239,15.7,De 40 à 50 000 entrées,,OUI,C,,FIXE,NON,B,118,81,43,67.1,8.0,22.9,1.9,86,74.5,70.3,45.365575,5.589119
6,464706,PASS R L,AUVERGNE / RHONE-ALPES,RUE DES FABRIQUES,38563,Voiron,20853,38,38502,Voiron,64243,05-Unités urbaines de 20 000 à 100 000 hbts,6,1076,53,8782,235031,226146,3.9,De 200 à 300 000 entrées,,NON,NON,,FIXE,NON,B,205,143,122,43.3,41.5,13.5,1.7,65,10.8,8.4,45.364057,5.593001
6,465193,LE CAP,AUVERGNE / RHONE-ALPES,PLACE ARMAND PUGNOT,38565,Voreppe,9888,38,38701,Grenoble,461802,04-Unités urbaines de 100 000 hbts ou plus,2,218,50,1634,27914,25273,10.4,De 20 à 30 000 entrées,,OUI,C,JP,FIXE,NON,B,295,229,4,62.5,22.2,9.0,6.3,171,54.3,45.1,45.296452,5.636354
4,465651,SALLE DU COLLEGE,NOUVELLE AQUITAINE,VOUNEUIL  VIENNE SLE DU COLLEGE,86298,Vouneuil-sur-Vienne,2329,86,00000,Zone rurale,14183345,06-autres communes et unités urbaines,1,,53,894,45427,39895,13.9,De 40 à 50 000 entrées,,OUI,E,JPPR,ITINERANT,NON,R,141,64,0,76.9,16.0,5.2,2.0,71,31.2,34.8,46.716996,0.536753
3,465872,LES TOURELLES,GRAND EST,31 RUE GAMBETTA,08490,Vouziers,4305,08,08106,Vouziers,4305,06-autres communes et unités urbaines,2,353,53,1667,25158,24990,0.7,De 20 à 30 000 entrées,,OUI,E,,FIXE,NON,I,190,150,28,54.6,31.5,12.1,1.8,76,21.7,15.4,49.395324,4.700053
3,465920,Salle des Fêtes,HAUTS DE FRANCE,Salle des Fêtes,02517,Montigny-sur-Crécy,300,02,00000,Zone rurale,14183345,06-autres communes et unités urbaines,1,,38,100,2956,2909,1.6,De 2 à 5 000 entrées,,NON,NON,,ITINERANT,NON,R,51,33,1,56.9,23.1,15.4,4.6,22,44.9,55.5,49.714863,3.584145
3,466201,L'ESPACE LA GARENNE,PAYS DE LA LOIRE,VRITZ SALLE POLYVALENTE,44098,Missillac,5502,44,44204,Missillac,5502,06-autres communes et unités urbaines,1,,40,156,8206,7382,11.2,De 5 à 10 000 entrées,,NON,NON,,ITINERANT,NON,I,85,47,0,71.4,18.0,8.4,2.3,29,31.5,30.0,47.476235,-2.158292
5,467301,SALLE Gérard Philipe,HAUTS DE FRANCE,22 RUE LOUIS LEJEUNE,59646,Wasquehal,21190,59,59702,Lille (partie française),1062844,04-Unités urbaines de 100 000 hbts ou plus,1,96,53,575,17275,17055,1.3,De 10 à 20 000 entrées,,NON,NON,,FIXE,NON,B,196,159,1,63.2,15.4,16.7,4.7,104,47.5,37.3,50.68623,3.14461
8,468243, M.J.C.,GRAND EST,ROUTE DE ZITTERSHEIM,67538,Wingen-sur-Moder,1605,67,00000,Zone rurale,14183345,06-autres communes et unités urbaines,1,,48,741,23728,23103,2.7,De 20 à 30 000 entrées,,OUI,E,JPPR,ITINERANT,NON,R,205,121,3,48.1,27.5,19.2,5.1,116,53.0,49.5,48.918237,7.370931
8,468473,LA NEF - RELAIS CULTUREL DE WISSEMBOURG,GRAND EST,"6, RUE DES ECOLES",67544,Wissembourg,7709,67,67209,Wissembourg (partie française),7709,06-autres communes et unités urbaines,1,411,30,94,6158,5645,9.1,De 5 à 10 000 entrées,,NON,NON,,FIXE,NON,I,73,40,0,36.3,19.2,43.8,0.6,40,56.0,45.9,49.036084,7.946947
8,468533,Gérard Philipe,GRAND EST,10 B RUE DE LA 1ERE ARMEE,68376,Wittenheim,15166,68,68701,Mulhouse,249916,04-Unités urbaines de 100 000 hbts ou plus,1,240,53,944,14631,10364,41.2,De 10 à 20 000 entrées,,NON,NON,,FIXE,NON,B,244,187,9,40.0,26.5,28.8,4.6,135,40.8,36.4,47.822671,7.337178
8,468741,SALLE MICHEL BONNET,GRAND EST,SALLE MICHEL BONNET,57751,Woippy,14649,57,57701,Metz,294959,04-Unités urbaines de 100 000 hbts ou plus,1,,52,492,26320,21668,21.5,De 20 à 30 000 entrées,,OUI,C,JP,ITINERANT,NON,B,165,105,5,54.2,24.8,20.1,0.9,78,35.4,42.1,49.150597,6.146816
6,469181,CINEVOX,AUVERGNE / RHONE-ALPES,RUE DU 11 NOVEMBRE,15265,Ydes,1657,15,15102,Ydes,2719,06-autres communes et unités urbaines,1,182,47,90,2812,2201,27.8,De 2 à 5 000 entrées,,NON,NON,,FIXE,NON,C,53,37,0,54.3,13.1,21.2,11.5,17,29.1,55.4,45.348209,2.438915
2,469245,CINEMA PARADISO,ILE-DE-FRANCE,2 RUE MARC SANGNIER,91691,Yerres,29325,91,00851,Paris,10947378,03-Grande couronne,1,214,51,1029,42780,30378,40.8,De 40 à 50 000 entrées,,OUI,C,,FIXE,NON,B,209,134,1,60.9,16.6,18.5,4.0,109,44.6,41.0,48.714932,2.489765
6,469500,CINEMA GRENETTE,AUVERGNE / RHONE-ALPES,PLACE DE LA VICTOIRE,43268,Yssingeaux,7743,43,43201,Yssingeaux,7743,06-autres communes et unités urbaines,2,252,53,1672,40969,39239,4.4,De 40 à 50 000 entrées,,OUI,E,JP,FIXE,NON,I,262,206,20,59.0,28.2,11.2,1.6,137,34.3,18.1,45.143821,4.124759
3,469602,CINEMA LES ARCHES LUMIERE,NORMANDIE,4 AV DU MARECHAL LECLERC,76758,Yvetot,11485,76,76301,Yvetot,15158,06-autres communes et unités urbaines,7,690,53,10016,215560,212255,1.6,De 200 à 300 000 entrées,,OUI,E,RDJPPR,FIXE,NON,C,422,284,185,48.4,36.9,13.7,0.9,235,25.9,10.7,49.618891,0.753617
7,470161,A RUSCANA PLEIN AIR,CORSE,ROUTE DE PINARELLO,2A362,Zonza,2790,2A,00000,Zone rurale,14183345,06-autres communes et unités urbaines,1,250,11,55,2651,2219,19.5,De 2 à 5 000 entrées,,NON,NON,,FIXE,NON,R,14,13,1,54.0,46.0,0.0,0.0,1,1.8,0.4,41.687469,9.365073
2,575001,MEGARAMA,ILE-DE-FRANCE,44 AVENUE DE LA LONGUE BERTRANE,92078,Villeneuve-la-Garenne,24670,92,00851,Paris,10947378,02-Petite Couronne,18,3728,53,28927,349881,396320,-11.7,De 300 à 450 000 entrées,MEGARAMA,NON,NON,,FIXE,OUI,B,353,246,242,25.8,51.4,13.5,9.3,80,15.5,7.8,48.930677,2.320895
3,576000,PATHE ATLANTIS,PAYS DE LA LOIRE,8 ALLEE LA PEROUSE,44162,Saint-Herblain,49801,44,44701,Nantes,683510,04-Unités urbaines de 100 000 hbts ou plus,14,2897,53,22597,455725,531719,-14.3,De 450 à 700 000 entrées,CINEMAS PATHE,NON,NON,,FIXE,OUI,B,408,247,192,34.6,46.1,15.3,3.9,135,11.7,6.5,47.222987,-1.628379
6,700000,MEGA CGR,AUVERGNE / RHONE-ALPES,RUE DE L'INDUSTRIE - ZI NORD,69027,Brignais,12572,69,00760,Lyon,1714833,04-Unités urbaines de 100 000 hbts ou plus,15,3155,53,29229,651626,698591,-6.7,De 450 à 700 000 entrées,CGR,NON,NON,,FIXE,OUI,B,386,265,254,39.9,43.8,14.2,2.1,104,15.0,6.3,45.683172,4.766021
6,700250,CINEMA LA PASSERELLE,AUVERGNE / RHONE-ALPES,CHEMIN DE LA PASSERELLE,01427,Trévoux,7108,01,00760,Lyon,1714833,04-Unités urbaines de 100 000 hbts ou plus,1,110,49,805,22379,18714,19.6,De 20 à 30 000 entrées,,OUI,C,JP,FIXE,NON,B,207,135,2,68.7,14.8,15.1,1.4,133,56.4,50.8,45.94045500000001,4.77174500000001
6,702200,CINE 7,AUVERGNE / RHONE-ALPES,Le village,07201,Ruoms,2303,07,07114,Ruoms,5022,06-autres communes et unités urbaines,2,299,53,1696,31487,30184,4.3,De 30 à 40 000 entrées,,OUI,E,,FIXE,NON,C,229,197,59,56.9,30.3,12.1,0.8,119,25.4,14.6,44.45106,4.346553
6,702550,LOUIS NODON,AUVERGNE / RHONE-ALPES,RUE FERDINAND BUISSON,07338,Vernoux-en-Vivarais,2003,07,00000,Zone rurale,14183345,06-autres communes et unités urbaines,1,195,52,495,14526,13855,4.8,De 10 à 20 000 entrées,,OUI,E,JPPR,FIXE,NON,R,208,163,1,61.1,19.6,13.6,5.7,165,77.3,63.7,44.89487,4.642625
7,703300,RELAIS CULTUREL,PROVENCE-ALPES-COTE D'AZUR,AVENUE VAN GOGH,13096,Saintes-Maries-de-la-Mer,2145,13,13101,Saintes-Maries-de-la-Mer,2145,06-autres communes et unités urbaines,1,380,49,163,5022,3845,30.6,De 5 à 10 000 entrées,,NON,NON,,FIXE,NON,I,78,71,0,61.7,26.5,10.8,1.0,24,30.0,16.0,43.450397,4.427827
4,703700,LE PALMYR,NOUVELLE AQUITAINE,AVENUE PIERRE SIBARD,17225,Les Mathes,2210,17,00000,Zone rurale,14183345,06-autres communes et unités urbaines,1,200,53,213,3619,3042,19.0,De 2 à 5 000 entrées,,NON,NON,,FIXE,NON,R,163,145,0,75.6,14.6,8.7,1.1,85,47.6,28.5,45.714055,-1.142718
7,704450,CENTRE CULTUREL,CORSE,ESPACE JEAN PAUL DE ROCCA SERRA,2A247,Porto-Vecchio,11210,2A,2A301,Porto-Vecchio,11210,06-autres communes et unités urbaines,1,298,40,210,5607,1991,181.6,De 5 à 10 000 entrées,,NON,NON,,FIXE,NON,I,102,70,4,68.6,9.6,11.0,10.8,61,56.2,60.8,41.592115,9.276211
4,706850,TICKY HOLGADO,OCCITANIE,389 CHEMIN DE BLAZA,31066,Bessières,4258,31,31123,Bessières,4258,06-autres communes et unités urbaines,1,211,27,191,2470,4532,-45.5,De 2 à 5 000 entrées,,OUI,E,JP,FIXE,NON,I,84,62,0,69.4,15.2,8.7,6.7,43,51.6,51.5,43.795535,1.6077
4,706900,VEO GRAND-CENTRAL,OCCITANIE,Allée du Rouergue,31149,Colomiers,40342,31,00758,Toulouse,1062736,04-Unités urbaines de 100 000 hbts ou plus,5,769,53,8695,211003,188530,11.9,De 200 à 300 000 entrées,,OUI,C,JPPR,FIXE,NON,B,410,268,166,46.7,36.8,14.1,2.4,221,35.6,22.1,43.609645,1.330951
4,707300,LA DOLCE VITA,NOUVELLE AQUITAINE,RUE BERTIN LALANDE,33005,Andernos-les-Bains,12569,33,33305,Andernos-les-Bains,19982,06-autres communes et unités urbaines,4,634,53,5406,177723,169388,4.9,De 150 à 200 000 entrées,,OUI,E,RDJPPR,FIXE,NON,C,296,209,115,56.3,27.6,14.8,1.3,187,39.0,26.4,44.744571,-1.093117
7,707900,ROYAL PIC SAINT LOUP,OCCITANIE,ZAC LES VERRIES,34255,Saint-Gély-du-Fesc,10670,34,34701,Montpellier,472000,04-Unités urbaines de 100 000 hbts ou plus,8,1480,53,13596,332614,303860,9.5,De 300 à 450 000 entrées,MEGARAMA,NON,NON,,FIXE,OUI,B,198,156,150,44.4,39.9,14.8,0.9,42,15.4,9.2,43.682089,3.806546
6,709650,ESPACE LUMIERE,AUVERGNE / RHONE-ALPES,PLACE LANGLADE,42011,Balbigny,2892,42,42104,Balbigny,2892,06-autres communes et unités urbaines,1,258,47,295,8822,7232,22.0,De 5 à 10 000 entrées,,OUI,E,,FIXE,NON,C,178,140,0,77.2,15.6,6.1,1.1,81,40.1,26.1,45.817369,4.183976
6,710250,LE QUAI DES ARTS,AUVERGNE / RHONE-ALPES,LA GARE,42318,Usson-en-Forez,1512,42,00000,Zone rurale,14183345,06-autres communes et unités urbaines,1,145,53,974,15126,13676,10.6,De 10 à 20 000 entrées,,OUI,E,RDJP,FIXE,NON,R,334,294,1,72.4,14.6,11.2,1.9,212,58.1,31.7,45.390497,3.946964
6,715100,CINEVAL,AUVERGNE / RHONE-ALPES,PLACE DU 8 MAI 1945,69255,Vaugneray,6193,69,00760,Lyon,1714833,04-Unités urbaines de 100 000 hbts ou plus,1,196,53,734,33355,31334,6.4,De 30 à 40 000 entrées,,OUI,C,,FIXE,NON,B,256,204,1,62.2,25.5,10.1,2.2,151,48.9,34.6,45.736994,4.657674
4,718200,CINEVILLE,PAYS DE LA LOIRE,RUE FRANCOIS CEVERT,85191,La Roche-sur-Yon,58168,85,85501,La Roche-sur-Yon,58168,05-Unités urbaines de 20 000 à 100 000 hbts,9,2012,53,13733,455733,440798,3.4,De 450 à 700 000 entrées,CINEVILLE,NON,NON,,FIXE,OUI,I,305,189,173,46.7,38.8,12.9,1.5,88,12.1,5.6,46.697805,-1.426619
4,718212,LE CONCORDE,PAYS DE LA LOIRE,1 RUE DU MARECHAL FOCH,85191,La Roche-sur-Yon,58168,85,85501,La Roche-sur-Yon,58168,05-Unités urbaines de 20 000 à 100 000 hbts,4,419,53,6149,111399,,#VALEUR !,De 100 à 150 000 entrées,,OUI,D,RDJPPR,FIXE,NON,I,518,259,203,67.1,14.9,13.1,4.9,448,92.2,86.8,46.671468,-1.427205
2,718750,Kinepolis BRETIGNY,ILE-DE-FRANCE,5 RUE MICHELE MORGAN,91103,Brétigny-sur-Orge,27361,91,00851,Paris,10947378,03-Grande couronne,10,1508,53,16560,479393,491134,-2.4,De 450 à 700 000 entrées,Kinepolis,NON,NON,,FIXE,OUI,B,300,185,178,31.9,50.1,15.9,2.2,44,9.2,4.2,48.57924680000001,2.2996356999999534
3,719400,SALLE ALAIN BASHUNG,BOURGOGNE / FRANCHE-COMTE,PLACE DE LA LIBERTE,89348,Saint-Julien-du-Sault,2273,89,89104,Saint-Julien-du-Sault,2755,06-autres communes et unités urbaines,1,178,47,191,4346,4014,8.3,De 2 à 5 000 entrées,,OUI,E,PR,FIXE,NON,C,121,98,2,70.3,16.4,12.7,0.6,57,43.4,37.8,48.032408,3.296723
6,719456,LE MELIES,AUVERGNE / RHONE-ALPES,28 ALLEE HENRI FRENAY,38185,Grenoble,160483,38,38701,Grenoble,461802,04-Unités urbaines de 100 000 hbts ou plus,3,524,53,5861,183833,172582,6.5,De 150 à 200 000 entrées,,OUI,A,RDJPPR,FIXE,NON,C,282,134,115,65.0,13.2,9.4,12.3,248,99.1,98.6,45.182643,5.723905
7,720000,POLE CULTUREL AUGUSTE ESCOFFIER,PROVENCE-ALPES-COTE D'AZUR,POLE CULTUREL AUGUSTE ESCOFFIER,06161,Villeneuve-Loubet,16588,06,06701,Nice,966577,04-Unités urbaines de 100 000 hbts ou plus,1,450,42,122,8926,8747,2.0,De 5 à 10 000 entrées,,NON,NON,,FIXE,NON,B,114,82,0,61.0,25.2,11.8,2.0,69,59.7,52.4,43.658327,7.12373
7,720150,PATHE CINE LIBERTE,PROVENCE-ALPES-COTE D'AZUR,46 BOULEVARD MARECHAL LECLERC,83137,Toulon,181506,83,00757,Toulon,598427,04-Unités urbaines de 100 000 hbts ou plus,9,1605,53,16840,313312,290604,7.8,De 300 à 450 000 entrées,CINEMAS PATHE,NON,NON,,FIXE,OUI,C,351,239,166,44.2,37.8,16.0,2.0,179,33.3,21.3,43.123515,5.948704
7,720200,MEGA CGR,OCCITANIE,AVENUE PIERRE BEREGOVOY,34336,Villeneuve-lès-Béziers,4153,34,34502,Béziers,95454,05-Unités urbaines de 20 000 à 100 000 hbts,12,1961,53,22928,397057,331528,19.8,De 300 à 450 000 entrées,CGR,NON,NON,,FIXE,OUI,B,299,211,204,39.9,43.1,15.3,1.7,47,9.4,4.2,43.32208,3.271565
7,720250,MAJESTIC PALACE,PROVENCE-ALPES-COTE D'AZUR,ZAC DES PLAINES DE FIGUEROLLES,13056,Martigues,49037,13,00759,Marseille-Aix-en-Provence,1635844,04-Unités urbaines de 100 000 hbts ou plus,11,2092,53,17660,249597,254940,-2.1,De 200 à 300 000 entrées,,NON,NON,,FIXE,OUI,B,245,189,187,34.1,46.8,16.8,2.2,42,10.7,4.9,43.43362,5.050227
7,720261,CINEMA LA CASCADE,PROVENCE-ALPES-COTE D'AZUR,35 COURS DU 4 SEPTEMBRE,13056,Martigues,49037,13,00759,Marseille-Aix-en-Provence,1635844,04-Unités urbaines de 100 000 hbts ou plus,3,319,53,5232,51961,51223,1.4,De 50 à 80 000 entrées,,OUI,C,RDJPPR,FIXE,NON,B,384,214,132,64.6,11.5,15.6,8.3,317,92.4,87.6,43.402696,5.054629
2,720300,UGC Ciné Cité,ILE-DE-FRANCE,CENTRE COMMERCIAL CRETEIL SOLEIL,94028,Créteil,92984,94,00851,Paris,10947378,02-Petite Couronne,18,3710,53,34732,674304,718918,-6.2,De 450 à 700 000 entrées,UGC,NON,NON,,FIXE,OUI,B,552,294,286,32.5,47.5,16.5,3.5,261,28.5,16.3,48.797186,2.469391
6,720350,ETOILE PALACE,AUVERGNE / RHONE-ALPES,LES 4 CHEMINS,03310,Vichy,25680,03,03502,Vichy,67263,05-Unités urbaines de 20 000 à 100 000 hbts,7,1012,53,10978,239453,238662,0.3,De 200 à 300 000 entrées,GRAND ECRAN,OUI,D,JPPR,FIXE,NON,C,431,283,186,49.9,34.3,14.2,1.6,222,27.2,15.6,46.129437,3.429201
2,720400,UGC Ciné Cité SQY OUEST,ILE-DE-FRANCE,1 AV. DE LA SOURCE DE LA BIEVRE,78423,Montigny-le-Bretonneux,32335,78,00851,Paris,10947378,03-Grande couronne,16,3612,53,27177,564086,592746,-4.8,De 450 à 700 000 entrées,UGC,NON,NON,,FIXE,OUI,B,497,254,248,38.1,43.6,15.5,2.8,220,25.4,16.5,48.784168,2.039775
6,720450,MEGARAMA,BOURGOGNE / FRANCHE-COMTE,12 BOULEVARD MOISE FOGLIA,25031,Audincourt,13763,25,00651,Montbéliard,114985,04-Unités urbaines de 100 000 hbts ou plus,10,1880,53,17076,284804,298718,-4.7,De 200 à 300 000 entrées,MEGARAMA,NON,NON,,FIXE,OUI,C,272,199,191,39.5,44.6,14.0,1.9,60,11.4,8.0,47.489082,6.838484
6,720500,CINE FESTIVAL,AUVERGNE / RHONE-ALPES,3 AVENUE DE VERDUN,01004,Ambérieu-en-Bugey,14662,01,01303,Ambérieu-en-Bugey,17721,06-autres communes et unités urbaines,3,595,53,3201,130780,122043,7.2,De 100 à 150 000 entrées,,OUI,E,JP,FIXE,NON,C,176,113,50,38.9,44.8,15.1,1.3,103,14.2,12.9,45.961254,5.356402
9,720551,MA JESTIC - ESPACE DES LUMIERES,BOURGOGNE / FRANCHE-COMTE,16 RUE COURVOISIER,70550,Vesoul,15626,70,70401,Vesoul,29433,05-Unités urbaines de 20 000 à 100 000 hbts,10,1961,53,16217,260903,265805,-1.8,De 200 à 300 000 entrées,,OUI,D,RD,FIXE,OUI,C,567,394,233,48.3,32.0,12.8,6.9,324,28.1,18.2,47.634045,6.139787
4,720600,MEGA CGR CENTRE,NOUVELLE AQUITAINE,ALLEE DE GLAIN,64102,Bayonne,53296,64,00751,Bayonne (partie française),267184,04-Unités urbaines de 100 000 hbts ou plus,7,1096,53,12430,188567,193885,-2.7,De 150 à 200 000 entrées,CGR,NON,NON,,FIXE,NON,C,215,150,133,42.9,40.2,15.2,1.7,36,8.9,5.1,43.485068,-1.471948
3,720650,CINE LUMIERE,CENTRE-VAL DE LOIRE,RUE DE LA SOCIETE FRANCAISE,18279,Vierzon,25542,18,18401,Vierzon,28821,05-Unités urbaines de 20 000 à 100 000 hbts,7,1191,53,11483,107213,101778,5.3,De 100 à 150 000 entrées,,OUI,D,JP,FIXE,NON,C,436,313,195,49.2,34.0,14.4,2.4,252,31.0,18.3,47.22562,2.057905
5,720700,OCINE,HAUTS DE FRANCE,AVENUE DE LA GARE,59392,Maubeuge,29913,59,59601,Maubeuge (partie française),111761,04-Unités urbaines de 100 000 hbts ou plus,9,1744,53,13005,235136,243976,-3.6,De 200 à 300 000 entrées,,OUI,C,JPPR,FIXE,OUI,C,371,259,180,37.5,44.3,15.8,2.3,172,20.0,8.5,50.273088,3.97037
4,720750,CGR MONTAUBAN,OCCITANIE,ZONE DU FUTUROPOLE,82121,Montauban,63158,82,82501,Montauban,82406,05-Unités urbaines de 20 000 à 100 000 hbts,11,2082,53,21550,361278,361043,0.1,De 300 à 450 000 entrées,CGR,NON,NON,,FIXE,OUI,C,282,192,190,38.3,45.3,14.7,1.7,41,8.5,3.8,43.973656,1.38232
6,720800,LES TOILES DU LAC,AUVERGNE / RHONE-ALPES,14 RUE DANIEL ROPS,73008,Aix-les-Bains,31642,73,73601,Chambéry,202124,04-Unités urbaines de 100 000 hbts ou plus,8,1480,53,13199,275561,269653,2.2,De 200 à 300 000 entrées,,NON,NON,,FIXE,OUI,B,246,190,183,45.9,37.8,14.8,1.5,45,10.8,6.6,45.693031,5.895383
8,720850,MEGA CGR,GRAND EST,1 PLACE SCHEURER KESTNER,68066,Colmar,69398,68,68501,Colmar,96945,05-Unités urbaines de 20 000 à 100 000 hbts,12,2366,53,24015,420414,440723,-4.6,De 300 à 450 000 entrées,CGR,OUI,D,JP,FIXE,OUI,C,535,327,281,40.8,40.1,16.3,2.7,248,26.5,14.4,48.081767,7.355074
3,720950,CINEVILLE,PAYS DE LA LOIRE,RUE MARIE CURIE,44190,Saint-Sébastien-sur-Loire,28639,44,44701,Nantes,683510,04-Unités urbaines de 100 000 hbts ou plus,9,1792,53,13450,451282,444626,1.5,De 450 à 700 000 entrées,CINEVILLE,NON,NON,,FIXE,OUI,B,227,142,136,45.7,39.4,13.8,1.1,62,16.8,9.8,47.189868,-1.4869
6,721000,UGC Ciné Cité CONFLUENCE,AUVERGNE / RHONE-ALPES,1 RUE MONTROCHET,69123,Lyon ,528633,69,00760,Lyon,1714833,04-Unités urbaines de 100 000 hbts ou plus,14,3457,53,25250,446953,478235,-6.5,De 300 à 450 000 entrées,UGC,NON,NON,,FIXE,OUI,C,373,177,163,37.1,43.4,17.2,2.3,183,24.7,18.8,45.738623,4.82112
6,721100,AMPHI,AUVERGNE / RHONE-ALPES,1 ALLEE DES BROTTEAUX,01053,Bourg-en-Bresse,43363,01,01501,Bourg-en-Bresse,64032,05-Unités urbaines de 20 000 à 100 000 hbts,9,1938,53,12115,359926,353694,1.8,De 300 à 450 000 entrées,,NON,NON,,FIXE,OUI,C,250,188,171,45.0,39.3,14.2,1.5,81,17.5,9.8,46.209005,5.230481
7,721200,CAPITOLE STUDIO,PROVENCE-ALPES-COTE D'AZUR,AVENUE DE SAINT TRONQUET,84092,Le Pontet,17146,84,00754,Avignon,468293,04-Unités urbaines de 100 000 hbts ou plus,11,2236,53,17789,588151,601635,-2.2,De 450 à 700 000 entrées,CINEWEST,NON,NON,,FIXE,OUI,B,279,202,195,35.0,46.1,16.7,2.2,63,14.3,5.8,43.980769,4.874683
7,721250,CINEMAS LIDO 1,PROVENCE-ALPES-COTE D'AZUR,AVENUE VICTOR HUGO,83118,Saint-Raphaël,36460,83,83502,Fréjus,101231,04-Unités urbaines de 100 000 hbts ou plus,7,1305,53,10560,299307,288259,3.8,De 200 à 300 000 entrées,,NON,NON,,FIXE,NON,B,236,176,163,43.7,39.6,15.4,1.3,66,12.4,7.6,43.42402,6.769447
6,721450,PATHE CHAMBERY LES HALLES,AUVERGNE / RHONE-ALPES,4 RUE DERRIERE LES MURS,73065,Chambéry,60749,73,73601,Chambéry,202124,04-Unités urbaines de 100 000 hbts ou plus,10,1533,53,16451,341909,353730,-3.3,De 300 à 450 000 entrées,CINEMAS PATHE,NON,NON,,FIXE,OUI,C,365,230,173,37.9,44.0,15.8,2.3,125,13.0,7.5,45.566568,5.91835
3,721500,CINEVILLE,BRETAGNE,6 ESPLANADE MARIE DE KERSTRAT,29232,Quimper,65875,29,29501,Quimper,78865,05-Unités urbaines de 20 000 à 100 000 hbts,10,1987,53,15037,373326,370099,0.9,De 300 à 450 000 entrées,CINEVILLE,NON,NON,,FIXE,OUI,C,310,216,207,43.6,39.9,14.6,1.9,80,12.5,8.1,48.00072,-4.109877
4,721602,STUDIO JULES FERRY,NOUVELLE AQUITAINE,12 RUE JULES FERRY,47001,Agen,33046,47,47501,Agen,82191,05-Unités urbaines de 20 000 à 100 000 hbts,2,288,51,2447,55287,57865,-4.5,De 50 à 80 000 entrées,,OUI,D,RDJPPR,FIXE,NON,C,386,211,63,67.1,12.7,14.2,6.0,342,95.1,91.0,44.204672,0.62747
4,721750,CGR ALBI,OCCITANIE,PLACE DE L'AMITIE ENTRE LES PEUP,81004,Albi,50783,81,81502,Albi,75461,05-Unités urbaines de 20 000 à 100 000 hbts,8,1533,53,13496,207839,207153,0.3,De 200 à 300 000 entrées,CGR,NON,NON,,FIXE,OUI,C,226,156,150,43.1,41.4,14.1,1.3,30,8.1,4.8,43.923796,2.144604
4,721850,LE GRAND CLUB,NOUVELLE AQUITAINE,64 BOULEVARD DE LA REPUBLIQUE,40192,Mont-de-Marsan,31366,40,40401,Mont-de-Marsan,41453,05-Unités urbaines de 20 000 à 100 000 hbts,8,1327,53,10135,181483,180444,0.6,De 150 à 200 000 entrées,,OUI,D,JP,FIXE,OUI,C,371,238,195,43.6,37.1,16.9,2.4,179,30.7,16.8,43.887186,-0.501779
7,721900,CGR VITROLLES,PROVENCE-ALPES-COTE D'AZUR,2 RUE GERARD TOULON,13117,Vitrolles,34814,13,00759,Marseille-Aix-en-Provence,1635844,04-Unités urbaines de 100 000 hbts ou plus,12,2446,53,23371,324451,327331,-0.9,De 300 à 450 000 entrées,CGR,NON,NON,,FIXE,OUI,B,323,217,209,32.0,49.8,15.7,2.5,50,8.9,3.8,43.437442,5.25529
4,722000,LA MUSE,OCCITANIE,ROUTE DE LAVAUR,82025,Bressols,3804,82,82501,Montauban,82406,05-Unités urbaines de 20 000 à 100 000 hbts,1,266,50,864,10859,10519,3.2,De 10 à 20 000 entrées,,OUI,D,JPPR,FIXE,NON,B,299,175,4,61.4,22.0,11.7,4.9,234,73.9,65.8,43.961546,1.342434
4,722040,CGR LESCAR,NOUVELLE AQUITAINE,180 BOULEVARD DE L'EUROPE,64335,Lescar,10007,64,64701,Pau,207171,04-Unités urbaines de 100 000 hbts ou plus,9,1575,53,15568,241773,226864,6.6,De 200 à 300 000 entrées,CGR,NON,NON,,FIXE,OUI,B,229,143,135,42.3,42.3,14.1,1.3,34,4.6,2.7,43.319282,-0.433455
3,722080,LA PLEIADE,CENTRE-VAL DE LOIRE,154 RUE DE LA MAIRIE,37195,La Riche,10469,37,37701,Tours,371410,04-Unités urbaines de 100 000 hbts ou plus,1,298,14,26,2057,2048,0.4,De 2 à 5 000 entrées,,NON,NON,,FIXE,NON,B,17,10,0,54.9,28.1,17.0,0.0,12,75.0,73.1,47.38634,0.653023
6,722120,Cinéma LE NAVIRE,AUVERGNE / RHONE-ALPES,13 RUE DU DOCTEUR LOUIS PARGOIRE,07019,Aubenas,13177,07,07402,Aubenas,43584,05-Unités urbaines de 20 000 à 100 000 hbts,6,905,53,6652,160547,156674,2.5,De 150 à 200 000 entrées,,OUI,D,JP,FIXE,NON,C,333,230,129,52.6,29.2,16.3,2.0,212,41.1,32.5,44.618656,4.384301
6,722200,AURECINEMA,AUVERGNE / RHONE-ALPES,PLACE DES HETRES,43012,Aurec-sur-Loire,6249,43,00753,Saint-Étienne,379742,04-Unités urbaines de 100 000 hbts ou plus,1,87,46,549,7391,6143,20.3,De 5 à 10 000 entrées,,NON,NON,,FIXE,NON,B,147,119,1,66.7,19.2,13.0,1.1,63,36.3,29.0,45.370156,4.199354
7,722240,MUCEM,PROVENCE-ALPES-COTE D'AZUR,7 PROMENADE ROBERT LAFFONT,13055,Marseille,876602,13,00759,Marseille-Aix-en-Provence,1635844,04-Unités urbaines de 100 000 hbts ou plus,1,263,8,10,858,875,-1.9,Moins de 2000 entrées,,NON,NON,,FIXE,NON,C,9,0,0,100.0,0.0,0.0,0.0,8,90.0,99.9,43.297725,5.360374
7,722241,PATHE LA JOLIETTE,PROVENCE-ALPES-COTE D'AZUR,54 RUE CHANTERAC,13055,Marseille,876602,13,00759,Marseille-Aix-en-Provence,1635844,04-Unités urbaines de 100 000 hbts ou plus,14,2081,53,21635,514056,605705,-15.1,De 450 à 700 000 entrées,CINEMAS PATHE,NON,NON,,FIXE,OUI,C,332,208,135,23.6,55.7,16.6,4.1,109,12.1,7.8,43.36065,5.330055
4,722720,studio 53,NOUVELLE AQUITAINE,AVENUE DE L'AGORA,24053,Boulazac Isle Manoire,11090,24,24501,Périgueux,67711,05-Unités urbaines de 20 000 à 100 000 hbts,1,118,51,727,17035,15146,12.5,De 10 à 20 000 entrées,,OUI,D,JP,FIXE,NON,B,257,181,2,63.0,21.0,13.4,2.6,132,43.6,38.4,45.182708,0.762663
7,722760,PATHE LA VALETTE,PROVENCE-ALPES-COTE D'AZUR,300 AVENUE DE L'UNIVERSITE,83144,La Valette-du-Var,24377,83,00757,Toulon,598427,04-Unités urbaines de 100 000 hbts ou plus,16,3229,53,29974,"1,028,801","1,112,076",-7.5,"De 1 à 1,5 million d'entrées",CINEMAS PATHE,NON,NON,,FIXE,OUI,B,334,215,205,35.7,45.5,16.6,2.2,77,15.1,8.4,43.137099,6.003711
7,723120,CINEMA GALAXY,CORSE,MULINACCIU,2A139,Lecci,1920,2A,00000,Zone rurale,14183345,06-autres communes et unités urbaines,4,619,53,7515,122158,132809,-8.0,De 100 à 150 000 entrées,,OUI,E,RDJPPR,FIXE,NON,R,402,263,130,47.2,35.9,15.1,1.7,209,30.4,20.7,41.672626,9.302129
6,723200,Cinéma Le Clap,BOURGOGNE / FRANCHE-COMTE,LE BOURG,58205,Ouroux-en-Morvan,608,58,00000,Zone rurale,14183345,06-autres communes et unités urbaines,1,64,52,363,4634,3546,30.7,De 2 à 5 000 entrées,,OUI,E,,FIXE,NON,R,163,138,3,67.1,18.7,10.6,3.5,107,59.1,51.0,44.665847,1.193196
6,723240,Cinéma STUDIO,AUVERGNE / RHONE-ALPES,ZAC CHABLAIS GARE,74012,Annemasse,37859,74,00653,Genève (SUI)-Annemasse (partie française),197599,04-Unités urbaines de 100 000 hbts ou plus,6,894,53,8055,109761,112024,-2.0,De 100 à 150 000 entrées,,NON,NON,,FIXE,NON,C,175,152,122,34.1,47.6,16.9,1.5,50,21.9,10.1,46.197254,6.238208
7,723440,CINEPLANET,PROVENCE-ALPES-COTE D'AZUR,Place Morgan,13103,Salon-de-Provence,45595,13,13501,Salon-de-Provence,62587,05-Unités urbaines de 20 000 à 100 000 hbts,9,1073,53,13905,280319,271016,3.4,De 200 à 300 000 entrées,,OUI,D,JP,FIXE,OUI,C,495,306,246,40.2,40.8,16.5,2.4,252,25.7,14.7,43.638856,5.094533
4,723480,Kinepolis FENOUILLET,OCCITANIE,15 RUE DES USINES,31182,Fenouillet,5509,31,00758,Toulouse,1062736,04-Unités urbaines de 100 000 hbts ou plus,8,1159,53,12155,225972,223223,1.2,De 200 à 300 000 entrées,Kinepolis,NON,NON,,FIXE,OUI,B,239,139,129,32.7,50.3,15.7,1.3,26,5.4,2.6,43.690447,1.403453
7,723560,LA BALEINE,PROVENCE-ALPES-COTE D'AZUR,59 Cours Julien,13055,Marseille,876602,13,00759,Marseille-Aix-en-Provence,1635844,04-Unités urbaines de 100 000 hbts ou plus,1,89,50,1325,26284,23171,13.4,De 20 à 30 000 entrées,,OUI,A,RDJPPR,FIXE,NON,C,210,95,47,52.7,14.2,19.5,13.7,182,97.1,94.4,43.2936968,5.383868200000052
2,723600,MEGARAMA,ILE-DE-FRANCE,82 BOULEVARD VICTOR BORDIER,95424,Montigny-lès-Cormeilles,22305,95,00851,Paris,10947378,03-Grande couronne,8,1861,53,14056,449243,470466,-4.5,De 300 à 450 000 entrées,MEGARAMA,NON,NON,,FIXE,OUI,B,217,157,152,27.0,54.9,15.9,2.2,28,8.4,4.3,48.994228,2.194982
2,723680,CGR MY PLACE SARCELLES,ILE-DE-FRANCE,2 ALLEE HENRI DUNANT,95585,Sarcelles,58715,95,00851,Paris,10947378,03-Grande couronne,10,1817,53,20565,334434,358005,-6.6,De 300 à 450 000 entrées,CGR,NON,NON,,FIXE,OUI,B,301,188,179,22.5,56.0,13.6,8.0,41,7.8,4.0,48.984111,2.372423
2,723760,PATHE,ILE-DE-FRANCE,21 PLACE DU GRAND OUEST,91377,Massy,50844,91,00851,Paris,10947378,03-Grande couronne,9,1894,53,18760,439180,481657,-8.8,De 300 à 450 000 entrées,CINEMAS PATHE,NON,NON,,FIXE,OUI,B,362,246,189,28.6,51.5,16.9,3.0,120,15.6,8.4,48.724173,2.262676
6,723800,CGR VILLEFRANCHE SUR SAONE,AUVERGNE / RHONE-ALPES,193 RUE DE LA QUARANTAINE,69264,Villefranche-sur-Saône,36419,69,00760,Lyon,1714833,04-Unités urbaines de 100 000 hbts ou plus,10,1745,53,19478,370551,356971,3.8,De 300 à 450 000 entrées,CGR,NON,NON,,FIXE,OUI,B,275,172,168,40.2,44.5,13.9,1.5,39,6.3,3.0,45.989161,4.724226
3,723840,LA PARENTHESE,CENTRE-VAL DE LOIRE,46 RUE DESLANDES,37018,Ballan-Miré,8225,37,37701,Tours,371410,04-Unités urbaines de 100 000 hbts ou plus,1,166,24,54,4042,3987,1.4,De 2 à 5 000 entrées,,NON,NON,,FIXE,NON,B,18,7,0,55.5,24.8,19.6,0.0,9,51.6,54.8,47.345608,0.608054
7,723880,CINEUM CANNES,PROVENCE-ALPES-COTE D'AZUR,212 AVENUE FRANCIS TONNER,06029,Cannes,73159,06,06701,Nice,966577,04-Unités urbaines de 100 000 hbts ou plus,11,2211,53,17961,453810,452578,0.3,De 450 à 700 000 entrées,,NON,NON,,FIXE,OUI,B,346,226,208,33.8,46.8,17.1,2.3,118,15.7,8.5,43.55039,6.959846
7,723920,ARTPLEXE,PROVENCE-ALPES-COTE D'AZUR,SQUARE LEON BLUM,13055,Marseille,876602,13,00759,Marseille-Aix-en-Provence,1635844,04-Unités urbaines de 100 000 hbts ou plus,7,999,53,11745,174980,139689,25.3,De 150 à 200 000 entrées,,NON,NON,,FIXE,NON,C,316,155,120,37.4,38.1,19.0,5.5,158,30.9,28.8,43.298607,5.383105
7,723960,CGR MANOSQUE,PROVENCE-ALPES-COTE D'AZUR,2 ESPACE SOUBEYRAN,04112,Manosque,23689,04,04401,Manosque,32595,05-Unités urbaines de 20 000 à 100 000 hbts,8,1214,53,13716,172446,173949,-0.9,De 150 à 200 000 entrées,CGR,OUI,D,JP,FIXE,OUI,C,360,221,163,40.8,41.5,16.0,1.8,171,22.4,13.8,43.836195,5.779884
2,724000,MEGARAMA PINCE-VENT,ILE-DE-FRANCE,CENTRE COMMERCIAL PINCE VENT 85 ROUTE DE PROVINS,94019,Chennevières-sur-Marne,18115,94,00851,Paris,10947378,02-Petite Couronne,8,1606,53,13472,193321,181231,6.7,De 150 à 200 000 entrées,MEGARAMA,NON,NON,,FIXE,OUI,B,258,187,175,35.1,48.1,15.0,1.7,64,14.3,7.4,48.7946166,2.5525718999999754
3,724048,PATHE TOURS,CENTRE-VAL DE LOIRE,141 RUE DU COLOMBIER,37261,Tours,140474,37,37701,Tours,371410,04-Unités urbaines de 100 000 hbts ou plus,9,1821,53,14701,215994,217429,-0.7,De 200 à 300 000 entrées,CINEMAS PATHE,NON,NON,,FIXE,OUI,C,294,176,128,36.4,45.5,15.5,2.5,92,9.3,6.0,47.416279,0.702126
3,724080,EMERAUDE CINEMAS,BRETAGNE,RUE DES VILLES BILLY,35241,La Richardais,2564,35,00462,Dinard,35626,05-Unités urbaines de 20 000 à 100 000 hbts,7,934,53,7536,170015,161983,5.0,De 150 à 200 000 entrées,,NON,NON,,FIXE,NON,B,235,174,139,55.5,29.6,14.0,0.9,65,15.5,14.3,48.612354,-2.049568
2,724120,UGC Ciné Cité VELIZY,ILE-DE-FRANCE,2 AVENUE DE L'EUROPE,78640,Vélizy-Villacoublay,23020,78,00851,Paris,10947378,03-Grande couronne,18,3801,53,32172,936428,933616,0.3,De 700 000 à 1 million d'entrées,UGC,NON,NON,,FIXE,OUI,B,566,303,299,36.8,43.5,16.3,3.4,279,30.5,17.8,48.781030,2.189542
4,724160,L'ASTRO'LAB,OCCITANIE,ESPLANADE ABBE PIERRE - BP 9,31248,Labarthe-sur-Lèze,6479,31,00758,Toulouse,1062736,04-Unités urbaines de 100 000 hbts ou plus,2,277,53,1646,21096,3413,518.1,De 20 à 30 000 entrées,,NON,NON,,FIXE,NON,B,243,194,16,57.6,25.5,14.0,2.9,137,34.7,27.3,46.212172,4.719323
6,724280,CINEMA DE VAUJANY,AUVERGNE / RHONE-ALPES,PLACE DU TÉLÉPHÉRIQUE,38527,Vaujany,350,38,00000,Zone rurale,14183345,06-autres communes et unités urbaines,1,130,53,250,3018,3120,-3.3,De 2 à 5 000 entrées,,NON,NON,,FIXE,NON,R,146,126,23,62.0,26.2,11.2,0.7,50,25.3,15.0,45.164059,6.089026
2,724320,UGC Ciné Cité PARLY,ILE-DE-FRANCE,2 AVENUE CHARLES DE GAULLE,78158,Le Chesnay,31707,78,00851,Paris,10947378,03-Grande couronne,12,2199,53,17279,558755,523838,6.7,De 450 à 700 000 entrées,UGC,NON,NON,,FIXE,OUI,B,411,183,178,48.6,33.8,15.6,2.0,199,33.0,25.6,48.827796,2.116072
3,724360,UTOPIA,GRAND EST,Cinémas UTOPIA Parc du Moulinet Voie aux Vaches,10297,Pont-Sainte-Marie,5237,10,10601,Troyes,141960,04-Unités urbaines de 100 000 hbts ou plus,4,299,53,5050,70127,55675,26.0,De 50 à 80 000 entrées,,OUI,C,,FIXE,NON,B,251,166,63,70.8,9.4,12.4,7.4,229,91.6,86.5,48.317134,4.105569
2,724440,Kinepolis SERVON,ILE-DE-FRANCE,ZAC DE NOYER AUX PERDRIX,77450,SERVON,3359,77,00851,Paris,10947378,03-Grande couronne,9,1209,53,13849,235679,215391,9.4,De 200 à 300 000 entrées,Kinepolis,NON,NON,,FIXE,OUI,B,268,170,159,34.1,49.1,15.2,1.7,40,8.8,4.2,48.718766,2.589559
4,724520,LE GRAND PALAIS,OCCITANIE,PLACE BESSIERES,46042,Cahors,21081,46,46401,Cahors,25571,05-Unités urbaines de 20 000 à 100 000 hbts,7,1051,53,9708,187425,176309,6.3,De 150 à 200 000 entrées,,OUI,D,RDJPPR,FIXE,NON,C,480,332,254,52.2,30.4,14.6,2.8,289,43.9,27.7,44.456197,1.450773
3,724600,CINEVILLE,BRETAGNE,3 RUE CHARLES VANEL,35352,Vern-sur-Seiche,8442,35,35219,Vern-sur-Seiche,8442,06-autres communes et unités urbaines,6,1247,53,9446,284884,251710,13.2,De 200 à 300 000 entrées,CINEVILLE,NON,NON,,FIXE,NON,I,189,117,94,42.1,43.4,12.9,1.6,39,5.3,3.0,48.065518,-1.626459
6,724640,LE BORDEAU,AUVERGNE / RHONE-ALPES,18 RUE DE GENEVE,01354,Saint-Genis-Pouilly,14463,01,00653,Genève (SUI)-Annemasse (partie française),197599,04-Unités urbaines de 100 000 hbts ou plus,1,248,43,297,10322,8882,16.2,De 10 à 20 000 entrées,,OUI,C,,FIXE,NON,B,221,160,2,47.8,23.6,20.8,7.7,142,61.7,62.9,46.242665,6.021223
4,724680,LE GRAND LUX,PAYS DE LA LOIRE,5 RUE DE LA FERME,85109,Les Herbiers,16801,85,85301,Les Herbiers,16801,06-autres communes et unités urbaines,5,771,53,7090,238849,218336,9.4,De 200 à 300 000 entrées,,OUI,E,JP,FIXE,NON,I,328,249,136,60.4,27.7,10.8,1.1,171,26.2,13.5,46.879542,-1.017191
4,724760,ECRAN 7,OCCITANIE,AVENUE DU CHÂTEAU D'EAU,31526,La Salvetat-Saint-Gilles,8694,31,00758,Toulouse,1062736,04-Unités urbaines de 100 000 hbts ou plus,1,182,40,95,2374,2825,-16.0,De 2 à 5 000 entrées,,NON,NON,,FIXE,NON,B,48,31,0,49.9,12.7,33.0,4.4,20,42.4,54.2,43.578553,1.262865
4,724800,GALAXY,NOUVELLE AQUITAINE,1 RUE DE LA BELLE ALLEE,16089,Châteaubernard,3831,16,16401,Cognac,27004,05-Unités urbaines de 20 000 à 100 000 hbts,6,1076,53,8730,206630,196868,5.0,De 200 à 300 000 entrées,CINEWEST,NON,NON,,FIXE,NON,B,214,152,107,48.2,37.3,13.6,0.9,58,11.4,7.0,45.689861,-0.306038
4,724840,SALLE DE PROJECTION SPECTACLE DU GRENIER DE MONSIEUR,OCCITANIE,RUE DU GRENIER,12307,Curan,308,12,00000,Zone rurale,14183345,06-autres communes et unités urbaines,1,98,52,266,4858,3872,25.5,De 2 à 5 000 entrées,,NON,NON,,FIXE,NON,R,82,67,0,72.8,13.1,10.1,4.0,30,31.2,26.6,44.182478,2.786721
3,724880,VOX INITERANT,CENTRE-VAL DE LOIRE,SALLE POLYVALENTE ROUTE DE MELLEROY,45329,Triguères,1306,45,00000,Zone rurale,14183345,06-autres communes et unités urbaines,1,,44,196,4142,4397,-5.8,De 2 à 5 000 entrées,,NON,NON,,ITINERANT,NON,R,94,71,0,82.9,9.6,5.6,1.9,31,28.4,23.8,47.929629,2.984614
2,724920,STARS - PREMIERE CINEMAS,ILE-DE-FRANCE,13 AVENUE CHARLES DE GAULLE,91021,Arpajon,11266,91,00851,Paris,10947378,03-Grande couronne,5,527,53,5243,74105,65375,13.4,De 50 à 80 000 entrées,,OUI,C,,FIXE,NON,B,314,186,105,44.1,38.1,15.1,2.8,185,26.4,20.6,48.590692,2.250123
8,724960,Kinepolis WAVES,GRAND EST,Chemin de Pie Grièche Cc Waves - Actisud,57487,Moulins-lès-Metz,5079,57,57701,Metz,294959,04-Unités urbaines de 100 000 hbts ou plus,6,882,53,9190,182753,186698,-2.1,De 150 à 200 000 entrées,Kinepolis,NON,NON,,FIXE,NON,B,120,74,70,35.1,46.9,17.0,1.0,10,1.8,1.5,49.103472,6.103766
6,725000,ESPACE CULTUREL DE POISY,AUVERGNE / RHONE-ALPES,180 ROUTE PARC ESPACES,74213,Poisy,8886,74,74601,Annecy,187946,04-Unités urbaines de 100 000 hbts ou plus,1,452,45,55,4758,3401,39.9,De 2 à 5 000 entrées,,NON,NON,,FIXE,NON,B,52,44,0,66.6,15.4,17.5,0.5,27,51.9,37.4,45.926109,6.070757
6,725040,UGC Ciné Cité PART-DIEU,AUVERGNE / RHONE-ALPES,Centre Commercial La Part-Dieu 133 rue Servient,69123,Lyon,528633,69,00760,Lyon,1714833,04-Unités urbaines de 100 000 hbts ou plus,18,3105,53,33722,897397,852702,5.2,De 700 000 à 1 million d'entrées,UGC,NON,NON,,FIXE,OUI,C,442,207,201,33.4,45.7,18.0,2.9,196,25.0,19.6,45.761001,4.854442
4,725080,UGC Ciné Cité BASSINS A FLOT,NOUVELLE AQUITAINE,6 quai Virginie Hériot Bassins à Flot N°2,33063,Bordeaux,263247,33,33701,Bordeaux,1008323,04-Unités urbaines de 100 000 hbts ou plus,13,2394,53,21951,222232,217467,2.2,De 200 à 300 000 entrées,UGC,NON,NON,,FIXE,OUI,C,387,169,164,35.0,44.7,16.7,3.6,135,11.2,9.0,44.866428,-0.561068
7,725120,MEGARAMA,PROVENCE-ALPES-COTE D'AZUR,Angle Avenue François Mitterrand et Rue de Roquebillière,06088,Nice,346376,06,06701,Nice,966577,04-Unités urbaines de 100 000 hbts ou plus,10,1515,53,17140,243852,230976,5.6,De 200 à 300 000 entrées,MEGARAMA,NON,NON,,FIXE,OUI,C,334,216,201,31.4,49.4,15.7,3.4,71,12.3,8.2,43.709927,7.288104
2,725200,LA TOILE FILANTE CIRCUIT ITINERANT ROISSY PAYS DE FRANCE,ILE-DE-FRANCE,CENTRE CULTUREL DE L'ORANGERIE,95527,Roissy-en-France,2817,95,00851,Paris,10947378,03-Grande couronne,1,,31,113,9223,8740,5.5,De 5 à 10 000 entrées,,NON,NON,,ITINERANT,NON,B,40,2,0,32.5,34.0,3.8,29.6,33,91.0,90.3,49.00436,2.515858
4,725240,SALLE DE PROJECTION ESPACE MARCEL CALMELS,OCCITANIE,3 RUE DU CHÂTEAU,12244,Saint-Rome-de-Tarn,899,12,00000,Zone rurale,14183345,06-autres communes et unités urbaines,1,82,50,99,1485,1623,-8.5,Moins de 2000 entrées,,NON,NON,,FIXE,NON,R,61,50,0,82.2,7.3,5.8,4.7,25,40.0,34.0,44.048264,2.89819
6,725280,MEGARAMA,AUVERGNE / RHONE-ALPES,9 RUE TREMBLAY,74010,Annecy,134942,74,74601,Annecy,187946,04-Unités urbaines de 100 000 hbts ou plus,9,1380,53,14471,265778,201697,31.8,De 200 à 300 000 entrées,MEGARAMA,NON,NON,,FIXE,OUI,C,251,185,172,38.5,44.8,14.6,2.1,44,11.9,6.6,45.874847,6.086817
7,725360,PAYS DE FAYENCE,PROVENCE-ALPES-COTE D'AZUR,SALLE ANDRE BAGUR,83117,Saint-Paul-en-Forêt,1813,83,00000,Zone rurale,14183345,06-autres communes et unités urbaines,1,,28,108,2011,1190,69.0,De 2 à 5 000 entrées,,NON,NON,,ITINERANT,NON,R,73,64,1,51.1,17.6,30.5,0.7,36,51.4,64.7,43.570504,6.696977
7,725480,CINEMEDITERRANEE,PROVENCE-ALPES-COTE D'AZUR,Salle des Fêtes,83127,Signes,3038,83,83111,Signes,3038,06-autres communes et unités urbaines,1,,52,341,9571,1332,618.5,De 5 à 10 000 entrées,,NON,NON,,ITINERANT,NON,I,168,120,2,61.4,21.9,14.9,1.8,94,42.2,37.9,47.765783,-0.325149
8,725520,CINEVALLEE,GRAND EST,24 A RUE DE SCHIRMECK,67448,Schirmeck,2180,67,67304,La Broque,13246,06-autres communes et unités urbaines,1,,5,6,251,,#VALEUR !,Moins de 2000 entrées,,NON,NON,,ITINERANT,NON,C,4,4,0,25.5,0.0,74.5,0.0,1,50.0,62.9,48.483797,7.22599
3,725560,PATHE CAPUCINS,BRETAGNE,25 RUE DE PONTANIOU,29019,Brest,142110,29,29701,Brest,207101,04-Unités urbaines de 100 000 hbts ou plus,5,565,53,8300,122094,102133,19.5,De 100 à 150 000 entrées,CINEMAS PATHE,NON,NON,,FIXE,NON,C,157,88,63,36.8,45.1,17.2,1.0,39,8.5,4.6,48.39039400,-4.48607600
7,725600,U SAMPIERU PLEIN AIR,CORSE,URINICCIU VICO COGGIA,2A090,Coggia,736,2A,00000,Zone rurale,14183345,06-autres communes et unités urbaines,1,299,17,43,2349,1210,94.1,De 2 à 5 000 entrées,,NON,NON,,FIXE,NON,R,33,21,8,55.8,39.5,4.1,0.6,14,34.9,24.1,49.000815,2.110123
6,725680,LE SCENARIO,AUVERGNE / RHONE-ALPES,PLACE CHARLES OTTINA,69290,Saint-Priest,48612,69,00760,Lyon,1714833,04-Unités urbaines de 100 000 hbts ou plus,4,726,53,5975,99902,14324,597.4,De 80 à 100 000 entrées,,OUI,C,JPPR,FIXE,NON,B,350,227,110,42.1,41.6,14.0,2.3,199,28.8,18.7,45.69893800,4.94707100
3,725720,CINEMA GRAND ECRAN LA CHAPELLE SUR ERDRE,PAYS DE LA LOIRE,Avenue des Perrieres,44035,Chapelle-sur-Erdre,20420,44,44701,Nantes,683510,04-Unités urbaines de 100 000 hbts ou plus,6,927,7,1233,33725,,#VALEUR !,De 30 à 40 000 entrées,GRAND ECRAN,NON,NON,,FIXE,NON,B,46,43,22,44.6,32.0,23.4,0.0,20,32.6,26.4,47.309437,-1.549323
7,725760,LES BALCONS DE MOUGINS MY CINEWEST,PROVENCE-ALPES-COTE D'AZUR,600 AVENUE DE TOURNAMY,06085,Mougins,20626,06,06701,Nice,966577,04-Unités urbaines de 100 000 hbts ou plus,3,293,36,2974,37546,,#VALEUR !,De 30 à 40 000 entrées,CINEWEST,NON,NON,,FIXE,NON,B,92,75,57,41.0,42.8,14.7,1.5,16,14.1,6.6,43.60233190,7.00649100
4,725840,LUXOR VALLEES,NOUVELLE AQUITAINE,4 AVENUE CHARLES ET HENRI MOUREU,64040,Arette,1104,64,00000,Zone rurale,14183345,06-autres communes et unités urbaines,1,,3,4,146,,#VALEUR !,Moins de 2000 entrées,,NON,NON,,ITINERANT,NON,R,3,3,0,55.5,44.5,0.0,0.0,0,0.0,0.0,43.192339,-0.613461
